reviews,overall_satisfaction,has_satisfaction,has_reviews,accommodates,bathrooms,bedrooms,address_length,room_type,log_price,price_capped
21,5.0,1,1,8,2.5,4.0,26,Entire home/apt,5.525452939131784,250.0
1,5.0,0,1,4,1.0,2.0,26,Entire home/apt,4.61512051684126,100.0
63,4.5,1,1,2,1.0,1.0,26,Private room,4.418840607796598,82.0
462,5.0,1,1,2,1.0,0.0,26,Entire home/apt,3.912023005428146,49.0
134,4.5,1,1,2,1.0,1.0,26,Entire home/apt,4.51085950651685,90.0
130,4.5,1,1,2,3.0,1.0,26,Private room,4.189654742026425,65.0
401,5.0,1,1,2,1.0,1.0,26,Private room,4.3694478524670215,78.0
35,5.0,1,1,4,1.0,2.0,26,Entire home/apt,5.111987788356544,165.0
36,5.0,1,1,3,1.0,2.0,26,Entire home/apt,4.564348191467836,95.0
76,4.5,1,1,4,1.0,1.0,26,Entire home/apt,4.7535901911063645,115.0
57,5.0,1,1,4,1.0,2.0,26,Entire home/apt,4.912654885736052,135.0
36,4.5,1,1,1,1.5,0.0,26,Private room,3.9318256327243257,50.0
94,4.5,1,1,2,1.0,1.0,26,Private room,3.737669618283368,41.0
20,5.0,1,1,4,1.0,1.0,26,Private room,4.700480365792417,109.0
80,5.0,1,1,8,2.0,3.0,26,Entire home/apt,5.525452939131784,250.0
125,4.5,1,1,2,1.5,1.0,26,Private room,3.6375861597263857,37.0
70,4.5,1,1,6,1.5,3.0,26,Private room,3.9318256327243257,50.0
17,4.5,1,1,1,1.0,1.0,26,Private room,4.61512051684126,100.0
89,5.0,1,1,2,1.0,0.0,26,Entire home/apt,4.290459441148391,72.0
78,4.5,1,1,2,1.0,1.0,27,Entire home/apt,4.110873864173311,60.0
76,5.0,1,1,4,1.0,1.0,26,Entire home/apt,4.948759890378168,140.0
119,4.5,1,1,6,1.0,2.0,26,Entire home/apt,4.605170185988092,99.0
489,5.0,1,1,2,1.0,1.0,26,Entire home/apt,4.0943445622221,59.0
272,5.0,1,1,2,1.0,1.0,26,Private room,3.828641396489095,45.0
98,5.0,1,1,5,1.0,1.0,26,Entire home/apt,4.356708826689592,77.0
19,4.0,1,1,10,2.0,3.0,26,Entire home/apt,5.198497031265826,180.0
17,5.0,1,1,2,1.0,1.0,27,Private room,4.330733340286331,75.0
79,4.5,1,1,6,1.0,2.0,26,Entire home/apt,5.093750200806762,162.0
687,5.0,1,1,4,1.0,1.0,26,Entire home/apt,4.262679877041316,70.0
143,5.0,1,1,4,1.0,2.0,26,Entire home/apt,5.598421958998375,269.0
59,4.5,1,1,5,1.0,2.0,26,Entire home/apt,5.111987788356544,165.0
85,4.0,1,1,3,1.0,1.0,26,Entire home/apt,4.330733340286331,75.0
3,4.0,1,1,2,1.0,1.0,26,Entire home/apt,4.454347296253507,85.0
55,5.0,1,1,2,1.0,1.0,27,Entire home/apt,4.836281906951478,125.0
93,5.0,1,1,8,2.5,3.0,26,Entire home/apt,5.69035945432406,295.0
28,5.0,1,1,4,1.0,1.0,26,Entire home/apt,4.564348191467836,95.0
228,4.5,1,1,2,1.0,1.0,26,Private room,3.80666248977032,44.0
43,4.5,1,1,1,1.0,1.0,26,Private room,4.110873864173311,60.0
39,5.0,1,1,2,1.0,1.0,26,Entire home/apt,4.709530201312334,110.0
6,4.5,1,1,1,1.0,1.0,27,Private room,4.330733340286331,75.0
29,4.5,1,1,1,1.0,1.0,26,Private room,3.713572066704308,40.0
217,4.5,1,1,4,1.0,2.0,26,Entire home/apt,4.143134726391533,62.0
213,5.0,1,1,2,1.0,1.0,26,Entire home/apt,4.382026634673881,79.0
25,5.0,1,1,1,1.0,1.0,26,Private room,3.9318256327243257,50.0
24,4.5,1,1,1,1.0,1.0,26,Private room,3.713572066704308,40.0
178,5.0,1,1,2,1.0,1.0,26,Private room,4.262679877041316,70.0
5,4.5,1,1,2,1.0,1.0,26,Private room,4.61512051684126,100.0
10,5.0,1,1,2,1.0,1.0,26,Private room,4.02535169073515,55.0
7,4.5,1,1,1,1.5,1.0,26,Private room,3.4339872044851463,30.0
14,5.0,1,1,1,1.5,1.0,26,Private room,3.5263605246161616,33.0
7,4.0,1,1,1,1.5,1.0,26,Private room,3.5263605246161616,33.0
4,5.0,1,1,1,2.0,1.0,26,Private room,3.58351893845611,35.0
10,4.5,1,1,1,1.5,1.0,26,Private room,3.5263605246161616,33.0
76,5.0,1,1,2,1.0,1.0,27,Private room,4.02535169073515,55.0
63,4.5,1,1,2,1.0,1.0,26,Private room,4.189654742026425,65.0
17,4.5,1,1,4,1.0,1.0,26,Entire home/apt,5.303304908059076,200.0
19,4.5,1,1,6,1.0,2.0,26,Entire home/apt,5.303304908059076,200.0
114,5.0,1,1,3,1.0,1.0,26,Entire home/apt,4.330733340286331,75.0
219,5.0,1,1,2,1.0,1.0,26,Entire home/apt,4.795790545596741,120.0
57,5.0,1,1,2,1.0,1.0,26,Entire home/apt,4.7535901911063645,115.0
38,5.0,1,1,2,1.0,1.0,26,Entire home/apt,4.912654885736052,135.0
126,5.0,1,1,2,1.0,1.0,26,Private room,4.61512051684126,100.0
350,5.0,1,1,3,1.0,1.0,26,Entire home/apt,4.382026634673881,79.0
88,5.0,1,1,4,1.0,1.0,26,Entire home/apt,4.174387269895637,64.0
244,5.0,1,1,6,1.0,2.0,26,Entire home/apt,4.51085950651685,90.0
152,5.0,1,1,4,1.0,1.0,26,Entire home/apt,4.51085950651685,90.0
56,5.0,1,1,2,1.0,1.0,26,Private room,4.454347296253507,85.0
140,5.0,1,1,2,1.0,1.0,26,Private room,4.330733340286331,75.0
347,4.5,1,1,2,1.0,1.0,26,Private room,4.418840607796598,82.0
338,5.0,1,1,3,1.0,1.0,26,Entire home/apt,4.02535169073515,55.0
13,5.0,1,1,5,1.5,2.0,26,Entire home/apt,4.836281906951478,125.0
2,5.0,0,1,10,4.5,3.0,32,Entire home/apt,6.2166061010848646,500.0
412,5.0,1,1,2,1.0,1.0,26,Private room,4.02535169073515,55.0
9,5.0,1,1,1,1.0,1.0,26,Private room,4.795790545596741,120.0
201,5.0,1,1,7,2.5,3.0,26,Entire home/apt,5.19295685089021,179.0
84,5.0,1,1,2,1.0,1.0,26,Private room,4.262679877041316,70.0
274,5.0,1,1,2,1.0,1.0,26,Private room,3.9318256327243257,50.0
36,5.0,1,1,3,1.0,1.0,26,Private room,4.454347296253507,85.0
279,5.0,1,1,2,1.0,1.0,26,Entire home/apt,4.454347296253507,85.0
254,5.0,1,1,2,1.0,0.0,26,Entire home/apt,4.0943445622221,59.0
111,4.5,1,1,2,1.0,1.0,26,Private room,4.454347296253507,85.0
152,4.5,1,1,2,1.0,1.0,26,Entire home/apt,4.290459441148391,72.0
2,5.0,0,1,12,2.5,4.0,27,Entire home/apt,5.525452939131784,250.0
164,4.5,1,1,5,1.0,1.0,26,Entire home/apt,4.499809670330265,89.0
139,5.0,1,1,2,1.0,1.0,26,Entire home/apt,4.663439094112067,105.0
22,4.5,1,1,6,1.0,3.0,26,Entire home/apt,5.420534999272286,225.0
67,5.0,1,1,2,4.0,1.0,26,Private room,4.007333185232471,54.0
338,5.0,1,1,2,1.0,1.0,26,Entire home/apt,4.442651256490317,84.0
132,5.0,1,1,7,2.0,2.0,26,Entire home/apt,5.075173815233827,159.0
131,5.0,1,1,3,1.0,1.0,26,Private room,4.51085950651685,90.0
76,4.5,1,1,6,1.5,3.0,26,Entire home/apt,5.62040086571715,275.0
30,5.0,1,1,2,1.0,1.0,26,Private room,4.330733340286331,75.0
88,4.5,1,1,4,1.0,1.0,26,Entire home/apt,4.787491742782046,119.0
83,5.0,1,1,5,1.0,2.0,26,Private room,4.51085950651685,90.0
81,4.5,1,1,6,1.0,2.0,26,Entire home/apt,5.017279836814924,150.0
167,5.0,1,1,2,1.0,1.0,26,Private room,3.610917912644224,36.0
132,5.0,1,1,2,3.0,1.0,26,Private room,3.828641396489095,45.0
210,5.0,1,1,3,1.0,1.0,26,Entire home/apt,4.454347296253507,85.0
1,5.0,0,1,9,2.0,2.0,26,Entire home/apt,5.017279836814924,150.0
142,5.0,1,1,2,1.0,1.0,26,Private room,4.007333185232471,54.0
1,5.0,0,1,2,1.0,1.0,26,Private room,4.110873864173311,60.0
82,5.0,1,1,5,1.0,3.0,26,Entire home/apt,4.605170185988092,99.0
285,4.5,1,1,4,1.0,1.0,26,Entire home/apt,5.170483995038151,175.0
208,5.0,1,1,4,1.0,2.0,26,Entire home/apt,4.3694478524670215,78.0
178,5.0,1,1,2,2.0,1.0,27,Entire home/apt,5.081404364984463,160.0
148,5.0,1,1,2,1.0,1.0,26,Entire home/apt,4.454347296253507,85.0
45,5.0,1,1,2,1.0,1.0,26,Entire home/apt,4.564348191467836,95.0
30,5.0,1,1,4,1.0,2.0,26,Entire home/apt,5.017279836814924,150.0
47,4.5,1,1,7,1.0,2.0,26,Entire home/apt,4.477336814478207,87.0
65,5.0,1,1,6,1.0,2.0,26,Entire home/apt,5.231108616854587,186.0
101,5.0,1,1,4,1.0,1.0,26,Entire home/apt,4.867534450455582,129.0
68,4.5,1,1,6,2.0,3.0,26,Entire home/apt,5.634789603169249,279.0
147,5.0,1,1,6,2.5,2.0,26,Entire home/apt,4.61512051684126,100.0
52,5.0,1,1,2,1.0,1.0,26,Private room,4.605170185988092,99.0
89,5.0,1,1,2,1.0,1.0,26,Entire home/apt,4.948759890378168,140.0
157,5.0,1,1,6,1.0,2.0,26,Entire home/apt,5.049856007249537,155.0
81,4.5,1,1,6,2.0,2.0,26,Entire home/apt,5.123963979403259,167.0
44,5.0,1,1,4,1.0,1.0,26,Entire home/apt,4.8283137373023015,124.0
8,5.0,1,1,2,1.0,2.0,26,Entire home/apt,4.653960350157523,104.0
147,5.0,1,1,7,2.0,2.0,26,Entire home/apt,4.795790545596741,120.0
122,5.0,1,1,2,1.5,1.0,26,Entire home/apt,4.875197323201151,130.0
116,4.5,1,1,4,1.0,1.0,26,Entire home/apt,5.3981627015177525,220.0
183,5.0,1,1,4,1.0,1.0,26,Entire home/apt,4.51085950651685,90.0
0,5.0,0,0,2,1.0,1.0,26,Entire home/apt,5.278114659230517,195.0
49,5.0,1,1,4,1.0,2.0,26,Entire home/apt,5.017279836814924,150.0
46,5.0,1,1,4,1.0,1.0,26,Entire home/apt,4.74493212836325,114.0
69,5.0,1,1,5,1.0,1.0,26,Entire home/apt,4.394449154672439,80.0
21,5.0,1,1,4,1.0,2.0,26,Entire home/apt,5.010635294096256,149.0
101,5.0,1,1,6,2.0,2.0,26,Entire home/apt,5.117993812416755,166.0
28,5.0,1,1,16,3.0,6.0,26,Entire home/apt,5.860786223465865,350.0
193,5.0,1,1,2,1.0,1.0,26,Private room,4.02535169073515,55.0
43,5.0,1,1,16,2.5,6.0,26,Entire home/apt,6.16541785423142,475.0
141,5.0,1,1,4,1.0,1.0,26,Entire home/apt,4.787491742782046,119.0
210,5.0,1,1,2,1.0,1.0,26,Entire home/apt,4.394449154672439,80.0
234,5.0,1,1,2,1.0,1.0,26,Private room,4.23410650459726,68.0
124,5.0,1,1,4,1.0,2.0,26,Entire home/apt,4.624972813284271,101.0
48,4.5,1,1,4,2.0,2.0,26,Entire home/apt,5.017279836814924,150.0
13,5.0,1,1,2,1.0,1.0,26,Private room,4.330733340286331,75.0
0,5.0,0,0,7,4.0,3.0,26,Entire home/apt,5.389071729816501,218.0
138,5.0,1,1,5,1.0,2.0,26,Entire home/apt,4.836281906951478,125.0
69,5.0,1,1,2,1.0,1.0,27,Entire home/apt,4.605170185988092,99.0
46,5.0,1,1,8,2.5,3.0,26,Entire home/apt,5.438079308923196,229.0
93,5.0,1,1,8,3.0,3.0,26,Entire home/apt,5.513428746164983,247.0
33,4.5,1,1,2,1.0,1.0,26,Entire home/apt,4.836281906951478,125.0
96,5.0,1,1,2,1.0,1.0,26,Private room,4.394449154672439,80.0
178,5.0,1,1,2,1.0,1.0,26,Private room,3.9318256327243257,50.0
2,5.0,0,1,6,2.0,3.0,26,Entire home/apt,5.278114659230517,195.0
244,5.0,1,1,2,1.0,1.0,26,Entire home/apt,4.605170185988092,99.0
261,5.0,1,1,3,1.0,1.0,26,Private room,4.262679877041316,70.0
114,5.0,1,1,2,1.0,1.0,26,Entire home/apt,4.343805421853684,76.0
10,4.5,1,1,1,1.0,1.0,26,Private room,3.4339872044851463,30.0
275,4.5,1,1,3,1.0,1.0,26,Entire home/apt,4.262679877041316,70.0
298,5.0,1,1,4,1.0,1.0,26,Entire home/apt,4.330733340286331,75.0
158,5.0,1,1,2,4.0,1.0,26,Private room,3.9889840465642745,53.0
141,4.5,1,1,4,1.0,1.0,26,Entire home/apt,4.564348191467836,95.0
163,5.0,1,1,4,1.0,0.0,26,Entire home/apt,4.5217885770490405,91.0
22,5.0,1,1,2,2.0,1.0,26,Private room,3.828641396489095,45.0
18,5.0,1,1,2,1.0,1.0,26,Entire home/apt,4.912654885736052,135.0
26,5.0,1,1,2,2.0,1.0,26,Private room,3.828641396489095,45.0
398,5.0,1,1,2,1.0,1.0,26,Entire home/apt,4.564348191467836,95.0
7,5.0,1,1,4,1.0,2.0,26,Entire home/apt,5.010635294096256,149.0
18,4.5,1,1,6,1.0,3.0,26,Entire home/apt,5.62040086571715,275.0
336,5.0,1,1,2,1.0,1.0,26,Private room,4.5217885770490405,91.0
110,4.5,1,1,2,1.0,1.0,26,Private room,3.737669618283368,41.0
230,4.5,1,1,2,1.0,1.0,26,Private room,3.871201010907891,47.0
302,4.5,1,1,4,1.0,2.0,26,Entire home/apt,4.262679877041316,70.0
89,5.0,1,1,2,4.0,1.0,26,Private room,3.970291913552122,52.0
125,5.0,1,1,3,1.0,1.0,26,Entire home/apt,4.02535169073515,55.0
113,5.0,1,1,2,2.0,3.0,27,Entire home/apt,4.61512051684126,100.0
142,5.0,1,1,2,3.0,1.0,26,Private room,3.9318256327243257,50.0
45,5.0,1,1,2,1.0,1.0,26,Entire home/apt,4.499809670330265,89.0
13,5.0,1,1,1,1.0,1.0,26,Private room,4.382026634673881,79.0
1,5.0,0,1,4,1.0,1.0,26,Entire home/apt,5.351858133476067,210.0
137,4.5,1,1,14,3.0,5.0,26,Entire home/apt,5.521460917862246,249.0
2,5.0,0,1,4,1.0,2.0,26,Entire home/apt,5.62040086571715,275.0
13,5.0,1,1,6,1.0,2.0,26,Entire home/apt,5.69035945432406,295.0
22,5.0,1,1,4,1.0,1.0,26,Entire home/apt,4.51085950651685,90.0
451,5.0,1,1,2,1.0,1.0,26,Entire home/apt,4.454347296253507,85.0
40,4.0,1,1,9,2.0,3.0,26,Entire home/apt,4.7535901911063645,115.0
73,5.0,1,1,2,1.0,1.0,26,Private room,4.394449154672439,80.0
145,5.0,1,1,2,1.0,1.0,26,Private room,4.382026634673881,79.0
28,4.0,1,1,3,1.0,0.0,26,Entire home/apt,4.499809670330265,89.0
97,5.0,1,1,8,1.0,3.0,26,Entire home/apt,5.484796933490655,240.0
13,4.5,1,1,8,3.0,4.0,26,Entire home/apt,5.525452939131784,250.0
230,5.0,1,1,1,3.0,1.0,26,Private room,3.912023005428146,49.0
74,4.5,1,1,4,1.0,1.0,26,Entire home/apt,5.111987788356544,165.0
3,3.5,1,1,4,1.0,1.0,26,Entire home/apt,4.948759890378168,140.0
39,5.0,1,1,2,1.0,1.0,26,Private room,3.555348061489413,34.0
7,5.0,1,1,6,2.5,2.0,26,Entire home/apt,5.5053315359323625,245.0
233,5.0,1,1,1,1.0,1.0,26,Private room,3.7612001156935615,42.0
83,4.5,1,1,2,3.0,1.0,26,Private room,4.189654742026425,65.0
53,5.0,1,1,6,1.0,2.0,26,Entire home/apt,4.59511985013459,98.0
28,5.0,1,1,2,1.0,1.0,26,Private room,4.110873864173311,60.0
10,5.0,1,1,2,1.0,1.0,26,Private room,4.836281906951478,125.0
223,5.0,1,1,2,1.0,1.0,26,Private room,4.564348191467836,95.0
140,5.0,1,1,4,1.0,2.0,26,Entire home/apt,5.170483995038151,175.0
226,5.0,1,1,5,1.0,2.0,26,Entire home/apt,4.875197323201151,130.0
389,5.0,1,1,2,1.0,1.0,26,Entire home/apt,4.584967478670572,97.0
69,5.0,1,1,8,2.5,3.0,26,Entire home/apt,5.545177444479562,255.0
120,5.0,1,1,4,1.0,1.0,26,Entire home/apt,4.5217885770490405,91.0
19,4.5,1,1,6,2.0,2.0,26,Entire home/apt,5.298317366548036,199.0
5,5.0,1,1,4,3.0,2.0,26,Entire home/apt,5.225746673713202,185.0
55,5.0,1,1,6,1.0,2.0,26,Entire home/apt,5.170483995038151,175.0
50,4.5,1,1,1,1.0,1.0,26,Entire home/apt,5.049856007249537,155.0
103,5.0,1,1,3,1.0,0.0,26,Entire home/apt,4.51085950651685,90.0
190,5.0,1,1,4,1.0,2.0,26,Entire home/apt,5.117993812416755,166.0
84,4.5,1,1,2,1.0,1.0,26,Entire home/apt,4.406719247264253,81.0
127,5.0,1,1,4,2.0,2.0,26,Entire home/apt,4.663439094112067,105.0
80,5.0,1,1,2,1.0,1.0,26,Private room,4.418840607796598,82.0
261,5.0,1,1,10,2.5,4.0,26,Entire home/apt,5.525452939131784,250.0
36,5.0,1,1,3,2.5,1.0,26,Entire home/apt,5.303304908059076,200.0
386,5.0,1,1,2,1.0,0.0,26,Entire home/apt,4.204692619390966,66.0
14,5.0,1,1,6,3.0,2.0,26,Entire home/apt,5.62040086571715,275.0
6,4.5,1,1,10,3.5,5.0,26,Entire home/apt,5.993961427306569,400.0
27,5.0,1,1,2,1.5,1.0,26,Private room,4.23410650459726,68.0
111,5.0,1,1,4,1.0,1.0,26,Entire home/apt,5.010635294096256,149.0
11,5.0,1,1,8,1.0,3.0,26,Entire home/apt,5.525452939131784,250.0
247,5.0,1,1,2,1.0,1.0,26,Entire home/apt,4.110873864173311,60.0
138,5.0,1,1,1,1.0,1.0,27,Private room,4.48863636973214,88.0
169,5.0,1,1,2,1.0,1.0,26,Private room,3.9318256327243257,50.0
154,5.0,1,1,2,1.0,1.0,26,Private room,3.7612001156935615,42.0
39,5.0,1,1,1,1.0,1.0,26,Private room,3.9318256327243257,50.0
14,5.0,1,1,6,1.5,3.0,26,Entire home/apt,5.525452939131784,250.0
63,5.0,1,1,6,2.0,2.0,26,Entire home/apt,4.976733742420574,144.0
182,4.5,1,1,8,1.0,2.0,26,Entire home/apt,4.248495242049359,69.0
46,4.5,1,1,5,1.0,2.0,26,Entire home/apt,5.10594547390058,164.0
28,5.0,1,1,8,2.0,2.0,26,Entire home/apt,5.017279836814924,150.0
99,5.0,1,1,4,1.0,1.0,26,Entire home/apt,4.418840607796598,82.0
60,5.0,1,1,2,1.0,1.0,26,Private room,3.713572066704308,40.0
0,5.0,0,0,4,1.5,1.0,26,Entire home/apt,5.303304908059076,200.0
131,5.0,1,1,2,1.0,1.0,27,Entire home/apt,5.081404364984463,160.0
62,5.0,1,1,2,1.5,1.0,26,Private room,4.110873864173311,60.0
68,5.0,1,1,2,1.5,1.0,26,Private room,4.110873864173311,60.0
0,5.0,0,0,8,4.0,4.0,32,Entire home/apt,6.2166061010848646,500.0
89,5.0,1,1,6,2.5,2.0,26,Entire home/apt,5.153291594497779,172.0
56,5.0,1,1,7,2.0,2.0,26,Entire home/apt,5.075173815233827,159.0
178,5.0,1,1,3,1.0,1.0,26,Entire home/apt,3.828641396489095,45.0
295,5.0,1,1,3,1.0,1.0,26,Entire home/apt,4.110873864173311,60.0
160,5.0,1,1,2,1.5,1.0,26,Private room,4.605170185988092,99.0
75,4.5,1,1,6,2.0,2.0,26,Entire home/apt,4.795790545596741,120.0
70,5.0,1,1,6,2.0,2.0,26,Entire home/apt,4.897839799950911,133.0
32,4.5,1,1,6,2.0,2.0,26,Entire home/apt,4.61512051684126,100.0
66,4.5,1,1,6,2.0,2.0,26,Entire home/apt,4.912654885736052,135.0
19,5.0,1,1,6,2.0,2.0,26,Entire home/apt,4.709530201312334,110.0
86,4.5,1,1,6,2.0,2.0,26,Entire home/apt,4.77912349311153,118.0
30,4.5,1,1,6,2.0,2.0,26,Entire home/apt,4.61512051684126,100.0
7,4.5,1,1,4,1.0,1.0,26,Entire home/apt,4.61512051684126,100.0
26,4.5,1,1,3,1.0,1.0,26,Entire home/apt,4.709530201312334,110.0
118,4.5,1,1,6,1.0,1.0,26,Private room,4.59511985013459,98.0
258,5.0,1,1,2,1.0,1.0,26,Entire home/apt,4.605170185988092,99.0
59,5.0,1,1,1,1.0,1.0,26,Private room,3.7612001156935615,42.0
133,5.0,1,1,4,1.0,1.0,11,Entire home/apt,4.564348191467836,95.0
40,5.0,1,1,5,1.0,2.0,26,Entire home/apt,4.836281906951478,125.0
219,4.5,1,1,6,1.0,2.0,26,Entire home/apt,4.564348191467836,95.0
122,5.0,1,1,2,1.0,1.0,26,Entire home/apt,3.951243718581428,51.0
4,3.5,1,1,4,1.0,1.0,26,Entire home/apt,4.204692619390966,66.0
42,5.0,1,1,2,1.0,1.0,26,Entire home/apt,4.262679877041316,70.0
136,5.0,1,1,2,1.0,0.0,26,Entire home/apt,4.61512051684126,100.0
57,4.5,1,1,5,1.0,2.0,26,Entire home/apt,4.709530201312334,110.0
176,4.5,1,1,6,1.0,3.0,26,Entire home/apt,4.605170185988092,99.0
171,4.5,1,1,2,1.0,1.0,26,Private room,3.9889840465642745,53.0
31,5.0,1,1,4,1.0,1.0,26,Private room,4.983606621708336,145.0
9,4.5,1,1,2,1.0,1.0,26,Private room,4.02535169073515,55.0
211,5.0,1,1,2,1.0,1.0,26,Entire home/apt,4.330733340286331,75.0
226,5.0,1,1,2,1.0,1.0,26,Entire home/apt,4.499809670330265,89.0
46,5.0,1,1,4,1.0,1.0,26,Entire home/apt,5.111987788356544,165.0
237,5.0,1,1,4,2.0,1.0,26,Entire home/apt,4.605170185988092,99.0
30,5.0,1,1,2,1.0,1.0,26,Private room,4.499809670330265,89.0
323,5.0,1,1,4,1.0,1.0,26,Entire home/apt,4.709530201312334,110.0
15,4.5,1,1,6,2.0,2.0,26,Entire home/apt,4.897839799950911,133.0
128,5.0,1,1,2,1.0,1.0,26,Private room,4.700480365792417,109.0
267,5.0,1,1,4,1.0,1.0,26,Entire home/apt,4.564348191467836,95.0
180,5.0,1,1,2,1.5,1.0,26,Entire home/apt,4.532599493153256,92.0
3,5.0,1,1,4,1.0,2.0,26,Entire home/apt,4.454347296253507,85.0
264,5.0,1,1,3,1.0,1.0,26,Private room,3.8918202981106265,48.0
255,4.5,1,1,6,1.5,3.0,26,Entire home/apt,4.174387269895637,64.0
41,5.0,1,1,3,1.0,1.0,26,Entire home/apt,4.912654885736052,135.0
55,5.0,1,1,8,2.5,3.0,26,Entire home/apt,5.2832037287379885,196.0
319,5.0,1,1,4,1.0,1.0,26,Entire home/apt,4.564348191467836,95.0
78,4.5,1,1,8,2.0,3.0,26,Entire home/apt,5.616771097666572,274.0
111,5.0,1,1,4,1.0,1.0,26,Entire home/apt,4.787491742782046,119.0
17,4.5,1,1,4,1.0,1.0,26,Entire home/apt,4.7535901911063645,115.0
200,4.5,1,1,4,1.0,1.0,26,Entire home/apt,4.61512051684126,100.0
49,5.0,1,1,4,1.0,1.0,26,Entire home/apt,5.1647859739235145,174.0
45,5.0,1,1,1,1.0,1.0,26,Private room,3.9318256327243257,50.0
15,5.0,1,1,6,2.0,3.0,26,Entire home/apt,5.929589143389895,375.0
179,4.5,1,1,6,1.5,3.0,26,Entire home/apt,5.170483995038151,175.0
220,5.0,1,1,4,1.0,1.0,26,Private room,3.828641396489095,45.0
17,5.0,1,1,7,1.5,3.0,26,Entire home/apt,5.707110264748875,300.0
40,5.0,1,1,6,2.0,2.0,26,Entire home/apt,5.583496308781699,265.0
92,5.0,1,1,6,1.0,2.0,26,Entire home/apt,5.056245805348308,156.0
53,5.0,1,1,4,1.0,2.0,26,Entire home/apt,5.1647859739235145,174.0
312,4.5,1,1,2,1.0,1.0,26,Entire home/apt,4.61512051684126,100.0
102,5.0,1,1,2,1.0,1.0,26,Entire home/apt,4.875197323201151,130.0
361,5.0,1,1,2,1.0,1.0,26,Private room,3.871201010907891,47.0
37,4.5,1,1,3,1.0,1.0,26,Private room,4.02535169073515,55.0
75,5.0,1,1,2,1.0,1.0,26,Entire home/apt,4.795790545596741,120.0
27,5.0,1,1,1,1.0,1.0,26,Private room,4.110873864173311,60.0
25,4.5,1,1,2,1.0,1.0,26,Private room,4.110873864173311,60.0
16,4.5,1,1,4,1.0,1.0,26,Entire home/apt,4.61512051684126,100.0
8,4.0,1,1,4,1.0,1.0,26,Entire home/apt,4.61512051684126,100.0
274,5.0,1,1,2,1.5,1.0,26,Private room,4.382026634673881,79.0
10,4.0,1,1,6,2.0,3.0,26,Entire home/apt,5.010635294096256,149.0
6,4.5,1,1,3,1.5,2.0,26,Entire home/apt,5.993961427306569,400.0
56,4.5,1,1,7,1.0,2.0,26,Entire home/apt,4.499809670330265,89.0
314,5.0,1,1,2,1.0,1.0,26,Entire home/apt,4.7535901911063645,115.0
170,4.5,1,1,3,1.0,1.0,26,Private room,4.189654742026425,65.0
0,5.0,0,0,6,2.0,3.0,26,Private room,4.718498871295094,111.0
196,5.0,1,1,3,1.0,1.0,26,Private room,4.143134726391533,62.0
13,4.5,1,1,1,1.0,1.0,26,Private room,3.58351893845611,35.0
182,5.0,1,1,4,1.0,1.0,26,Entire home/apt,4.61512051684126,100.0
98,5.0,1,1,3,1.0,1.0,26,Entire home/apt,5.049856007249537,155.0
7,4.0,1,1,2,1.0,1.0,26,Entire home/apt,4.61512051684126,100.0
26,5.0,1,1,6,2.5,2.0,26,Entire home/apt,5.62040086571715,275.0
58,4.5,1,1,6,2.0,3.0,26,Entire home/apt,5.525452939131784,250.0
31,4.5,1,1,2,1.0,1.0,26,Entire home/apt,4.248495242049359,69.0
210,5.0,1,1,7,1.0,2.0,26,Entire home/apt,4.61512051684126,100.0
63,4.5,1,1,4,1.0,2.0,27,Entire home/apt,4.51085950651685,90.0
109,4.5,1,1,4,1.0,1.0,26,Entire home/apt,4.382026634673881,79.0
26,5.0,1,1,9,4.5,5.0,26,Entire home/apt,6.2166061010848646,500.0
5,4.0,1,1,4,1.0,1.0,26,Entire home/apt,5.081404364984463,160.0
31,4.5,1,1,2,1.5,1.0,32,Private room,4.418840607796598,82.0
327,5.0,1,1,4,1.0,1.0,26,Private room,4.127134385045092,61.0
206,5.0,1,1,4,1.0,1.0,26,Entire home/apt,4.663439094112067,105.0
130,5.0,1,1,4,1.0,1.0,26,Entire home/apt,4.787491742782046,119.0
52,5.0,1,1,8,1.5,2.0,26,Entire home/apt,5.198497031265826,180.0
21,4.5,1,1,1,1.0,1.0,26,Private room,4.262679877041316,70.0
69,5.0,1,1,2,1.0,1.0,26,Entire home/apt,4.574710978503383,96.0
43,4.5,1,1,6,1.5,3.0,26,Entire home/apt,5.198497031265826,180.0
213,4.5,1,1,4,1.0,1.0,26,Entire home/apt,4.330733340286331,75.0
58,5.0,1,1,2,1.0,0.0,27,Entire home/apt,5.010635294096256,149.0
385,4.5,1,1,3,1.0,1.0,26,Entire home/apt,4.7535901911063645,115.0
88,5.0,1,1,2,1.0,1.0,26,Private room,4.343805421853684,76.0
39,5.0,1,1,4,3.0,2.0,26,Entire home/apt,5.860786223465865,350.0
172,5.0,1,1,6,1.0,3.0,26,Entire home/apt,4.61512051684126,100.0
12,4.5,1,1,4,1.0,2.0,26,Entire home/apt,5.010635294096256,149.0
457,5.0,1,1,3,1.0,1.0,26,Entire home/apt,4.875197323201151,130.0
139,5.0,1,1,6,1.0,1.0,26,Private room,3.828641396489095,45.0
21,4.0,1,1,3,1.0,1.0,26,Entire home/apt,4.394449154672439,80.0
55,5.0,1,1,10,2.0,3.0,26,Entire home/apt,5.69035945432406,295.0
102,5.0,1,1,4,1.5,1.0,26,Entire home/apt,4.762173934797756,116.0
25,5.0,1,1,6,2.0,2.0,26,Entire home/apt,5.3981627015177525,220.0
24,5.0,1,1,2,1.0,1.0,26,Entire home/apt,4.983606621708336,145.0
12,5.0,1,1,1,0.5,1.0,26,Shared room,4.262679877041316,70.0
19,4.5,1,1,1,0.5,1.0,26,Shared room,4.262679877041316,70.0
6,4.0,1,1,1,0.5,1.0,26,Shared room,4.262679877041316,70.0
17,4.5,1,1,1,0.5,1.0,26,Shared room,4.262679877041316,70.0
9,4.5,1,1,1,0.5,1.0,26,Shared room,4.262679877041316,70.0
15,5.0,1,1,1,0.5,1.0,26,Shared room,4.262679877041316,70.0
17,4.0,1,1,2,0.5,1.0,26,Private room,4.875197323201151,130.0
30,4.0,1,1,4,1.0,1.0,26,Entire home/apt,4.61512051684126,100.0
59,4.5,1,1,4,1.0,1.0,26,Entire home/apt,4.48863636973214,88.0
30,4.0,1,1,1,1.0,1.0,26,Private room,3.912023005428146,49.0
61,5.0,1,1,2,1.0,1.0,26,Entire home/apt,4.941642422609304,139.0
4,5.0,1,1,2,1.0,1.0,26,Entire home/apt,4.219507705176107,67.0
37,5.0,1,1,4,1.0,2.0,26,Entire home/apt,4.564348191467836,95.0
51,5.0,1,1,2,1.0,1.0,26,Private room,4.330733340286331,75.0
171,5.0,1,1,2,1.0,0.0,26,Private room,3.555348061489413,34.0
54,4.5,1,1,6,3.5,4.0,26,Entire home/apt,5.564520407322694,260.0
13,3.5,1,1,2,1.0,0.0,26,Entire home/apt,4.394449154672439,80.0
142,5.0,1,1,4,1.0,1.0,26,Entire home/apt,4.418840607796598,82.0
9,4.5,1,1,2,1.0,1.0,26,Entire home/apt,4.836281906951478,125.0
14,5.0,1,1,6,1.0,2.0,26,Entire home/apt,4.795790545596741,120.0
79,5.0,1,1,2,1.0,1.0,26,Entire home/apt,4.454347296253507,85.0
111,5.0,1,1,2,1.0,1.0,26,Entire home/apt,4.330733340286331,75.0
196,4.5,1,1,2,1.0,0.0,26,Entire home/apt,4.02535169073515,55.0
23,4.0,1,1,3,1.0,1.0,26,Entire home/apt,4.543294782270004,93.0
46,5.0,1,1,2,0.5,1.0,26,Private room,5.017279836814924,150.0
75,5.0,1,1,2,2.0,1.0,26,Private room,3.912023005428146,49.0
73,5.0,1,1,2,2.0,1.0,26,Private room,3.912023005428146,49.0
10,4.5,1,1,3,1.0,0.0,26,Entire home/apt,4.61512051684126,100.0
35,4.5,1,1,3,1.0,1.0,26,Entire home/apt,4.867534450455582,129.0
74,4.5,1,1,2,1.5,1.0,26,Private room,3.713572066704308,40.0
30,4.5,1,1,4,1.0,1.0,26,Entire home/apt,4.605170185988092,99.0
33,5.0,1,1,4,1.5,2.0,26,Entire home/apt,5.010635294096256,149.0
147,5.0,1,1,3,1.0,1.0,26,Private room,3.9318256327243257,50.0
28,5.0,1,1,4,1.0,1.0,27,Entire home/apt,4.709530201312334,110.0
297,5.0,1,1,4,1.0,0.0,26,Entire home/apt,4.382026634673881,79.0
6,4.5,1,1,2,1.0,1.0,27,Private room,4.330733340286331,75.0
12,5.0,1,1,4,1.0,2.0,26,Entire home/apt,4.836281906951478,125.0
2,5.0,0,1,1,1.0,1.0,26,Private room,4.110873864173311,60.0
1,5.0,0,1,16,3.0,6.0,26,Entire home/apt,6.2166061010848646,500.0
20,4.0,1,1,2,1.0,0.0,26,Entire home/apt,4.330733340286331,75.0
97,4.5,1,1,4,1.0,1.0,26,Entire home/apt,4.709530201312334,110.0
243,4.5,1,1,8,1.0,3.0,26,Entire home/apt,4.127134385045092,61.0
157,5.0,1,1,2,1.0,1.0,26,Entire home/apt,4.7535901911063645,115.0
245,5.0,1,1,6,1.0,2.0,26,Entire home/apt,3.912023005428146,49.0
16,5.0,1,1,2,1.0,1.0,26,Private room,4.382026634673881,79.0
29,4.5,1,1,8,2.0,3.0,26,Entire home/apt,5.278114659230517,195.0
46,4.5,1,1,4,1.0,1.0,26,Entire home/apt,5.111987788356544,165.0
1,5.0,0,1,6,2.0,3.0,26,Entire home/apt,5.225746673713202,185.0
32,5.0,1,1,1,1.0,1.0,26,Private room,3.970291913552122,52.0
14,5.0,1,1,3,1.0,1.0,26,Entire home/apt,4.812184355372417,122.0
48,5.0,1,1,2,1.5,1.0,26,Private room,4.189654742026425,65.0
77,5.0,1,1,4,1.0,1.0,26,Entire home/apt,4.174387269895637,64.0
25,5.0,1,1,6,1.0,2.0,26,Entire home/apt,4.382026634673881,79.0
139,5.0,1,1,3,1.0,1.0,26,Entire home/apt,4.454347296253507,85.0
36,5.0,1,1,3,1.0,1.0,26,Private room,4.262679877041316,70.0
18,4.5,1,1,5,2.0,2.0,26,Entire home/apt,5.111987788356544,165.0
513,4.5,1,1,2,1.0,1.0,26,Private room,3.828641396489095,45.0
238,5.0,1,1,2,2.0,1.0,26,Private room,3.828641396489095,45.0
41,4.5,1,1,2,1.0,1.0,26,Entire home/apt,4.605170185988092,99.0
182,5.0,1,1,2,2.0,1.0,26,Private room,4.07753744390572,58.0
270,4.0,1,1,6,1.0,1.0,26,Entire home/apt,3.912023005428146,49.0
262,5.0,1,1,2,1.5,1.0,26,Private room,4.0943445622221,59.0
105,5.0,1,1,2,1.0,1.0,26,Private room,3.970291913552122,52.0
102,4.5,1,1,2,1.0,1.0,26,Entire home/apt,4.454347296253507,85.0
25,5.0,1,1,2,1.0,1.0,26,Entire home/apt,4.836281906951478,125.0
44,5.0,1,1,8,2.5,3.0,26,Entire home/apt,5.293304824724492,198.0
67,5.0,1,1,6,1.5,3.0,26,Entire home/apt,5.703782474656201,299.0
70,4.5,1,1,6,2.0,2.0,26,Entire home/apt,5.043425116919247,154.0
174,5.0,1,1,4,1.0,1.0,26,Entire home/apt,4.61512051684126,100.0
16,4.5,1,1,4,1.5,2.0,26,Entire home/apt,4.61512051684126,100.0
311,4.5,1,1,2,1.0,1.0,26,Entire home/apt,4.51085950651685,90.0
95,5.0,1,1,6,2.0,2.0,26,Entire home/apt,4.51085950651685,90.0
296,5.0,1,1,2,1.0,0.0,26,Entire home/apt,4.663439094112067,105.0
206,5.0,1,1,2,3.0,1.0,26,Private room,4.718498871295094,111.0
31,5.0,1,1,8,2.0,3.0,26,Entire home/apt,5.929589143389895,375.0
40,5.0,1,1,4,1.0,1.0,26,Entire home/apt,4.564348191467836,95.0
15,5.0,1,1,1,1.0,1.0,26,Private room,4.51085950651685,90.0
12,5.0,1,1,3,1.5,2.0,32,Entire home/apt,5.19295685089021,179.0
0,5.0,0,0,2,1.0,1.0,26,Private room,5.017279836814924,150.0
165,4.5,1,1,2,1.5,1.0,26,Private room,3.871201010907891,47.0
42,5.0,1,1,2,1.0,0.0,26,Private room,5.049856007249537,155.0
7,4.5,1,1,2,1.0,1.0,26,Private room,4.330733340286331,75.0
121,5.0,1,1,2,1.0,1.0,26,Private room,4.51085950651685,90.0
151,5.0,1,1,2,1.0,1.0,26,Entire home/apt,4.248495242049359,69.0
87,5.0,1,1,2,1.0,1.0,26,Private room,3.80666248977032,44.0
343,5.0,1,1,2,1.5,1.0,26,Private room,4.0943445622221,59.0
4,4.5,1,1,2,2.0,1.0,26,Private room,3.912023005428146,49.0
34,5.0,1,1,2,1.0,1.0,26,Private room,3.9318256327243257,50.0
74,5.0,1,1,3,1.0,1.0,26,Entire home/apt,5.3981627015177525,220.0
258,5.0,1,1,4,1.0,1.0,26,Private room,3.951243718581428,51.0
150,5.0,1,1,2,1.5,1.0,26,Entire home/apt,4.709530201312334,110.0
70,5.0,1,1,4,1.0,1.0,26,Entire home/apt,4.787491742782046,119.0
114,5.0,1,1,2,3.0,1.0,26,Private room,4.477336814478207,87.0
98,4.5,1,1,4,1.0,2.0,26,Entire home/apt,4.454347296253507,85.0
48,5.0,1,1,6,2.5,2.0,26,Entire home/apt,4.691347882229144,108.0
39,5.0,1,1,3,1.0,1.0,26,Entire home/apt,4.394449154672439,80.0
49,4.5,1,1,3,1.0,1.0,26,Entire home/apt,4.430816798843313,83.0
38,5.0,1,1,8,3.0,4.0,26,Entire home/apt,5.860786223465865,350.0
106,5.0,1,1,2,1.0,1.0,26,Entire home/apt,5.111987788356544,165.0
207,4.5,1,1,2,1.0,1.0,26,Private room,3.912023005428146,49.0
239,5.0,1,1,2,1.0,1.0,26,Private room,4.0943445622221,59.0
141,5.0,1,1,2,2.0,1.0,26,Private room,4.262679877041316,70.0
115,5.0,1,1,4,1.0,2.0,26,Entire home/apt,4.912654885736052,135.0
51,5.0,1,1,2,1.0,1.0,26,Private room,4.394449154672439,80.0
367,4.5,1,1,10,2.0,3.0,26,Entire home/apt,4.382026634673881,79.0
16,5.0,1,1,1,1.0,1.0,26,Private room,3.258096538021482,25.0
58,4.5,1,1,3,1.0,1.0,26,Entire home/apt,3.970291913552122,52.0
49,4.5,1,1,2,1.0,1.0,26,Private room,4.110873864173311,60.0
41,5.0,1,1,2,1.5,1.0,26,Private room,4.07753744390572,58.0
5,5.0,1,1,1,1.0,1.0,25,Private room,4.110873864173311,60.0
39,5.0,1,1,4,1.0,1.0,26,Entire home/apt,5.1647859739235145,174.0
107,5.0,1,1,2,1.0,0.0,26,Entire home/apt,4.454347296253507,85.0
68,4.5,1,1,6,1.0,2.0,26,Entire home/apt,6.2166061010848646,500.0
5,4.5,1,1,3,1.0,1.0,26,Entire home/apt,4.709530201312334,110.0
288,5.0,1,1,2,0.5,1.0,26,Private room,3.258096538021482,25.0
16,4.5,1,1,6,2.0,2.0,26,Entire home/apt,4.77912349311153,118.0
106,4.5,1,1,6,2.0,2.0,26,Entire home/apt,4.61512051684126,100.0
18,4.5,1,1,6,2.0,2.0,26,Entire home/apt,4.912654885736052,135.0
155,5.0,1,1,4,1.0,2.0,26,Entire home/apt,4.836281906951478,125.0
37,5.0,1,1,1,1.0,1.0,27,Private room,3.7612001156935615,42.0
157,5.0,1,1,2,1.0,0.0,26,Entire home/apt,4.330733340286331,75.0
56,5.0,1,1,5,1.0,2.0,26,Entire home/apt,4.709530201312334,110.0
111,5.0,1,1,2,1.0,1.0,26,Entire home/apt,4.406719247264253,81.0
2,5.0,0,1,2,1.0,1.0,26,Entire home/apt,4.7535901911063645,115.0
85,4.5,1,1,2,1.0,1.0,26,Private room,4.23410650459726,68.0
86,5.0,1,1,3,1.0,2.0,26,Entire home/apt,4.51085950651685,90.0
80,5.0,1,1,4,1.0,1.0,26,Entire home/apt,4.3694478524670215,78.0
68,5.0,1,1,2,1.0,1.0,26,Private room,4.02535169073515,55.0
130,5.0,1,1,10,3.0,4.0,26,Entire home/apt,5.525452939131784,250.0
29,4.5,1,1,1,1.0,0.0,26,Entire home/apt,4.499809670330265,89.0
226,5.0,1,1,4,1.0,1.0,26,Entire home/apt,4.7535901911063645,115.0
132,5.0,1,1,2,1.0,1.0,26,Entire home/apt,4.290459441148391,72.0
168,5.0,1,1,4,1.0,1.0,26,Private room,4.382026634673881,79.0
368,5.0,1,1,1,1.0,1.0,26,Private room,3.58351893845611,35.0
87,5.0,1,1,8,1.0,4.0,26,Entire home/apt,5.135798437050262,169.0
35,5.0,1,1,2,1.0,1.0,26,Private room,4.219507705176107,67.0
236,5.0,1,1,5,1.0,1.0,35,Entire home/apt,4.330733340286331,75.0
13,5.0,1,1,2,1.0,1.0,27,Entire home/apt,4.836281906951478,125.0
45,5.0,1,1,2,1.0,1.0,26,Private room,4.110873864173311,60.0
32,5.0,1,1,10,4.5,6.0,26,Entire home/apt,6.2166061010848646,500.0
258,5.0,1,1,2,1.0,1.0,26,Entire home/apt,4.330733340286331,75.0
97,5.0,1,1,2,1.0,1.0,27,Private room,3.7612001156935615,42.0
104,5.0,1,1,6,2.0,3.0,26,Entire home/apt,5.525452939131784,250.0
154,5.0,1,1,4,1.0,1.0,26,Entire home/apt,4.875197323201151,130.0
48,4.5,1,1,2,1.0,1.0,26,Private room,4.564348191467836,95.0
57,5.0,1,1,2,5.0,1.0,26,Private room,4.912654885736052,135.0
154,5.0,1,1,4,1.0,1.0,26,Entire home/apt,4.564348191467836,95.0
94,5.0,1,1,2,1.0,1.0,26,Entire home/apt,4.709530201312334,110.0
328,5.0,1,1,2,1.0,0.0,26,Entire home/apt,4.605170185988092,99.0
0,5.0,0,0,2,1.0,2.0,26,Entire home/apt,4.02535169073515,55.0
285,5.0,1,1,2,1.0,0.0,26,Entire home/apt,4.499809670330265,89.0
259,5.0,1,1,3,1.0,1.0,26,Entire home/apt,4.262679877041316,70.0
10,5.0,1,1,1,1.0,1.0,27,Private room,3.6635616461296463,38.0
142,4.5,1,1,6,1.0,1.0,26,Entire home/apt,4.454347296253507,85.0
62,4.5,1,1,4,1.0,2.0,26,Entire home/apt,4.820281565605037,123.0
218,5.0,1,1,2,2.0,1.0,26,Private room,3.7612001156935615,42.0
212,5.0,1,1,2,2.0,1.0,26,Private room,3.8918202981106265,48.0
251,5.0,1,1,2,1.0,0.0,26,Entire home/apt,4.31748811353631,74.0
10,5.0,1,1,2,1.0,1.0,26,Entire home/apt,4.382026634673881,79.0
411,5.0,1,1,2,1.0,1.0,26,Private room,3.737669618283368,41.0
251,5.0,1,1,6,2.0,2.0,26,Entire home/apt,4.875197323201151,130.0
5,5.0,1,1,5,1.5,2.0,26,Private room,4.605170185988092,99.0
41,5.0,1,1,4,2.0,2.0,26,Entire home/apt,5.111987788356544,165.0
38,5.0,1,1,4,1.0,1.0,26,Entire home/apt,4.61512051684126,100.0
224,4.5,1,1,4,1.0,1.0,26,Private room,3.4657359027997265,31.0
371,4.5,1,1,4,1.0,0.0,26,Entire home/apt,4.262679877041316,70.0
227,5.0,1,1,2,1.5,1.0,26,Private room,3.970291913552122,52.0
60,5.0,1,1,2,1.0,1.0,26,Entire home/apt,4.663439094112067,105.0
488,5.0,1,1,6,1.5,2.0,26,Entire home/apt,4.836281906951478,125.0
29,5.0,1,1,8,2.5,4.0,26,Entire home/apt,5.786897381366708,325.0
168,5.0,1,1,2,1.0,1.0,26,Entire home/apt,4.663439094112067,105.0
61,5.0,1,1,2,1.0,1.0,26,Entire home/apt,4.248495242049359,69.0
311,5.0,1,1,2,1.0,1.0,26,Entire home/apt,4.51085950651685,90.0
184,5.0,1,1,2,1.0,1.0,26,Private room,4.02535169073515,55.0
6,5.0,1,1,5,1.0,2.0,26,Entire home/apt,5.583496308781699,265.0
29,5.0,1,1,3,1.0,1.0,26,Entire home/apt,4.948759890378168,140.0
11,4.5,1,1,6,2.5,3.0,26,Entire home/apt,6.2166061010848646,500.0
12,5.0,1,1,2,2.0,1.0,26,Private room,4.605170185988092,99.0
233,5.0,1,1,2,1.0,1.0,26,Entire home/apt,4.454347296253507,85.0
124,5.0,1,1,2,1.0,1.0,26,Private room,3.8918202981106265,48.0
167,5.0,1,1,2,1.0,0.0,26,Entire home/apt,4.262679877041316,70.0
19,5.0,1,1,2,1.5,1.0,26,Private room,4.836281906951478,125.0
16,4.5,1,1,1,2.5,1.0,26,Private room,3.828641396489095,45.0
187,5.0,1,1,2,1.0,1.0,26,Entire home/apt,4.941642422609304,139.0
110,5.0,1,1,3,1.0,0.0,26,Entire home/apt,4.51085950651685,90.0
63,5.0,1,1,5,1.0,2.0,27,Entire home/apt,4.330733340286331,75.0
218,5.0,1,1,6,1.0,3.0,26,Entire home/apt,5.198497031265826,180.0
49,4.5,1,1,2,1.0,1.0,26,Entire home/apt,4.7535901911063645,115.0
61,4.5,1,1,4,1.0,2.0,26,Private room,4.61512051684126,100.0
186,5.0,1,1,4,1.0,0.0,26,Entire home/apt,4.248495242049359,69.0
11,5.0,1,1,4,1.0,1.0,26,Entire home/apt,4.499809670330265,89.0
0,5.0,0,0,5,2.0,5.0,27,Entire home/apt,5.655991810819852,285.0
34,4.5,1,1,4,1.0,1.0,27,Entire home/apt,5.017279836814924,150.0
69,5.0,1,1,3,1.0,1.0,26,Entire home/apt,5.66988092298052,289.0
29,5.0,1,1,2,1.0,1.0,26,Private room,4.262679877041316,70.0
15,4.5,1,1,3,1.0,0.0,26,Entire home/apt,4.499809670330265,89.0
54,5.0,1,1,6,1.0,3.0,26,Entire home/apt,5.278114659230517,195.0
33,4.5,1,1,6,1.0,3.0,26,Entire home/apt,5.318119993844216,203.0
40,4.5,1,1,4,1.0,1.0,26,Entire home/apt,4.836281906951478,125.0
205,5.0,1,1,4,1.0,1.0,26,Entire home/apt,4.158883083359672,63.0
37,5.0,1,1,2,1.0,0.0,26,Entire home/apt,4.07753744390572,58.0
268,5.0,1,1,4,2.0,2.0,26,Entire home/apt,5.303304908059076,200.0
63,5.0,1,1,6,2.0,1.0,26,Entire home/apt,5.225746673713202,185.0
25,4.0,1,1,2,1.0,0.0,26,Entire home/apt,4.330733340286331,75.0
105,5.0,1,1,4,1.0,1.0,26,Entire home/apt,5.41610040220442,224.0
221,4.5,1,1,4,1.0,1.0,26,Entire home/apt,4.820281565605037,123.0
138,5.0,1,1,4,1.0,1.0,26,Entire home/apt,4.700480365792417,109.0
96,5.0,1,1,4,2.0,2.0,26,Entire home/apt,5.525452939131784,250.0
119,5.0,1,1,2,1.0,2.0,26,Private room,4.189654742026425,65.0
42,5.0,1,1,2,1.0,1.0,26,Private room,4.51085950651685,90.0
6,5.0,1,1,1,3.5,1.0,26,Shared room,4.189654742026425,65.0
168,5.0,1,1,4,1.0,2.0,26,Entire home/apt,4.727387818712341,112.0
182,5.0,1,1,6,1.0,2.0,26,Entire home/apt,4.7535901911063645,115.0
51,5.0,1,1,6,2.0,3.0,26,Entire home/apt,5.420534999272286,225.0
84,5.0,1,1,8,2.0,4.0,26,Entire home/apt,5.472270673671475,237.0
3,4.5,1,1,1,1.0,1.0,26,Private room,3.912023005428146,49.0
24,4.5,1,1,2,1.0,1.0,26,Private room,4.564348191467836,95.0
351,5.0,1,1,2,1.0,0.0,26,Entire home/apt,4.51085950651685,90.0
241,5.0,1,1,2,1.0,1.0,26,Private room,4.02535169073515,55.0
88,4.5,1,1,2,1.0,1.0,26,Private room,4.262679877041316,70.0
270,5.0,1,1,2,1.0,1.0,26,Private room,3.58351893845611,35.0
274,5.0,1,1,4,1.0,2.0,26,Entire home/apt,4.948759890378168,140.0
83,5.0,1,1,8,2.0,3.0,26,Entire home/apt,5.981414211254481,395.0
80,5.0,1,1,2,1.0,1.0,26,Entire home/apt,4.382026634673881,79.0
43,4.5,1,1,2,1.0,1.0,26,Private room,4.110873864173311,60.0
254,5.0,1,1,2,1.0,1.0,26,Entire home/apt,5.017279836814924,150.0
45,5.0,1,1,12,3.0,5.0,26,Entire home/apt,5.272999558563747,194.0
38,5.0,1,1,3,1.0,1.0,31,Private room,4.61512051684126,100.0
98,4.5,1,1,4,1.0,2.0,26,Entire home/apt,4.564348191467836,95.0
27,5.0,1,1,4,2.5,2.0,26,Entire home/apt,4.454347296253507,85.0
0,5.0,0,0,3,1.5,2.0,32,Entire home/apt,5.525452939131784,250.0
11,5.0,1,1,2,2.0,1.0,26,Entire home/apt,5.303304908059076,200.0
1,5.0,0,1,8,3.0,4.0,26,Entire home/apt,5.420534999272286,225.0
85,4.5,1,1,3,1.0,1.0,26,Entire home/apt,4.499809670330265,89.0
268,5.0,1,1,1,2.0,1.0,26,Private room,3.828641396489095,45.0
11,4.5,1,1,5,1.0,3.0,26,Entire home/apt,5.111987788356544,165.0
42,4.5,1,1,4,1.0,1.0,26,Entire home/apt,4.709530201312334,110.0
152,5.0,1,1,3,1.0,1.0,26,Entire home/apt,4.23410650459726,68.0
152,5.0,1,1,2,1.0,1.0,26,Entire home/apt,4.330733340286331,75.0
137,5.0,1,1,3,1.0,0.0,26,Entire home/apt,4.61512051684126,100.0
30,5.0,1,1,1,1.0,1.0,26,Private room,4.51085950651685,90.0
56,5.0,1,1,4,1.0,1.0,26,Entire home/apt,4.700480365792417,109.0
191,4.5,1,1,2,1.0,1.0,26,Private room,4.110873864173311,60.0
267,5.0,1,1,2,1.0,1.0,26,Private room,3.9318256327243257,50.0
41,5.0,1,1,1,1.5,1.0,26,Private room,3.555348061489413,34.0
28,4.5,1,1,1,1.0,1.0,26,Private room,4.0943445622221,59.0
44,4.5,1,1,4,1.0,1.0,26,Entire home/apt,4.605170185988092,99.0
29,4.0,1,1,4,1.0,1.0,26,Entire home/apt,4.48863636973214,88.0
14,4.5,1,1,8,3.0,3.0,26,Entire home/apt,4.912654885736052,135.0
219,5.0,1,1,2,1.0,0.0,26,Entire home/apt,4.564348191467836,95.0
44,4.5,1,1,2,1.0,1.0,26,Entire home/apt,5.081404364984463,160.0
11,5.0,1,1,1,1.0,1.0,26,Shared room,3.58351893845611,35.0
103,5.0,1,1,2,1.0,0.0,26,Entire home/apt,4.61512051684126,100.0
67,4.5,1,1,3,3.0,1.0,26,Private room,4.189654742026425,65.0
242,5.0,1,1,4,1.0,0.0,26,Entire home/apt,4.700480365792417,109.0
59,5.0,1,1,2,1.0,1.0,26,Private room,5.159055299214529,173.0
39,4.0,1,1,3,1.0,1.0,26,Entire home/apt,4.51085950651685,90.0
363,4.5,1,1,2,1.0,1.0,26,Entire home/apt,4.709530201312334,110.0
175,5.0,1,1,2,1.0,0.0,26,Entire home/apt,3.9318256327243257,50.0
125,5.0,1,1,3,1.0,1.0,26,Entire home/apt,4.394449154672439,80.0
76,5.0,1,1,2,1.0,1.0,26,Private room,3.828641396489095,45.0
127,5.0,1,1,7,1.0,2.0,26,Entire home/apt,4.663439094112067,105.0
95,4.5,1,1,3,1.0,1.0,26,Entire home/apt,4.394449154672439,80.0
82,5.0,1,1,4,1.0,0.0,27,Entire home/apt,4.795790545596741,120.0
134,5.0,1,1,4,1.0,1.0,26,Entire home/apt,4.605170185988092,99.0
32,5.0,1,1,4,2.5,2.0,26,Entire home/apt,6.111467339502679,450.0
10,4.5,1,1,1,3.5,1.0,26,Shared room,4.158883083359672,63.0
9,5.0,1,1,1,3.5,1.0,26,Shared room,4.189654742026425,65.0
31,5.0,1,1,2,1.0,1.0,27,Entire home/apt,4.564348191467836,95.0
6,5.0,1,1,3,1.0,1.0,26,Entire home/apt,5.420534999272286,225.0
114,5.0,1,1,4,1.5,2.0,26,Entire home/apt,5.278114659230517,195.0
35,5.0,1,1,2,1.0,1.0,26,Entire home/apt,5.14166355650266,170.0
24,5.0,1,1,1,3.0,1.0,26,Private room,4.663439094112067,105.0
5,5.0,1,1,1,3.5,1.0,26,Shared room,4.189654742026425,65.0
9,5.0,1,1,1,3.5,1.0,26,Shared room,3.6635616461296463,38.0
133,4.5,1,1,1,1.0,1.0,26,Private room,4.007333185232471,54.0
110,4.5,1,1,1,1.0,1.0,26,Private room,3.6375861597263857,37.0
69,5.0,1,1,1,1.5,1.0,26,Private room,3.828641396489095,45.0
11,5.0,1,1,2,2.0,1.0,26,Entire home/apt,5.017279836814924,150.0
2,5.0,0,1,4,1.0,1.0,26,Entire home/apt,4.875197323201151,130.0
57,4.5,1,1,1,3.0,1.0,26,Private room,4.454347296253507,85.0
330,4.5,1,1,2,1.0,1.0,26,Entire home/apt,4.61512051684126,100.0
101,4.5,1,1,4,1.0,1.0,26,Entire home/apt,4.189654742026425,65.0
47,5.0,1,1,2,1.0,1.0,26,Private room,4.48863636973214,88.0
3,4.5,1,1,2,1.0,1.0,32,Private room,4.564348191467836,95.0
317,4.5,1,1,2,1.0,1.0,26,Private room,4.0943445622221,59.0
112,5.0,1,1,5,1.0,2.0,26,Private room,4.158883083359672,63.0
10,5.0,1,1,2,1.0,1.0,26,Entire home/apt,4.709530201312334,110.0
309,4.5,1,1,4,1.0,1.0,26,Entire home/apt,4.912654885736052,135.0
84,5.0,1,1,2,1.0,0.0,26,Entire home/apt,4.394449154672439,80.0
156,5.0,1,1,2,1.0,1.0,26,Entire home/apt,4.727387818712341,112.0
69,5.0,1,1,2,1.0,1.0,26,Entire home/apt,4.709530201312334,110.0
75,5.0,1,1,2,1.0,1.0,26,Entire home/apt,4.795790545596741,120.0
233,4.5,1,1,4,1.0,1.0,26,Entire home/apt,4.330733340286331,75.0
88,5.0,1,1,2,1.0,1.0,26,Private room,4.262679877041316,70.0
164,5.0,1,1,2,1.0,1.0,26,Private room,3.713572066704308,40.0
43,5.0,1,1,4,1.0,1.0,26,Entire home/apt,4.875197323201151,130.0
267,5.0,1,1,6,1.0,2.0,26,Entire home/apt,5.25227342804663,190.0
91,5.0,1,1,2,1.0,1.0,26,Private room,3.828641396489095,45.0
89,5.0,1,1,4,2.0,2.0,26,Entire home/apt,5.170483995038151,175.0
147,4.5,1,1,4,2.0,2.0,26,Entire home/apt,4.48863636973214,88.0
7,4.5,1,1,4,1.5,2.0,32,Entire home/apt,5.4638318050256105,235.0
37,4.5,1,1,3,1.0,0.0,26,Entire home/apt,4.564348191467836,95.0
36,4.5,1,1,3,1.0,2.0,26,Entire home/apt,5.081404364984463,160.0
63,4.5,1,1,16,4.0,4.0,26,Entire home/apt,6.186208623900494,485.0
20,4.5,1,1,2,1.0,1.0,27,Entire home/apt,5.017279836814924,150.0
135,5.0,1,1,8,2.5,2.0,26,Entire home/apt,5.010635294096256,149.0
155,5.0,1,1,4,1.0,1.0,32,Entire home/apt,4.709530201312334,110.0
10,5.0,1,1,5,1.5,3.0,26,Entire home/apt,6.2166061010848646,500.0
315,4.5,1,1,2,2.0,1.0,26,Private room,3.58351893845611,35.0
17,5.0,1,1,4,1.0,2.0,26,Entire home/apt,5.1298987149230735,168.0
18,5.0,1,1,9,4.0,5.0,26,Entire home/apt,6.2166061010848646,500.0
245,5.0,1,1,2,1.0,1.0,26,Private room,3.80666248977032,44.0
86,4.5,1,1,6,1.0,2.0,26,Entire home/apt,5.225746673713202,185.0
120,5.0,1,1,3,1.0,1.0,26,Entire home/apt,3.9318256327243257,50.0
10,4.5,1,1,2,1.0,1.0,27,Private room,3.713572066704308,40.0
183,5.0,1,1,2,1.0,1.0,26,Private room,3.713572066704308,40.0
19,5.0,1,1,2,1.5,1.0,26,Private room,5.525452939131784,250.0
171,5.0,1,1,6,1.0,1.0,26,Entire home/apt,4.663439094112067,105.0
1,5.0,0,1,2,1.0,1.0,26,Entire home/apt,4.330733340286331,75.0
42,5.0,1,1,4,1.0,1.0,26,Private room,5.049856007249537,155.0
111,5.0,1,1,2,1.0,1.0,26,Entire home/apt,4.736198448394496,113.0
84,5.0,1,1,2,1.0,1.0,26,Private room,4.248495242049359,69.0
53,5.0,1,1,2,1.0,1.0,26,Entire home/apt,4.330733340286331,75.0
231,4.5,1,1,2,1.0,1.0,26,Entire home/apt,4.02535169073515,55.0
18,4.0,1,1,4,1.0,0.0,26,Entire home/apt,4.51085950651685,90.0
167,5.0,1,1,4,1.0,1.0,27,Entire home/apt,4.912654885736052,135.0
177,5.0,1,1,2,1.0,0.0,26,Entire home/apt,4.330733340286331,75.0
23,5.0,1,1,4,1.0,2.0,26,Entire home/apt,5.017279836814924,150.0
7,4.5,1,1,2,1.0,1.0,26,Entire home/apt,5.303304908059076,200.0
15,5.0,1,1,6,3.0,3.0,26,Entire home/apt,5.1647859739235145,174.0
69,4.5,1,1,2,1.0,0.0,26,Entire home/apt,4.983606621708336,145.0
3,4.5,1,1,6,2.0,4.0,26,Entire home/apt,4.795790545596741,120.0
8,5.0,1,1,4,1.0,2.0,26,Entire home/apt,5.081404364984463,160.0
12,5.0,1,1,1,3.5,1.0,26,Shared room,4.189654742026425,65.0
7,4.5,1,1,1,3.5,1.0,26,Shared room,4.189654742026425,65.0
14,5.0,1,1,4,2.0,2.0,27,Entire home/apt,5.598421958998375,269.0
59,5.0,1,1,4,1.0,2.0,26,Entire home/apt,4.836281906951478,125.0
143,5.0,1,1,2,1.0,1.0,26,Private room,3.912023005428146,49.0
71,5.0,1,1,2,1.0,1.0,26,Private room,3.9318256327243257,50.0
29,5.0,1,1,2,1.5,1.0,26,Private room,4.718498871295094,111.0
98,5.0,1,1,2,1.0,1.0,26,Private room,4.663439094112067,105.0
19,4.0,1,1,2,1.0,0.0,26,Entire home/apt,4.51085950651685,90.0
185,5.0,1,1,2,1.0,1.0,26,Entire home/apt,4.394449154672439,80.0
56,5.0,1,1,10,2.0,3.0,26,Entire home/apt,5.030437921392435,152.0
212,5.0,1,1,4,1.0,1.0,26,Entire home/apt,4.454347296253507,85.0
9,5.0,1,1,2,1.0,1.0,26,Entire home/apt,4.59511985013459,98.0
153,5.0,1,1,2,1.0,1.0,26,Private room,3.828641396489095,45.0
65,5.0,1,1,3,1.0,1.0,26,Entire home/apt,4.51085950651685,90.0
0,5.0,0,0,2,1.0,1.0,26,Entire home/apt,5.707110264748875,300.0
88,4.5,1,1,4,1.0,1.0,26,Entire home/apt,4.867534450455582,129.0
55,5.0,1,1,6,2.0,3.0,26,Entire home/apt,5.420534999272286,225.0
210,4.5,1,1,2,1.0,1.0,26,Entire home/apt,4.61512051684126,100.0
205,5.0,1,1,3,1.0,1.0,26,Entire home/apt,4.189654742026425,65.0
333,5.0,1,1,2,1.0,1.0,26,Entire home/apt,4.442651256490317,84.0
8,5.0,1,1,5,2.0,3.0,26,Entire home/apt,5.5053315359323625,245.0
88,5.0,1,1,2,1.0,1.0,26,Private room,3.713572066704308,40.0
356,5.0,1,1,3,0.5,0.0,26,Entire home/apt,3.7612001156935615,42.0
12,5.0,1,1,4,1.0,1.0,26,Entire home/apt,5.187385805840755,178.0
644,5.0,1,1,2,1.0,1.0,26,Entire home/apt,3.828641396489095,45.0
70,5.0,1,1,3,1.0,1.0,26,Entire home/apt,4.394449154672439,80.0
22,5.0,1,1,5,2.0,3.0,26,Entire home/apt,5.846438775057725,345.0
110,5.0,1,1,4,1.0,1.0,26,Entire home/apt,4.7535901911063645,115.0
198,5.0,1,1,6,1.0,1.0,26,Entire home/apt,4.51085950651685,90.0
44,5.0,1,1,2,1.0,1.0,26,Entire home/apt,5.225746673713202,185.0
6,4.5,1,1,1,3.5,1.0,26,Shared room,4.189654742026425,65.0
3,5.0,1,1,1,3.5,1.0,26,Shared room,4.189654742026425,65.0
6,4.5,1,1,1,3.5,1.0,26,Shared room,4.189654742026425,65.0
15,4.5,1,1,2,1.0,1.0,27,Private room,4.836281906951478,125.0
4,5.0,1,1,1,3.5,1.0,26,Shared room,4.189654742026425,65.0
5,4.5,1,1,1,3.5,1.0,26,Shared room,4.189654742026425,65.0
5,5.0,1,1,1,3.5,1.0,26,Shared room,4.189654742026425,65.0
236,4.5,1,1,7,1.0,2.0,26,Entire home/apt,4.248495242049359,69.0
140,5.0,1,1,2,1.0,1.0,26,Private room,4.04305126783455,56.0
103,5.0,1,1,4,1.0,2.0,26,Entire home/apt,4.31748811353631,74.0
177,5.0,1,1,2,1.0,1.0,26,Entire home/apt,4.61512051684126,100.0
61,4.5,1,1,1,1.0,1.0,26,Shared room,4.110873864173311,60.0
370,5.0,1,1,3,1.0,1.0,26,Entire home/apt,4.709530201312334,110.0
37,5.0,1,1,2,1.0,1.0,26,Entire home/apt,4.564348191467836,95.0
152,4.5,1,1,1,1.0,1.0,26,Private room,3.828641396489095,45.0
106,5.0,1,1,4,1.0,1.0,26,Entire home/apt,4.02535169073515,55.0
56,4.5,1,1,3,1.0,1.0,26,Entire home/apt,4.948759890378168,140.0
3,4.5,1,1,1,3.5,1.0,26,Shared room,4.189654742026425,65.0
421,5.0,1,1,6,2.5,3.0,26,Entire home/apt,4.262679877041316,70.0
111,5.0,1,1,2,1.0,1.0,26,Private room,4.189654742026425,65.0
24,5.0,1,1,4,1.0,2.0,32,Entire home/apt,5.19295685089021,179.0
123,5.0,1,1,4,1.0,1.0,26,Entire home/apt,4.564348191467836,95.0
248,4.5,1,1,2,1.0,0.0,26,Entire home/apt,4.110873864173311,60.0
109,5.0,1,1,4,1.0,1.0,26,Entire home/apt,4.709530201312334,110.0
41,5.0,1,1,6,1.5,3.0,25,Private room,5.081404364984463,160.0
64,5.0,1,1,2,1.0,1.0,26,Private room,3.9318256327243257,50.0
162,5.0,1,1,5,1.0,2.0,26,Entire home/apt,4.709530201312334,110.0
86,5.0,1,1,6,1.5,3.0,26,Entire home/apt,5.525452939131784,250.0
50,4.5,1,1,3,1.0,1.0,26,Entire home/apt,4.6443908991413725,103.0
49,4.5,1,1,5,2.5,2.0,26,Entire home/apt,5.135798437050262,169.0
153,5.0,1,1,2,1.0,1.0,26,Entire home/apt,4.262679877041316,70.0
145,5.0,1,1,2,1.0,0.0,26,Entire home/apt,4.189654742026425,65.0
26,5.0,1,1,4,1.0,1.0,27,Entire home/apt,4.836281906951478,125.0
57,5.0,1,1,5,2.0,2.0,26,Entire home/apt,4.6443908991413725,103.0
45,4.5,1,1,3,1.0,1.0,26,Entire home/apt,5.135798437050262,169.0
38,5.0,1,1,3,1.0,1.0,26,Entire home/apt,5.19295685089021,179.0
45,5.0,1,1,4,1.0,2.0,26,Entire home/apt,5.093750200806762,162.0
161,5.0,1,1,4,1.0,1.0,26,Entire home/apt,4.394449154672439,80.0
94,5.0,1,1,2,1.0,1.0,26,Entire home/apt,4.51085950651685,90.0
272,5.0,1,1,3,2.0,1.0,26,Private room,3.6375861597263857,37.0
81,5.0,1,1,2,1.0,1.0,26,Entire home/apt,4.290459441148391,72.0
49,5.0,1,1,3,1.0,1.0,26,Entire home/apt,4.51085950651685,90.0
175,4.5,1,1,1,1.0,1.0,26,Private room,3.912023005428146,49.0
304,5.0,1,1,3,2.0,1.0,26,Private room,3.6375861597263857,37.0
244,5.0,1,1,3,2.0,1.0,26,Private room,3.6375861597263857,37.0
136,5.0,1,1,2,1.0,1.0,26,Entire home/apt,4.454347296253507,85.0
181,5.0,1,1,5,1.5,1.0,26,Private room,4.795790545596741,120.0
126,5.0,1,1,3,1.0,1.0,26,Entire home/apt,4.605170185988092,99.0
237,5.0,1,1,2,1.0,1.0,26,Private room,4.3694478524670215,78.0
23,4.5,1,1,3,1.0,1.0,26,Entire home/apt,4.941642422609304,139.0
1,5.0,0,1,4,1.0,1.0,26,Entire home/apt,5.598421958998375,269.0
21,4.5,1,1,3,1.5,1.0,26,Private room,4.51085950651685,90.0
30,5.0,1,1,2,1.0,1.0,26,Private room,4.330733340286331,75.0
1,5.0,0,1,2,1.0,0.0,26,Entire home/apt,5.198497031265826,180.0
213,5.0,1,1,4,1.0,0.0,26,Entire home/apt,4.330733340286331,75.0
10,4.5,1,1,6,1.5,3.0,26,Entire home/apt,5.420534999272286,225.0
5,5.0,1,1,2,1.0,1.0,26,Entire home/apt,4.477336814478207,87.0
181,4.5,1,1,6,1.0,1.0,26,Entire home/apt,4.499809670330265,89.0
26,5.0,1,1,5,1.0,2.0,26,Entire home/apt,5.420534999272286,225.0
151,5.0,1,1,2,1.0,0.0,26,Entire home/apt,4.110873864173311,60.0
37,5.0,1,1,5,1.0,2.0,26,Entire home/apt,4.795790545596741,120.0
16,4.0,1,1,2,1.0,1.0,26,Entire home/apt,4.48863636973214,88.0
113,5.0,1,1,2,1.0,1.0,26,Entire home/apt,4.663439094112067,105.0
6,5.0,1,1,2,1.0,1.0,26,Private room,4.189654742026425,65.0
0,5.0,0,0,2,1.0,1.0,26,Private room,4.330733340286331,75.0
59,5.0,1,1,2,1.0,1.0,26,Private room,4.653960350157523,104.0
55,5.0,1,1,4,1.0,1.0,26,Entire home/apt,4.48863636973214,88.0
65,4.5,1,1,4,1.0,1.0,26,Entire home/apt,4.330733340286331,75.0
62,4.5,1,1,2,1.0,1.0,26,Entire home/apt,4.51085950651685,90.0
193,5.0,1,1,8,3.0,3.0,26,Entire home/apt,5.3981627015177525,220.0
231,5.0,1,1,4,1.0,1.0,26,Entire home/apt,4.564348191467836,95.0
103,5.0,1,1,4,2.0,2.0,26,Entire home/apt,5.170483995038151,175.0
56,4.5,1,1,2,3.0,1.0,26,Private room,4.663439094112067,105.0
428,5.0,1,1,6,1.5,2.0,26,Entire home/apt,4.663439094112067,105.0
19,5.0,1,1,7,4.0,3.0,26,Entire home/apt,6.2166061010848646,500.0
16,5.0,1,1,2,1.0,1.0,27,Private room,3.8918202981106265,48.0
187,5.0,1,1,2,1.0,1.0,26,Entire home/apt,4.110873864173311,60.0
123,5.0,1,1,4,1.0,2.0,26,Entire home/apt,4.875197323201151,130.0
71,5.0,1,1,3,1.0,1.0,26,Entire home/apt,4.394449154672439,80.0
100,5.0,1,1,6,1.0,2.0,26,Entire home/apt,4.875197323201151,130.0
42,5.0,1,1,2,1.0,1.0,26,Private room,4.02535169073515,55.0
5,5.0,1,1,8,2.5,3.0,26,Entire home/apt,5.225746673713202,185.0
7,5.0,1,1,5,1.0,3.0,27,Entire home/apt,5.442417710521793,230.0
38,5.0,1,1,5,2.0,2.0,26,Entire home/apt,4.912654885736052,135.0
169,4.5,1,1,2,1.0,0.0,26,Entire home/apt,4.844187086458591,126.0
121,5.0,1,1,2,1.0,1.0,26,Entire home/apt,4.795790545596741,120.0
143,5.0,1,1,2,1.0,1.0,26,Private room,4.189654742026425,65.0
14,5.0,1,1,2,1.5,1.0,26,Private room,3.713572066704308,40.0
0,5.0,0,0,6,2.5,2.0,26,Entire home/apt,6.111467339502679,450.0
165,5.0,1,1,2,1.0,0.0,26,Entire home/apt,4.330733340286331,75.0
9,3.5,1,1,5,1.0,2.0,26,Entire home/apt,4.983606621708336,145.0
18,5.0,1,1,2,1.0,1.0,26,Private room,4.158883083359672,63.0
25,5.0,1,1,2,1.0,1.0,26,Private room,3.7612001156935615,42.0
199,5.0,1,1,4,1.0,0.0,26,Entire home/apt,4.51085950651685,90.0
45,5.0,1,1,5,2.0,2.0,26,Entire home/apt,4.663439094112067,105.0
6,5.0,1,1,5,2.0,2.0,26,Entire home/apt,4.948759890378168,140.0
51,5.0,1,1,5,1.0,2.0,26,Entire home/apt,5.247024072160486,189.0
117,4.5,1,1,6,1.0,2.0,26,Entire home/apt,4.955827057601261,141.0
121,5.0,1,1,3,1.0,1.0,26,Private room,4.189654742026425,65.0
70,4.5,1,1,3,1.0,1.0,26,Entire home/apt,4.382026634673881,79.0
59,5.0,1,1,4,1.0,2.0,26,Entire home/apt,5.017279836814924,150.0
70,5.0,1,1,4,1.0,2.0,26,Entire home/apt,5.017279836814924,150.0
131,5.0,1,1,4,1.0,1.0,26,Entire home/apt,3.9318256327243257,50.0
134,5.0,1,1,2,1.0,1.0,26,Entire home/apt,4.394449154672439,80.0
36,5.0,1,1,2,1.0,1.0,26,Private room,4.394449154672439,80.0
192,5.0,1,1,3,1.0,0.0,26,Entire home/apt,4.418840607796598,82.0
0,5.0,0,0,4,1.0,2.0,26,Entire home/apt,4.882801922586371,131.0
3,5.0,1,1,5,1.5,2.0,26,Entire home/apt,5.525452939131784,250.0
162,5.0,1,1,4,1.0,1.0,26,Entire home/apt,4.262679877041316,70.0
104,5.0,1,1,4,1.5,1.0,26,Entire home/apt,5.278114659230517,195.0
49,5.0,1,1,1,1.0,1.0,26,Private room,4.382026634673881,79.0
64,5.0,1,1,3,1.0,1.0,26,Entire home/apt,4.836281906951478,125.0
29,4.5,1,1,5,2.0,2.0,26,Entire home/apt,4.983606621708336,145.0
144,5.0,1,1,6,1.0,2.0,26,Entire home/apt,5.017279836814924,150.0
109,5.0,1,1,4,1.0,1.0,26,Entire home/apt,5.017279836814924,150.0
47,5.0,1,1,4,1.5,1.0,26,Entire home/apt,4.941642422609304,139.0
79,5.0,1,1,4,1.0,1.0,26,Entire home/apt,4.430816798843313,83.0
18,4.5,1,1,2,1.0,1.0,26,Entire home/apt,5.017279836814924,150.0
183,5.0,1,1,2,1.0,1.0,26,Entire home/apt,4.394449154672439,80.0
2,5.0,0,1,6,3.0,3.0,26,Entire home/apt,5.170483995038151,175.0
167,5.0,1,1,2,1.0,0.0,26,Entire home/apt,4.330733340286331,75.0
13,5.0,1,1,6,2.0,3.0,26,Entire home/apt,6.2166061010848646,500.0
21,4.5,1,1,2,1.0,1.0,26,Private room,3.9318256327243257,50.0
6,5.0,1,1,8,3.0,4.0,26,Entire home/apt,4.454347296253507,85.0
111,5.0,1,1,3,1.0,1.0,26,Entire home/apt,5.69035945432406,295.0
4,5.0,1,1,8,3.0,3.0,26,Entire home/apt,5.860786223465865,350.0
25,5.0,1,1,1,1.5,1.0,27,Private room,4.110873864173311,60.0
135,5.0,1,1,1,1.0,1.0,22,Private room,3.5263605246161616,33.0
38,4.5,1,1,6,1.0,2.0,26,Entire home/apt,5.075173815233827,159.0
1,5.0,0,1,8,2.0,4.0,26,Entire home/apt,4.948759890378168,140.0
308,5.0,1,1,4,1.0,1.0,26,Entire home/apt,4.61512051684126,100.0
0,5.0,0,0,2,2.5,1.0,26,Private room,5.420534999272286,225.0
19,5.0,1,1,4,1.5,2.0,26,Entire home/apt,5.3981627015177525,220.0
287,4.5,1,1,4,1.0,1.0,26,Entire home/apt,4.330733340286331,75.0
207,5.0,1,1,2,1.0,1.0,26,Private room,4.454347296253507,85.0
98,5.0,1,1,5,1.0,2.0,26,Entire home/apt,5.081404364984463,160.0
41,5.0,1,1,2,1.0,1.0,26,Private room,4.330733340286331,75.0
401,5.0,1,1,2,1.0,1.0,26,Entire home/apt,4.394449154672439,80.0
15,4.5,1,1,6,1.0,3.0,26,Entire home/apt,5.003946305945459,148.0
38,5.0,1,1,1,1.0,1.0,26,Private room,3.6635616461296463,38.0
127,5.0,1,1,5,1.0,2.0,26,Entire home/apt,4.382026634673881,79.0
4,5.0,1,1,2,1.0,1.0,26,Entire home/apt,5.327876168789581,205.0
17,5.0,1,1,2,1.0,1.0,27,Private room,3.713572066704308,40.0
4,5.0,1,1,1,1.0,1.0,26,Private room,4.948759890378168,140.0
120,5.0,1,1,5,1.0,2.0,26,Entire home/apt,4.6443908991413725,103.0
6,4.5,1,1,2,1.0,1.0,26,Entire home/apt,4.174387269895637,64.0
45,4.5,1,1,5,1.0,1.0,26,Entire home/apt,5.170483995038151,175.0
59,5.0,1,1,4,1.0,1.0,26,Entire home/apt,4.836281906951478,125.0
180,4.5,1,1,2,1.0,1.0,26,Entire home/apt,3.9318256327243257,50.0
57,4.5,1,1,2,1.0,1.0,26,Private room,4.61512051684126,100.0
74,5.0,1,1,2,1.0,1.0,26,Entire home/apt,4.605170185988092,99.0
0,5.0,0,0,2,1.0,0.0,26,Entire home/apt,4.158883083359672,63.0
110,4.5,1,1,12,3.0,4.0,26,Entire home/apt,4.820281565605037,123.0
51,4.5,1,1,3,1.0,0.0,26,Entire home/apt,4.189654742026425,65.0
0,5.0,0,0,2,1.5,1.0,26,Private room,3.9889840465642745,53.0
81,4.5,1,1,2,1.0,1.0,26,Entire home/apt,4.330733340286331,75.0
64,5.0,1,1,3,1.0,0.0,26,Entire home/apt,4.189654742026425,65.0
216,5.0,1,1,6,1.0,2.0,26,Entire home/apt,4.61512051684126,100.0
223,5.0,1,1,4,1.0,2.0,26,Entire home/apt,5.1298987149230735,168.0
8,5.0,1,1,7,2.0,3.0,26,Entire home/apt,4.948759890378168,140.0
192,5.0,1,1,2,1.0,1.0,26,Private room,3.9889840465642745,53.0
30,5.0,1,1,2,1.0,1.0,26,Entire home/apt,4.262679877041316,70.0
27,4.5,1,1,6,1.5,2.0,26,Entire home/apt,4.543294782270004,93.0
43,5.0,1,1,2,1.0,1.0,26,Private room,3.9318256327243257,50.0
14,5.0,1,1,4,1.0,2.0,27,Entire home/apt,5.010635294096256,149.0
18,5.0,1,1,3,1.0,0.0,26,Entire home/apt,4.795790545596741,120.0
74,5.0,1,1,2,1.0,1.0,26,Private room,3.713572066704308,40.0
293,5.0,1,1,2,1.0,1.0,26,Entire home/apt,4.330733340286331,75.0
4,5.0,1,1,6,1.5,3.0,26,Entire home/apt,5.786897381366708,325.0
155,5.0,1,1,4,1.0,2.0,26,Entire home/apt,4.532599493153256,92.0
61,5.0,1,1,4,1.0,2.0,26,Entire home/apt,5.049856007249537,155.0
8,5.0,1,1,8,2.0,3.0,26,Entire home/apt,5.4638318050256105,235.0
1,5.0,0,1,2,1.5,1.0,26,Entire home/apt,4.897839799950911,133.0
4,4.5,1,1,1,1.0,1.0,26,Entire home/apt,4.564348191467836,95.0
46,5.0,1,1,8,2.5,3.0,26,Entire home/apt,5.068904202220232,158.0
183,5.0,1,1,2,1.0,1.0,26,Entire home/apt,4.499809670330265,89.0
89,5.0,1,1,5,1.0,0.0,26,Entire home/apt,4.61512051684126,100.0
15,4.5,1,1,4,1.0,1.0,26,Entire home/apt,5.111987788356544,165.0
127,4.5,1,1,4,1.0,1.0,26,Entire home/apt,4.127134385045092,61.0
114,5.0,1,1,2,1.0,1.0,26,Entire home/apt,4.499809670330265,89.0
304,5.0,1,1,4,3.0,2.0,26,Entire home/apt,3.8501476017100575,46.0
117,5.0,1,1,3,1.0,1.0,27,Entire home/apt,4.605170185988092,99.0
235,5.0,1,1,5,1.5,2.0,26,Entire home/apt,4.330733340286331,75.0
70,5.0,1,1,5,1.0,2.0,26,Entire home/apt,4.836281906951478,125.0
83,5.0,1,1,2,1.0,1.0,27,Entire home/apt,4.454347296253507,85.0
164,5.0,1,1,2,1.0,1.0,26,Entire home/apt,3.9318256327243257,50.0
229,4.5,1,1,3,1.0,1.0,26,Entire home/apt,4.68213122712422,107.0
49,5.0,1,1,16,4.0,7.0,26,Entire home/apt,6.111467339502679,450.0
28,5.0,1,1,5,2.0,2.0,26,Entire home/apt,4.330733340286331,75.0
282,4.5,1,1,1,2.0,1.0,26,Shared room,3.4339872044851463,30.0
198,4.5,1,1,1,1.0,1.0,26,Shared room,3.4339872044851463,30.0
30,4.0,1,1,1,1.0,1.0,27,Private room,3.258096538021482,25.0
36,5.0,1,1,1,1.0,1.0,26,Private room,4.02535169073515,55.0
108,5.0,1,1,2,2.0,1.0,26,Entire home/apt,4.663439094112067,105.0
222,5.0,1,1,2,1.0,1.0,26,Entire home/apt,4.624972813284271,101.0
107,5.0,1,1,4,1.0,2.0,26,Private room,4.442651256490317,84.0
137,5.0,1,1,2,1.0,1.0,26,Entire home/apt,5.278114659230517,195.0
107,4.5,1,1,5,1.0,1.0,26,Entire home/apt,4.836281906951478,125.0
237,5.0,1,1,4,1.0,0.0,26,Entire home/apt,4.59511985013459,98.0
6,5.0,1,1,8,2.5,3.0,26,Entire home/apt,5.420534999272286,225.0
114,5.0,1,1,1,1.0,1.0,26,Private room,3.58351893845611,35.0
54,5.0,1,1,2,1.0,1.0,26,Private room,3.8918202981106265,48.0
114,4.5,1,1,2,1.0,1.0,26,Private room,3.828641396489095,45.0
133,4.5,1,1,4,1.0,2.0,26,Entire home/apt,4.74493212836325,114.0
77,5.0,1,1,2,1.0,1.0,26,Private room,5.66988092298052,289.0
77,5.0,1,1,2,1.0,1.0,26,Private room,4.189654742026425,65.0
104,4.5,1,1,2,1.0,1.0,27,Private room,3.8918202981106265,48.0
55,5.0,1,1,2,1.5,1.0,26,Private room,4.07753744390572,58.0
184,5.0,1,1,5,1.0,1.0,26,Entire home/apt,4.330733340286331,75.0
376,5.0,1,1,2,1.0,1.0,26,Private room,4.110873864173311,60.0
212,5.0,1,1,2,1.0,0.0,26,Entire home/apt,4.564348191467836,95.0
33,5.0,1,1,4,1.5,2.0,26,Entire home/apt,5.135798437050262,169.0
174,5.0,1,1,2,1.0,1.0,26,Private room,3.6375861597263857,37.0
53,5.0,1,1,2,1.0,1.0,26,Private room,4.564348191467836,95.0
66,5.0,1,1,3,1.0,1.0,26,Entire home/apt,4.61512051684126,100.0
34,5.0,1,1,3,1.0,1.0,26,Entire home/apt,4.454347296253507,85.0
4,5.0,1,1,1,1.0,1.0,26,Entire home/apt,4.110873864173311,60.0
142,5.0,1,1,5,2.0,2.0,26,Entire home/apt,4.564348191467836,95.0
441,5.0,1,1,2,1.0,1.0,26,Private room,3.7612001156935615,42.0
124,4.5,1,1,6,2.0,2.0,26,Entire home/apt,5.225746673713202,185.0
62,4.5,1,1,6,1.0,2.0,26,Entire home/apt,4.787491742782046,119.0
421,5.0,1,1,2,1.0,1.0,26,Private room,3.7612001156935615,42.0
37,5.0,1,1,6,2.0,3.0,26,Entire home/apt,5.420534999272286,225.0
6,5.0,1,1,10,2.0,4.0,26,Entire home/apt,5.081404364984463,160.0
13,5.0,1,1,8,1.0,3.0,26,Entire home/apt,4.912654885736052,135.0
84,5.0,1,1,2,1.0,1.0,26,Entire home/apt,4.262679877041316,70.0
194,5.0,1,1,6,1.0,2.0,26,Entire home/apt,4.382026634673881,79.0
118,5.0,1,1,2,1.0,1.0,26,Private room,3.828641396489095,45.0
195,5.0,1,1,4,1.0,1.0,26,Entire home/apt,4.584967478670572,97.0
133,5.0,1,1,2,1.0,1.0,26,Entire home/apt,4.709530201312334,110.0
15,4.5,1,1,4,1.0,1.0,26,Entire home/apt,4.499809670330265,89.0
41,5.0,1,1,2,1.0,1.0,26,Private room,3.6375861597263857,37.0
75,5.0,1,1,2,1.0,1.0,26,Entire home/apt,4.74493212836325,114.0
4,5.0,1,1,1,1.0,1.0,26,Private room,4.262679877041316,70.0
234,5.0,1,1,5,2.0,2.0,26,Entire home/apt,4.927253685157205,137.0
58,5.0,1,1,4,1.0,1.0,26,Entire home/apt,4.867534450455582,129.0
113,5.0,1,1,6,2.5,3.0,26,Entire home/apt,5.170483995038151,175.0
159,5.0,1,1,6,2.0,3.0,26,Entire home/apt,5.198497031265826,180.0
25,5.0,1,1,2,1.0,1.0,26,Private room,4.330733340286331,75.0
29,5.0,1,1,3,1.0,1.0,26,Entire home/apt,4.51085950651685,90.0
8,4.5,1,1,8,2.5,3.0,26,Entire home/apt,5.62040086571715,275.0
218,4.5,1,1,4,1.0,1.0,26,Entire home/apt,4.51085950651685,90.0
67,5.0,1,1,4,1.0,1.0,26,Entire home/apt,4.836281906951478,125.0
77,5.0,1,1,2,1.0,1.0,26,Entire home/apt,4.454347296253507,85.0
69,5.0,1,1,4,1.0,2.0,26,Entire home/apt,4.700480365792417,109.0
202,4.5,1,1,3,1.0,0.0,26,Entire home/apt,4.248495242049359,69.0
5,5.0,1,1,1,2.0,1.0,26,Private room,3.7612001156935615,42.0
143,5.0,1,1,2,1.0,1.0,26,Private room,3.9318256327243257,50.0
45,5.0,1,1,4,1.0,2.0,26,Private room,5.010635294096256,149.0
149,4.5,1,1,2,1.0,1.0,27,Entire home/apt,4.663439094112067,105.0
18,5.0,1,1,2,1.0,1.0,26,Private room,3.828641396489095,45.0
19,5.0,1,1,6,2.5,3.0,26,Entire home/apt,5.707110264748875,300.0
112,5.0,1,1,2,1.0,1.0,26,Entire home/apt,4.564348191467836,95.0
222,5.0,1,1,4,1.0,2.0,26,Entire home/apt,4.912654885736052,135.0
26,4.5,1,1,1,1.0,1.0,26,Private room,3.951243718581428,51.0
167,4.5,1,1,2,1.0,1.0,26,Entire home/apt,4.454347296253507,85.0
25,4.5,1,1,2,1.0,1.0,26,Private room,4.204692619390966,66.0
46,5.0,1,1,2,1.0,0.0,32,Entire home/apt,4.454347296253507,85.0
32,5.0,1,1,8,3.0,4.0,26,Entire home/apt,5.860786223465865,350.0
37,5.0,1,1,3,1.0,0.0,26,Entire home/apt,4.61512051684126,100.0
0,5.0,0,0,8,3.5,4.0,27,Entire home/apt,6.2166061010848646,500.0
3,5.0,1,1,2,1.0,1.0,26,Shared room,3.4339872044851463,30.0
253,4.5,1,1,2,1.0,1.0,26,Entire home/apt,4.02535169073515,55.0
105,5.0,1,1,4,1.0,1.0,26,Entire home/apt,4.663439094112067,105.0
144,5.0,1,1,2,1.0,1.0,26,Private room,4.248495242049359,69.0
16,4.5,1,1,2,1.0,1.0,26,Entire home/apt,4.007333185232471,54.0
24,4.5,1,1,1,1.0,1.0,27,Private room,4.110873864173311,60.0
29,5.0,1,1,2,1.0,1.0,26,Entire home/apt,3.912023005428146,49.0
5,5.0,1,1,2,1.0,1.0,26,Entire home/apt,4.700480365792417,109.0
7,4.5,1,1,6,1.5,2.0,26,Entire home/apt,4.836281906951478,125.0
13,5.0,1,1,2,1.0,1.0,26,Private room,4.61512051684126,100.0
95,5.0,1,1,4,1.0,0.0,26,Entire home/apt,4.709530201312334,110.0
126,5.0,1,1,2,1.0,1.0,26,Private room,3.828641396489095,45.0
31,5.0,1,1,2,1.0,1.0,27,Private room,4.262679877041316,70.0
28,5.0,1,1,2,1.0,1.0,27,Entire home/apt,5.017279836814924,150.0
23,5.0,1,1,4,1.5,2.0,26,Entire home/apt,4.804021044733257,121.0
42,5.0,1,1,2,1.0,1.0,26,Entire home/apt,4.454347296253507,85.0
24,5.0,1,1,4,1.0,1.0,26,Entire home/apt,4.605170185988092,99.0
148,5.0,1,1,6,2.0,3.0,26,Entire home/apt,4.948759890378168,140.0
62,5.0,1,1,2,1.0,1.0,26,Private room,4.110873864173311,60.0
91,5.0,1,1,16,3.5,6.0,26,Entire home/apt,6.2166061010848646,500.0
214,5.0,1,1,3,1.0,1.0,26,Entire home/apt,4.382026634673881,79.0
10,5.0,1,1,4,1.0,2.0,26,Entire home/apt,5.655991810819852,285.0
27,5.0,1,1,8,2.5,3.0,26,Entire home/apt,6.100318952020064,445.0
52,5.0,1,1,2,1.0,1.0,26,Private room,4.110873864173311,60.0
328,5.0,1,1,3,1.0,1.0,26,Private room,3.951243718581428,51.0
13,3.5,1,1,3,1.0,1.0,26,Entire home/apt,4.51085950651685,90.0
53,4.5,1,1,4,1.0,1.0,26,Entire home/apt,4.127134385045092,61.0
77,5.0,1,1,5,1.0,2.0,26,Entire home/apt,4.867534450455582,129.0
3,4.5,1,1,3,1.0,1.0,26,Entire home/apt,4.709530201312334,110.0
172,5.0,1,1,4,1.0,1.0,26,Entire home/apt,4.7535901911063645,115.0
53,5.0,1,1,3,1.0,0.0,26,Entire home/apt,3.9889840465642745,53.0
100,4.5,1,1,5,1.0,2.0,26,Entire home/apt,4.564348191467836,95.0
116,5.0,1,1,4,1.0,2.0,26,Entire home/apt,4.663439094112067,105.0
163,5.0,1,1,8,2.0,4.0,26,Entire home/apt,4.672828834461906,106.0
183,4.5,1,1,2,1.0,1.0,26,Entire home/apt,4.02535169073515,55.0
92,5.0,1,1,2,1.0,1.0,26,Private room,4.02535169073515,55.0
283,5.0,1,1,4,1.0,1.0,26,Entire home/apt,4.262679877041316,70.0
140,4.5,1,1,2,1.0,1.0,26,Private room,3.713572066704308,40.0
43,5.0,1,1,3,1.0,1.0,26,Entire home/apt,4.30406509320417,73.0
191,5.0,1,1,2,1.0,1.0,26,Entire home/apt,4.564348191467836,95.0
19,4.0,1,1,4,1.0,1.0,26,Entire home/apt,4.543294782270004,93.0
141,5.0,1,1,2,1.0,0.0,26,Entire home/apt,4.605170185988092,99.0
5,4.5,1,1,2,1.5,1.0,27,Private room,3.713572066704308,40.0
234,5.0,1,1,2,1.0,0.0,26,Entire home/apt,4.418840607796598,82.0
17,5.0,1,1,4,1.0,1.0,26,Entire home/apt,4.867534450455582,129.0
42,5.0,1,1,2,1.0,1.0,26,Entire home/apt,5.707110264748875,300.0
29,5.0,1,1,5,1.0,2.0,26,Entire home/apt,5.017279836814924,150.0
44,5.0,1,1,1,1.0,1.0,26,Private room,3.4339872044851463,30.0
102,5.0,1,1,5,1.0,1.0,26,Entire home/apt,4.394449154672439,80.0
172,4.5,1,1,5,2.0,1.0,26,Private room,3.4339872044851463,30.0
19,4.5,1,1,4,3.0,3.0,26,Entire home/apt,5.170483995038151,175.0
164,5.0,1,1,2,1.0,0.0,26,Entire home/apt,4.61512051684126,100.0
9,5.0,1,1,8,3.0,5.0,26,Entire home/apt,5.929589143389895,375.0
62,5.0,1,1,2,1.0,0.0,26,Entire home/apt,4.330733340286331,75.0
39,5.0,1,1,6,2.5,3.0,26,Entire home/apt,5.993961427306569,400.0
144,5.0,1,1,3,1.0,1.0,27,Entire home/apt,3.737669618283368,41.0
77,5.0,1,1,2,1.0,1.0,26,Entire home/apt,4.653960350157523,104.0
57,5.0,1,1,8,3.5,5.0,26,Entire home/apt,6.2166061010848646,500.0
16,5.0,1,1,3,1.0,0.0,26,Entire home/apt,4.394449154672439,80.0
218,4.5,1,1,5,1.0,1.0,26,Entire home/apt,4.553876891600541,94.0
15,4.5,1,1,2,1.0,1.0,26,Shared room,3.828641396489095,45.0
6,5.0,1,1,6,1.5,3.0,26,Entire home/apt,5.707110264748875,300.0
3,5.0,1,1,10,3.5,6.0,26,Entire home/apt,6.2166061010848646,500.0
14,5.0,1,1,2,2.0,1.0,26,Private room,4.836281906951478,125.0
181,5.0,1,1,2,1.0,1.0,26,Entire home/apt,4.605170185988092,99.0
1,5.0,0,1,7,1.0,4.0,26,Entire home/apt,5.568344503761097,261.0
38,5.0,1,1,2,1.0,1.0,26,Private room,5.170483995038151,175.0
329,5.0,1,1,3,1.0,1.0,26,Entire home/apt,4.430816798843313,83.0
6,5.0,1,1,7,2.5,3.0,26,Entire home/apt,5.225746673713202,185.0
267,5.0,1,1,4,1.0,0.0,26,Entire home/apt,4.02535169073515,55.0
3,4.5,1,1,8,1.5,4.0,26,Entire home/apt,5.525452939131784,250.0
20,5.0,1,1,4,1.0,2.0,27,Entire home/apt,5.707110264748875,300.0
8,5.0,1,1,4,1.0,2.0,27,Entire home/apt,4.718498871295094,111.0
36,4.5,1,1,8,1.5,3.0,26,Entire home/apt,4.691347882229144,108.0
232,5.0,1,1,2,1.0,1.0,26,Entire home/apt,4.499809670330265,89.0
62,5.0,1,1,2,1.0,1.0,26,Private room,4.174387269895637,64.0
114,5.0,1,1,7,1.0,3.0,26,Entire home/apt,4.795790545596741,120.0
201,4.5,1,1,5,1.0,1.0,26,Entire home/apt,4.553876891600541,94.0
55,4.5,1,1,4,2.0,2.0,26,Entire home/apt,5.69035945432406,295.0
76,5.0,1,1,8,2.0,3.0,26,Entire home/apt,5.860786223465865,350.0
121,4.5,1,1,8,0.0,1.0,26,Shared room,3.6375861597263857,37.0
32,5.0,1,1,2,1.0,1.0,27,Entire home/apt,4.02535169073515,55.0
152,4.5,1,1,2,1.0,0.0,26,Entire home/apt,4.574710978503383,96.0
142,5.0,1,1,4,1.0,1.0,26,Private room,3.9318256327243257,50.0
199,5.0,1,1,2,1.0,0.0,26,Entire home/apt,4.219507705176107,67.0
68,4.5,1,1,4,1.0,2.0,26,Entire home/apt,5.303304908059076,200.0
215,5.0,1,1,2,1.0,1.0,26,Private room,4.189654742026425,65.0
133,5.0,1,1,2,1.0,1.0,26,Entire home/apt,4.584967478670572,97.0
193,4.5,1,1,4,1.0,1.0,26,Entire home/apt,4.382026634673881,79.0
141,5.0,1,1,3,1.0,1.0,26,Entire home/apt,4.465908118654584,86.0
45,5.0,1,1,2,1.0,1.0,26,Private room,4.442651256490317,84.0
111,5.0,1,1,6,2.0,2.0,26,Entire home/apt,5.241747015059643,188.0
116,5.0,1,1,4,1.0,1.0,26,Entire home/apt,4.31748811353631,74.0
86,5.0,1,1,3,1.0,2.0,27,Entire home/apt,4.454347296253507,85.0
23,5.0,1,1,3,1.0,0.0,26,Entire home/apt,4.418840607796598,82.0
20,5.0,1,1,4,2.0,2.0,26,Entire home/apt,5.857933154483459,349.0
5,5.0,1,1,1,1.0,1.0,27,Private room,4.605170185988092,99.0
84,5.0,1,1,2,1.0,1.0,26,Entire home/apt,4.553876891600541,94.0
57,5.0,1,1,3,1.0,1.0,26,Entire home/apt,4.110873864173311,60.0
8,5.0,1,1,1,1.5,1.0,26,Private room,4.564348191467836,95.0
37,5.0,1,1,2,1.0,1.0,26,Private room,4.110873864173311,60.0
148,5.0,1,1,3,1.0,1.0,26,Entire home/apt,4.574710978503383,96.0
32,4.5,1,1,1,3.0,1.0,26,Private room,3.4011973816621555,29.0
24,4.5,1,1,1,1.0,1.0,26,Entire home/apt,4.394449154672439,80.0
38,5.0,1,1,2,1.0,1.0,26,Private room,4.143134726391533,62.0
148,5.0,1,1,4,1.0,2.0,26,Entire home/apt,4.709530201312334,110.0
60,5.0,1,1,4,2.5,2.0,26,Entire home/apt,5.817111159963204,335.0
17,4.5,1,1,4,2.0,1.0,28,Entire home/apt,5.19295685089021,179.0
35,5.0,1,1,2,1.0,1.0,27,Private room,3.80666248977032,44.0
52,5.0,1,1,4,1.0,1.0,26,Entire home/apt,4.795790545596741,120.0
46,5.0,1,1,2,1.0,0.0,26,Entire home/apt,4.51085950651685,90.0
9,5.0,1,1,4,1.0,1.0,26,Entire home/apt,4.605170185988092,99.0
22,4.5,1,1,4,1.0,1.0,26,Entire home/apt,4.605170185988092,99.0
24,5.0,1,1,2,1.0,1.0,26,Entire home/apt,4.59511985013459,98.0
66,5.0,1,1,6,2.0,2.0,26,Entire home/apt,5.288267030694535,197.0
216,4.5,1,1,5,1.0,1.0,26,Entire home/apt,4.31748811353631,74.0
17,5.0,1,1,2,1.0,1.0,26,Entire home/apt,4.51085950651685,90.0
31,5.0,1,1,2,1.0,1.0,26,Private room,4.499809670330265,89.0
10,5.0,1,1,2,1.0,1.0,26,Entire home/apt,5.365976015021851,213.0
175,5.0,1,1,6,1.0,3.0,26,Entire home/apt,4.477336814478207,87.0
292,4.5,1,1,2,1.0,0.0,26,Entire home/apt,4.110873864173311,60.0
94,5.0,1,1,4,1.0,2.0,26,Entire home/apt,5.017279836814924,150.0
153,4.5,1,1,3,1.0,1.0,26,Entire home/apt,4.110873864173311,60.0
70,5.0,1,1,4,1.0,1.0,26,Entire home/apt,4.454347296253507,85.0
105,5.0,1,1,2,1.0,1.0,26,Private room,4.499809670330265,89.0
80,5.0,1,1,2,1.0,0.0,26,Entire home/apt,4.584967478670572,97.0
67,5.0,1,1,8,2.5,4.0,26,Entire home/apt,5.594711379601839,268.0
4,5.0,1,1,1,1.0,1.0,26,Private room,3.5263605246161616,33.0
153,4.5,1,1,2,1.0,1.0,26,Private room,3.828641396489095,45.0
52,4.5,1,1,2,1.0,1.0,26,Entire home/apt,4.189654742026425,65.0
166,4.5,1,1,4,1.0,2.0,26,Entire home/apt,4.51085950651685,90.0
200,5.0,1,1,2,1.0,1.0,26,Private room,4.110873864173311,60.0
245,5.0,1,1,2,1.0,1.0,26,Private room,4.262679877041316,70.0
11,5.0,1,1,6,2.5,4.0,26,Entire home/apt,5.631211781821365,278.0
1,5.0,0,1,2,1.0,1.0,26,Private room,4.0943445622221,59.0
205,5.0,1,1,4,1.0,2.0,26,Entire home/apt,4.430816798843313,83.0
157,4.5,1,1,6,1.0,2.0,26,Entire home/apt,4.61512051684126,100.0
198,5.0,1,1,8,2.5,3.0,26,Entire home/apt,5.187385805840755,178.0
67,5.0,1,1,4,1.0,2.0,26,Entire home/apt,5.19295685089021,179.0
22,5.0,1,1,2,1.0,1.0,26,Private room,4.442651256490317,84.0
105,5.0,1,1,4,1.0,1.0,26,Entire home/apt,4.7535901911063645,115.0
62,5.0,1,1,2,1.0,1.0,26,Entire home/apt,4.787491742782046,119.0
220,5.0,1,1,3,0.5,0.0,26,Entire home/apt,4.382026634673881,79.0
29,5.0,1,1,2,1.0,1.0,26,Entire home/apt,4.795790545596741,120.0
108,5.0,1,1,3,1.0,1.0,26,Entire home/apt,4.007333185232471,54.0
79,5.0,1,1,6,1.5,2.0,26,Entire home/apt,5.4638318050256105,235.0
7,5.0,1,1,2,1.5,1.0,26,Private room,4.7535901911063645,115.0
55,5.0,1,1,2,1.0,1.0,27,Private room,4.262679877041316,70.0
6,4.5,1,1,8,3.5,4.0,26,Entire home/apt,6.2166061010848646,500.0
57,4.5,1,1,12,3.0,5.0,26,Entire home/apt,4.330733340286331,75.0
52,5.0,1,1,6,3.0,3.0,26,Entire home/apt,5.5053315359323625,245.0
95,5.0,1,1,4,1.0,2.0,26,Private room,4.04305126783455,56.0
44,5.0,1,1,4,1.0,1.0,26,Entire home/apt,3.9318256327243257,50.0
113,5.0,1,1,4,1.0,1.0,26,Entire home/apt,4.787491742782046,119.0
19,5.0,1,1,5,1.0,2.0,26,Entire home/apt,4.976733742420574,144.0
34,5.0,1,1,8,2.5,3.0,26,Entire home/apt,6.2166061010848646,500.0
36,5.0,1,1,3,1.0,1.0,26,Entire home/apt,4.836281906951478,125.0
450,5.0,1,1,2,1.0,1.0,26,Private room,3.9318256327243257,50.0
36,4.5,1,1,7,1.0,2.0,26,Entire home/apt,5.25227342804663,190.0
52,4.5,1,1,6,1.0,2.0,26,Entire home/apt,4.867534450455582,129.0
265,5.0,1,1,8,2.5,4.0,26,Entire home/apt,4.941642422609304,139.0
13,4.5,1,1,3,1.0,0.0,26,Entire home/apt,4.90527477843843,134.0
29,5.0,1,1,2,1.0,1.0,27,Private room,4.406719247264253,81.0
59,5.0,1,1,2,1.0,1.0,26,Private room,4.61512051684126,100.0
26,5.0,1,1,2,1.0,1.0,26,Entire home/apt,4.867534450455582,129.0
54,5.0,1,1,2,1.0,1.0,26,Entire home/apt,4.394449154672439,80.0
6,4.5,1,1,1,1.0,1.0,26,Private room,4.787491742782046,119.0
12,5.0,1,1,2,1.0,1.0,26,Entire home/apt,4.700480365792417,109.0
41,4.5,1,1,8,2.0,3.0,26,Entire home/apt,5.521460917862246,249.0
370,4.5,1,1,1,2.0,1.0,26,Private room,3.58351893845611,35.0
244,4.5,1,1,2,2.0,1.0,26,Private room,3.58351893845611,35.0
35,5.0,1,1,1,1.5,1.0,26,Private room,4.04305126783455,56.0
97,5.0,1,1,2,1.5,1.0,26,Entire home/apt,4.51085950651685,90.0
150,5.0,1,1,4,1.0,1.0,26,Entire home/apt,4.795790545596741,120.0
14,4.5,1,1,3,1.0,1.0,26,Entire home/apt,4.912654885736052,135.0
217,5.0,1,1,2,1.0,1.0,26,Entire home/apt,4.060443010546419,57.0
47,5.0,1,1,4,1.0,1.0,26,Entire home/apt,4.836281906951478,125.0
128,5.0,1,1,2,1.0,0.0,26,Entire home/apt,4.605170185988092,99.0
11,5.0,1,1,3,1.5,2.0,26,Entire home/apt,4.51085950651685,90.0
224,5.0,1,1,6,1.0,2.0,26,Entire home/apt,4.709530201312334,110.0
74,5.0,1,1,2,1.0,1.0,26,Entire home/apt,4.3694478524670215,78.0
106,5.0,1,1,4,1.0,1.0,27,Entire home/apt,4.382026634673881,79.0
6,5.0,1,1,1,1.0,1.0,26,Private room,4.248495242049359,69.0
170,5.0,1,1,4,1.0,2.0,26,Entire home/apt,4.836281906951478,125.0
41,4.5,1,1,3,1.0,1.0,26,Entire home/apt,4.189654742026425,65.0
31,4.5,1,1,4,1.0,1.0,26,Entire home/apt,4.890349128221754,132.0
57,5.0,1,1,3,1.0,1.0,26,Entire home/apt,3.912023005428146,49.0
21,4.5,1,1,4,1.0,1.0,26,Entire home/apt,4.795790545596741,120.0
207,5.0,1,1,2,1.0,1.0,26,Entire home/apt,4.343805421853684,76.0
9,4.5,1,1,2,1.0,1.0,26,Entire home/apt,4.912654885736052,135.0
46,5.0,1,1,2,1.0,0.0,26,Entire home/apt,4.787491742782046,119.0
139,5.0,1,1,2,1.0,1.0,26,Entire home/apt,4.382026634673881,79.0
223,5.0,1,1,2,1.0,1.0,26,Entire home/apt,4.564348191467836,95.0
133,5.0,1,1,12,3.5,4.0,26,Entire home/apt,5.153291594497779,172.0
248,5.0,1,1,4,1.0,1.0,26,Entire home/apt,4.634728988229636,102.0
228,4.5,1,1,2,1.0,1.0,26,Entire home/apt,4.07753744390572,58.0
3,5.0,1,1,5,2.0,2.0,26,Entire home/apt,5.209486152841421,182.0
14,5.0,1,1,2,1.0,1.0,26,Entire home/apt,5.525452939131784,250.0
239,5.0,1,1,2,1.0,1.0,26,Entire home/apt,3.58351893845611,35.0
80,5.0,1,1,4,1.0,1.0,26,Entire home/apt,4.605170185988092,99.0
24,5.0,1,1,2,1.0,1.0,26,Entire home/apt,4.394449154672439,80.0
138,5.0,1,1,2,1.0,1.0,26,Private room,3.4339872044851463,30.0
24,5.0,1,1,3,1.0,1.0,26,Entire home/apt,5.521460917862246,249.0
71,5.0,1,1,7,1.0,3.0,28,Entire home/apt,4.248495242049359,69.0
182,5.0,1,1,2,1.0,1.0,26,Entire home/apt,4.248495242049359,69.0
180,5.0,1,1,4,1.0,1.0,26,Entire home/apt,4.663439094112067,105.0
245,5.0,1,1,2,1.0,1.0,26,Entire home/apt,4.51085950651685,90.0
47,5.0,1,1,6,1.0,2.0,26,Entire home/apt,4.912654885736052,135.0
69,5.0,1,1,2,2.0,1.0,26,Private room,4.418840607796598,82.0
19,4.5,1,1,3,1.0,1.0,26,Entire home/apt,5.739792912179234,310.0
47,5.0,1,1,3,1.0,1.0,26,Entire home/apt,4.394449154672439,80.0
99,5.0,1,1,4,1.0,2.0,26,Entire home/apt,4.875197323201151,130.0
45,5.0,1,1,6,2.5,3.0,26,Entire home/apt,4.912654885736052,135.0
28,5.0,1,1,2,1.0,1.0,26,Private room,3.9318256327243257,50.0
107,5.0,1,1,1,1.0,1.0,26,Private room,3.5263605246161616,33.0
90,5.0,1,1,6,1.0,3.0,26,Entire home/apt,4.836281906951478,125.0
122,5.0,1,1,1,2.0,1.0,26,Private room,3.4339872044851463,30.0
10,4.5,1,1,2,1.0,1.0,26,Entire home/apt,4.605170185988092,99.0
51,5.0,1,1,5,2.5,3.0,26,Entire home/apt,5.170483995038151,175.0
50,4.5,1,1,2,1.0,1.0,26,Entire home/apt,4.61512051684126,100.0
22,5.0,1,1,4,1.0,2.0,26,Private room,4.0943445622221,59.0
171,5.0,1,1,2,1.0,1.0,26,Entire home/apt,4.454347296253507,85.0
28,4.5,1,1,3,1.0,1.0,26,Entire home/apt,4.795790545596741,120.0
52,5.0,1,1,4,1.0,1.0,26,Entire home/apt,4.875197323201151,130.0
295,5.0,1,1,2,1.0,0.0,26,Entire home/apt,4.0943445622221,59.0
105,4.5,1,1,2,1.0,0.0,26,Entire home/apt,4.51085950651685,90.0
440,5.0,1,1,2,1.0,0.0,26,Entire home/apt,4.248495242049359,69.0
28,5.0,1,1,4,1.0,2.0,26,Entire home/apt,4.983606621708336,145.0
0,5.0,0,0,2,1.0,1.0,26,Private room,4.770684624465665,117.0
4,5.0,1,1,4,1.5,2.0,26,Private room,4.605170185988092,99.0
58,5.0,1,1,6,1.0,2.0,26,Entire home/apt,5.017279836814924,150.0
35,4.5,1,1,3,1.0,1.0,26,Entire home/apt,4.394449154672439,80.0
332,5.0,1,1,2,1.0,0.0,26,Entire home/apt,4.110873864173311,60.0
1,5.0,0,1,2,1.0,1.0,26,Private room,5.303304908059076,200.0
53,5.0,1,1,4,1.5,2.0,26,Entire home/apt,5.111987788356544,165.0
73,5.0,1,1,2,1.0,1.0,26,Private room,3.8918202981106265,48.0
306,5.0,1,1,1,2.0,1.0,26,Private room,3.58351893845611,35.0
225,5.0,1,1,2,1.0,1.0,26,Private room,3.258096538021482,25.0
13,4.0,1,1,2,1.0,1.0,27,Private room,4.0943445622221,59.0
182,5.0,1,1,2,1.0,1.0,26,Entire home/apt,4.532599493153256,92.0
0,5.0,0,0,2,1.0,1.0,26,Private room,4.189654742026425,65.0
53,5.0,1,1,3,1.0,1.0,26,Entire home/apt,4.394449154672439,80.0
201,4.5,1,1,10,3.5,3.0,26,Entire home/apt,5.14166355650266,170.0
203,5.0,1,1,4,1.0,1.0,26,Entire home/apt,4.276666119016055,71.0
7,5.0,1,1,6,2.0,3.0,26,Entire home/apt,5.198497031265826,180.0
31,5.0,1,1,4,2.0,2.0,26,Entire home/apt,5.303304908059076,200.0
9,5.0,1,1,10,2.0,4.0,26,Entire home/apt,5.017279836814924,150.0
113,5.0,1,1,3,1.0,1.0,26,Entire home/apt,4.330733340286331,75.0
46,5.0,1,1,4,2.0,2.0,26,Private room,4.330733340286331,75.0
32,4.5,1,1,2,1.0,1.0,26,Entire home/apt,4.04305126783455,56.0
144,4.5,1,1,4,1.0,2.0,26,Entire home/apt,5.017279836814924,150.0
15,5.0,1,1,6,1.0,3.0,26,Entire home/apt,4.812184355372417,122.0
128,4.5,1,1,5,1.0,1.0,26,Entire home/apt,4.248495242049359,69.0
78,5.0,1,1,14,3.5,5.0,26,Entire home/apt,6.001414877961151,403.0
11,4.5,1,1,1,1.0,1.0,26,Private room,3.4011973816621555,29.0
274,5.0,1,1,2,1.0,0.0,26,Entire home/apt,4.394449154672439,80.0
140,5.0,1,1,2,1.0,0.0,26,Entire home/apt,4.454347296253507,85.0
136,5.0,1,1,2,1.0,0.0,26,Entire home/apt,4.61512051684126,100.0
221,4.5,1,1,3,1.0,1.0,26,Private room,3.4011973816621555,29.0
127,5.0,1,1,3,1.0,0.0,26,Entire home/apt,4.709530201312334,110.0
20,4.5,1,1,2,3.0,1.0,26,Private room,3.4657359027997265,31.0
110,5.0,1,1,5,1.5,2.0,26,Entire home/apt,4.51085950651685,90.0
247,5.0,1,1,2,1.0,1.0,26,Entire home/apt,4.110873864173311,60.0
78,5.0,1,1,3,1.0,1.0,26,Entire home/apt,5.017279836814924,150.0
163,4.5,1,1,2,1.0,1.0,26,Private room,3.258096538021482,25.0
4,5.0,1,1,4,2.0,1.0,26,Entire home/apt,4.912654885736052,135.0
6,5.0,1,1,4,1.0,2.0,26,Entire home/apt,5.081404364984463,160.0
166,4.5,1,1,5,1.5,2.0,26,Entire home/apt,4.454347296253507,85.0
106,4.5,1,1,4,1.0,1.0,26,Entire home/apt,3.9889840465642745,53.0
226,5.0,1,1,3,2.0,1.0,26,Private room,3.80666248977032,44.0
97,5.0,1,1,3,1.0,1.0,26,Entire home/apt,4.330733340286331,75.0
150,5.0,1,1,2,1.0,1.0,26,Private room,3.4339872044851463,30.0
24,5.0,1,1,2,2.0,1.0,26,Private room,4.7535901911063645,115.0
27,5.0,1,1,1,2.0,1.0,26,Private room,4.564348191467836,95.0
95,4.5,1,1,6,2.5,3.0,26,Entire home/apt,5.017279836814924,150.0
184,5.0,1,1,8,2.5,3.0,26,Entire home/apt,5.017279836814924,150.0
22,5.0,1,1,2,1.0,1.0,26,Entire home/apt,5.3981627015177525,220.0
29,5.0,1,1,4,1.0,2.0,27,Entire home/apt,4.948759890378168,140.0
69,5.0,1,1,3,1.0,1.0,26,Private room,4.07753744390572,58.0
81,5.0,1,1,3,1.0,0.0,26,Entire home/apt,4.48863636973214,88.0
35,5.0,1,1,2,1.0,1.0,26,Private room,3.828641396489095,45.0
127,4.5,1,1,5,1.0,2.0,26,Entire home/apt,4.189654742026425,65.0
157,5.0,1,1,4,1.0,1.0,26,Entire home/apt,4.262679877041316,70.0
79,5.0,1,1,2,1.0,1.0,26,Private room,4.499809670330265,89.0
110,5.0,1,1,3,1.0,1.0,26,Entire home/apt,4.605170185988092,99.0
336,4.5,1,1,10,2.0,2.0,26,Entire home/apt,4.605170185988092,99.0
81,5.0,1,1,2,1.0,1.0,26,Private room,4.248495242049359,69.0
41,5.0,1,1,6,1.0,2.0,26,Entire home/apt,4.61512051684126,100.0
30,5.0,1,1,2,1.0,1.0,26,Entire home/apt,4.795790545596741,120.0
64,5.0,1,1,4,1.0,0.0,26,Entire home/apt,4.290459441148391,72.0
16,4.5,1,1,1,1.0,1.0,26,Private room,3.58351893845611,35.0
5,5.0,1,1,2,0.5,1.0,26,Private room,5.4638318050256105,235.0
8,4.5,1,1,3,1.0,1.0,26,Entire home/apt,4.61512051684126,100.0
4,5.0,1,1,1,1.0,1.0,27,Private room,3.713572066704308,40.0
104,5.0,1,1,2,1.0,1.0,26,Private room,4.330733340286331,75.0
92,5.0,1,1,2,1.0,1.0,26,Private room,4.394449154672439,80.0
94,5.0,1,1,4,1.0,2.0,26,Entire home/apt,5.170483995038151,175.0
5,4.0,1,1,1,3.5,1.0,26,Shared room,4.189654742026425,65.0
232,5.0,1,1,2,1.0,1.0,26,Entire home/apt,3.688879454113936,39.0
14,4.5,1,1,1,1.0,1.0,27,Private room,3.610917912644224,36.0
145,5.0,1,1,4,1.0,2.0,26,Entire home/apt,4.605170185988092,99.0
85,5.0,1,1,1,1.5,1.0,26,Private room,3.828641396489095,45.0
102,5.0,1,1,2,1.0,0.0,26,Entire home/apt,4.709530201312334,110.0
31,5.0,1,1,7,2.5,3.0,26,Entire home/apt,4.867534450455582,129.0
0,5.0,0,0,1,1.0,1.0,26,Private room,4.189654742026425,65.0
153,5.0,1,1,2,1.0,1.0,26,Entire home/apt,5.010635294096256,149.0
51,5.0,1,1,7,2.5,4.0,27,Entire home/apt,5.521460917862246,249.0
126,5.0,1,1,6,1.0,2.0,26,Entire home/apt,4.61512051684126,100.0
23,4.5,1,1,4,2.0,2.0,26,Entire home/apt,5.857933154483459,349.0
192,5.0,1,1,4,1.0,0.0,26,Entire home/apt,4.382026634673881,79.0
34,4.5,1,1,2,1.0,1.0,26,Private room,4.189654742026425,65.0
134,5.0,1,1,2,1.0,1.0,26,Entire home/apt,4.499809670330265,89.0
3,4.5,1,1,4,1.0,3.0,26,Entire home/apt,5.786897381366708,325.0
106,5.0,1,1,5,1.0,2.0,26,Entire home/apt,4.709530201312334,110.0
80,5.0,1,1,5,2.0,2.0,26,Entire home/apt,5.420534999272286,225.0
205,5.0,1,1,8,2.5,3.0,26,Entire home/apt,4.836281906951478,125.0
69,4.5,1,1,2,1.0,1.0,25,Private room,3.4339872044851463,30.0
207,4.5,1,1,2,1.0,1.0,26,Private room,3.258096538021482,25.0
241,5.0,1,1,3,1.0,0.0,26,Entire home/apt,4.454347296253507,85.0
9,4.5,1,1,4,1.0,2.0,26,Entire home/apt,4.795790545596741,120.0
177,4.5,1,1,2,1.0,1.0,26,Entire home/apt,4.248495242049359,69.0
195,4.5,1,1,1,1.0,1.0,26,Private room,3.258096538021482,25.0
176,5.0,1,1,2,1.0,1.0,26,Private room,4.189654742026425,65.0
40,4.5,1,1,3,1.0,2.0,26,Private room,5.14166355650266,170.0
59,4.5,1,1,10,2.0,3.0,26,Entire home/apt,4.691347882229144,108.0
116,5.0,1,1,2,1.0,1.0,26,Entire home/apt,5.017279836814924,150.0
13,4.5,1,1,2,1.0,1.0,26,Private room,4.262679877041316,70.0
25,5.0,1,1,2,1.0,1.0,26,Private room,4.605170185988092,99.0
6,4.5,1,1,6,2.0,3.0,26,Entire home/apt,5.420534999272286,225.0
291,4.5,1,1,1,2.5,1.0,26,Private room,3.4339872044851463,30.0
74,5.0,1,1,2,1.0,1.0,26,Private room,3.555348061489413,34.0
99,5.0,1,1,4,1.0,1.0,26,Entire home/apt,4.51085950651685,90.0
54,5.0,1,1,1,1.0,1.0,26,Private room,3.367295829986474,28.0
43,4.5,1,1,1,1.0,1.0,26,Private room,3.970291913552122,52.0
94,5.0,1,1,6,2.0,2.0,26,Entire home/apt,5.796057750765372,328.0
56,5.0,1,1,2,1.0,1.0,26,Private room,3.828641396489095,45.0
16,4.5,1,1,7,2.5,2.0,26,Entire home/apt,6.2166061010848646,500.0
165,5.0,1,1,2,1.0,1.0,26,Entire home/apt,4.110873864173311,60.0
39,5.0,1,1,6,2.5,3.0,26,Entire home/apt,5.225746673713202,185.0
287,5.0,1,1,3,1.0,0.0,26,Entire home/apt,4.382026634673881,79.0
388,5.0,1,1,2,1.0,1.0,26,Entire home/apt,4.31748811353631,74.0
33,5.0,1,1,4,1.0,2.0,26,Entire home/apt,4.983606621708336,145.0
24,5.0,1,1,2,1.0,1.0,26,Entire home/apt,5.170483995038151,175.0
132,5.0,1,1,2,1.0,0.0,26,Entire home/apt,4.867534450455582,129.0
61,5.0,1,1,6,1.0,2.0,26,Entire home/apt,4.454347296253507,85.0
136,5.0,1,1,4,1.0,2.0,26,Entire home/apt,4.727387818712341,112.0
55,4.5,1,1,5,1.0,2.0,26,Entire home/apt,4.969813299576001,143.0
27,5.0,1,1,3,1.0,1.0,26,Entire home/apt,4.394449154672439,80.0
75,5.0,1,1,3,1.0,1.0,27,Entire home/apt,4.31748811353631,74.0
137,5.0,1,1,2,1.0,0.0,26,Entire home/apt,4.248495242049359,69.0
190,5.0,1,1,4,1.0,1.0,26,Private room,3.9318256327243257,50.0
151,5.0,1,1,2,1.0,0.0,26,Entire home/apt,4.330733340286331,75.0
36,5.0,1,1,4,1.0,1.0,26,Entire home/apt,5.075173815233827,159.0
10,4.5,1,1,6,1.0,2.0,26,Entire home/apt,5.135798437050262,169.0
309,5.0,1,1,2,1.0,1.0,26,Entire home/apt,4.290459441148391,72.0
172,5.0,1,1,4,1.0,2.0,26,Entire home/apt,4.262679877041316,70.0
204,4.5,1,1,2,1.0,1.0,26,Private room,3.258096538021482,25.0
181,4.5,1,1,1,1.0,1.0,26,Private room,3.258096538021482,25.0
178,4.5,1,1,2,1.0,1.0,26,Private room,3.367295829986474,28.0
42,5.0,1,1,2,1.0,1.0,26,Entire home/apt,4.454347296253507,85.0
340,5.0,1,1,4,1.0,0.0,26,Entire home/apt,4.442651256490317,84.0
28,5.0,1,1,2,1.0,1.0,27,Private room,4.262679877041316,70.0
87,5.0,1,1,4,1.0,2.0,26,Entire home/apt,4.553876891600541,94.0
0,5.0,0,0,4,1.0,1.0,26,Entire home/apt,4.795790545596741,120.0
67,5.0,1,1,2,1.0,0.0,26,Entire home/apt,4.795790545596741,120.0
267,4.5,1,1,2,1.0,0.0,26,Entire home/apt,4.110873864173311,60.0
178,5.0,1,1,2,1.0,1.0,26,Private room,4.0943445622221,59.0
13,5.0,1,1,6,1.0,3.0,26,Entire home/apt,5.303304908059076,200.0
54,5.0,1,1,2,1.0,1.0,27,Entire home/apt,4.867534450455582,129.0
167,5.0,1,1,3,1.5,1.0,26,Private room,4.564348191467836,95.0
254,5.0,1,1,3,1.0,0.0,26,Entire home/apt,3.9318256327243257,50.0
116,5.0,1,1,2,1.5,1.0,26,Private room,4.248495242049359,69.0
132,5.0,1,1,2,1.0,1.0,26,Entire home/apt,4.7535901911063645,115.0
33,5.0,1,1,4,2.0,4.0,26,Entire home/apt,5.41610040220442,224.0
50,5.0,1,1,1,1.0,1.0,26,Entire home/apt,4.7535901911063645,115.0
119,5.0,1,1,4,1.0,1.0,26,Entire home/apt,4.382026634673881,79.0
82,4.5,1,1,2,1.0,1.0,26,Entire home/apt,5.25227342804663,190.0
77,5.0,1,1,4,1.0,2.0,26,Entire home/apt,4.605170185988092,99.0
14,5.0,1,1,8,1.0,2.0,26,Entire home/apt,5.303304908059076,200.0
76,5.0,1,1,8,3.5,3.0,26,Entire home/apt,5.2574953720277815,191.0
3,5.0,1,1,1,1.0,1.0,26,Private room,4.262679877041316,70.0
6,5.0,1,1,2,1.0,1.0,26,Entire home/apt,4.605170185988092,99.0
25,5.0,1,1,1,1.0,1.0,26,Private room,3.258096538021482,25.0
137,5.0,1,1,6,1.0,2.0,26,Entire home/apt,4.61512051684126,100.0
67,5.0,1,1,6,2.5,3.0,26,Entire home/apt,5.298317366548036,199.0
14,5.0,1,1,3,1.0,1.0,26,Private room,4.442651256490317,84.0
43,5.0,1,1,5,1.0,2.0,26,Entire home/apt,4.68213122712422,107.0
55,5.0,1,1,4,1.0,1.0,26,Entire home/apt,5.111987788356544,165.0
19,5.0,1,1,2,0.5,1.0,26,Entire home/apt,4.189654742026425,65.0
252,5.0,1,1,3,1.0,0.0,26,Entire home/apt,3.9318256327243257,50.0
206,5.0,1,1,4,1.0,0.0,26,Entire home/apt,3.828641396489095,45.0
140,5.0,1,1,4,1.0,1.0,26,Entire home/apt,4.30406509320417,73.0
162,5.0,1,1,2,1.0,1.0,26,Private room,3.6375861597263857,37.0
57,5.0,1,1,2,1.0,1.0,26,Private room,3.828641396489095,45.0
15,5.0,1,1,3,1.0,1.0,26,Entire home/apt,4.912654885736052,135.0
34,5.0,1,1,2,1.0,1.0,26,Private room,4.709530201312334,110.0
8,5.0,1,1,6,2.5,3.0,27,Entire home/apt,5.123963979403259,167.0
132,5.0,1,1,2,1.0,1.0,26,Private room,4.189654742026425,65.0
103,5.0,1,1,2,1.0,1.0,26,Entire home/apt,4.605170185988092,99.0
157,5.0,1,1,2,1.0,1.0,26,Private room,4.248495242049359,69.0
32,5.0,1,1,1,1.0,1.0,26,Private room,4.07753744390572,58.0
28,5.0,1,1,4,2.0,2.0,26,Entire home/apt,5.480638923341991,239.0
296,5.0,1,1,2,1.0,1.0,26,Entire home/apt,4.0943445622221,59.0
108,5.0,1,1,2,1.0,1.0,26,Entire home/apt,5.075173815233827,159.0
213,5.0,1,1,2,1.0,1.0,26,Entire home/apt,4.454347296253507,85.0
131,5.0,1,1,2,1.0,0.0,26,Entire home/apt,3.9889840465642745,53.0
74,4.5,1,1,5,2.0,2.0,26,Entire home/apt,4.836281906951478,125.0
35,4.5,1,1,5,2.0,2.0,26,Entire home/apt,4.709530201312334,110.0
39,4.5,1,1,5,2.0,2.0,26,Entire home/apt,4.709530201312334,110.0
7,5.0,1,1,5,2.0,2.0,26,Entire home/apt,4.709530201312334,110.0
30,5.0,1,1,2,1.0,1.0,26,Entire home/apt,4.290459441148391,72.0
82,5.0,1,1,2,1.0,2.0,26,Entire home/apt,5.298317366548036,199.0
3,5.0,1,1,10,2.5,4.0,26,Entire home/apt,5.929589143389895,375.0
28,5.0,1,1,3,1.0,1.0,26,Entire home/apt,4.948759890378168,140.0
78,5.0,1,1,6,1.0,2.0,26,Entire home/apt,4.07753744390572,58.0
269,5.0,1,1,3,1.0,1.0,26,Entire home/apt,4.143134726391533,62.0
150,4.5,1,1,2,1.0,1.0,26,Private room,4.110873864173311,60.0
99,5.0,1,1,2,1.0,0.0,26,Entire home/apt,4.605170185988092,99.0
345,5.0,1,1,7,1.0,2.0,26,Entire home/apt,4.330733340286331,75.0
290,5.0,1,1,3,1.0,1.0,26,Entire home/apt,4.23410650459726,68.0
190,5.0,1,1,2,1.0,1.0,26,Entire home/apt,3.8501476017100575,46.0
175,5.0,1,1,4,1.0,2.0,26,Entire home/apt,4.248495242049359,69.0
17,5.0,1,1,2,1.0,1.0,26,Private room,4.290459441148391,72.0
5,4.5,1,1,2,1.0,1.0,28,Entire home/apt,4.158883083359672,63.0
32,4.5,1,1,8,2.0,4.0,26,Entire home/apt,4.962844630259907,142.0
32,5.0,1,1,2,1.0,1.0,26,Entire home/apt,4.51085950651685,90.0
66,5.0,1,1,2,1.0,1.0,26,Entire home/apt,4.8283137373023015,124.0
146,5.0,1,1,3,1.0,1.0,26,Entire home/apt,5.111987788356544,165.0
0,5.0,0,0,4,1.0,0.0,26,Entire home/apt,5.929589143389895,375.0
67,5.0,1,1,2,1.0,1.0,26,Private room,4.110873864173311,60.0
47,5.0,1,1,4,1.0,1.0,26,Entire home/apt,4.564348191467836,95.0
11,5.0,1,1,6,2.0,3.0,26,Entire home/apt,5.3981627015177525,220.0
29,5.0,1,1,4,2.0,2.0,26,Entire home/apt,5.375278407684165,215.0
91,4.5,1,1,4,1.0,2.0,26,Entire home/apt,4.30406509320417,73.0
27,4.5,1,1,6,1.0,3.0,26,Entire home/apt,5.170483995038151,175.0
85,5.0,1,1,2,1.0,1.0,26,Private room,3.9318256327243257,50.0
5,5.0,1,1,1,3.5,1.0,26,Shared room,4.02535169073515,55.0
7,5.0,1,1,3,2.0,2.0,26,Entire home/apt,5.010635294096256,149.0
129,5.0,1,1,2,1.0,1.0,27,Private room,6.2166061010848646,500.0
179,5.0,1,1,2,1.0,1.0,26,Private room,4.0943445622221,59.0
239,5.0,1,1,2,1.0,1.0,26,Entire home/apt,4.02535169073515,55.0
49,5.0,1,1,1,1.0,1.0,26,Private room,3.4339872044851463,30.0
196,5.0,1,1,2,1.0,1.0,26,Private room,4.174387269895637,64.0
312,4.5,1,1,4,1.0,0.0,26,Entire home/apt,4.356708826689592,77.0
71,4.5,1,1,2,1.0,1.0,26,Private room,4.07753744390572,58.0
69,5.0,1,1,2,1.0,1.0,26,Entire home/apt,4.330733340286331,75.0
370,5.0,1,1,2,1.0,0.0,26,Entire home/apt,4.51085950651685,90.0
22,5.0,1,1,8,3.5,4.0,26,Entire home/apt,6.2166061010848646,500.0
144,5.0,1,1,4,1.0,1.0,26,Entire home/apt,4.189654742026425,65.0
197,5.0,1,1,3,1.0,1.0,26,Entire home/apt,4.983606621708336,145.0
72,5.0,1,1,4,1.0,1.0,32,Entire home/apt,4.330733340286331,75.0
166,5.0,1,1,2,1.0,1.0,26,Private room,3.4339872044851463,30.0
146,4.5,1,1,2,1.0,1.0,26,Private room,3.58351893845611,35.0
245,5.0,1,1,6,1.0,2.0,26,Entire home/apt,4.356708826689592,77.0
45,5.0,1,1,7,2.0,5.0,27,Entire home/apt,5.170483995038151,175.0
44,5.0,1,1,2,1.0,1.0,26,Private room,4.663439094112067,105.0
51,5.0,1,1,6,1.0,2.0,26,Entire home/apt,4.7535901911063645,115.0
84,5.0,1,1,6,1.0,2.0,26,Entire home/apt,4.605170185988092,99.0
5,5.0,1,1,2,1.0,1.0,26,Entire home/apt,4.262679877041316,70.0
14,4.5,1,1,3,1.0,2.0,26,Entire home/apt,4.867534450455582,129.0
15,5.0,1,1,2,1.0,1.0,26,Entire home/apt,4.605170185988092,99.0
117,5.0,1,1,2,1.0,1.0,26,Private room,3.737669618283368,41.0
177,4.5,1,1,10,3.5,3.0,26,Entire home/apt,5.017279836814924,150.0
150,5.0,1,1,2,1.0,1.0,26,Entire home/apt,4.564348191467836,95.0
167,5.0,1,1,2,1.0,1.0,26,Private room,3.912023005428146,49.0
125,5.0,1,1,4,1.0,1.0,26,Entire home/apt,4.532599493153256,92.0
165,4.5,1,1,2,1.0,0.0,26,Entire home/apt,3.8918202981106265,48.0
0,5.0,0,0,8,2.0,2.0,26,Entire home/apt,5.298317366548036,199.0
34,5.0,1,1,5,1.0,2.0,26,Entire home/apt,5.049856007249537,155.0
70,5.0,1,1,6,3.0,3.0,26,Entire home/apt,5.7430031878094825,311.0
16,5.0,1,1,3,1.0,1.0,26,Entire home/apt,4.875197323201151,130.0
8,5.0,1,1,1,1.0,1.0,26,Shared room,3.6635616461296463,38.0
3,5.0,1,1,1,1.0,1.0,26,Shared room,4.189654742026425,65.0
9,5.0,1,1,1,1.0,1.0,26,Shared room,3.9318256327243257,50.0
8,5.0,1,1,1,1.0,1.0,26,Shared room,4.189654742026425,65.0
5,4.5,1,1,1,3.5,1.0,26,Shared room,4.189654742026425,65.0
3,5.0,1,1,1,3.5,1.0,26,Shared room,4.189654742026425,65.0
72,5.0,1,1,2,1.5,1.0,26,Private room,4.442651256490317,84.0
0,5.0,0,0,4,1.0,2.0,26,Entire home/apt,5.389071729816501,218.0
33,5.0,1,1,2,1.0,0.0,26,Entire home/apt,4.330733340286331,75.0
63,4.5,1,1,2,1.0,1.0,26,Entire home/apt,4.02535169073515,55.0
19,4.5,1,1,2,1.0,1.0,26,Private room,4.02535169073515,55.0
63,5.0,1,1,1,1.0,1.0,26,Private room,3.58351893845611,35.0
45,5.0,1,1,5,2.5,2.0,26,Entire home/apt,4.394449154672439,80.0
161,5.0,1,1,2,1.0,1.0,26,Entire home/apt,4.605170185988092,99.0
94,5.0,1,1,3,1.0,1.0,26,Private room,3.912023005428146,49.0
8,4.5,1,1,2,2.5,1.0,26,Private room,4.3694478524670215,78.0
93,5.0,1,1,8,8.0,1.0,26,Shared room,3.6375861597263857,37.0
42,4.5,1,1,6,2.5,3.0,26,Entire home/apt,5.313205979041787,202.0
90,5.0,1,1,2,1.0,1.0,27,Entire home/apt,4.174387269895637,64.0
112,4.5,1,1,3,1.0,1.0,26,Entire home/apt,4.836281906951478,125.0
31,5.0,1,1,6,2.0,3.0,26,Entire home/apt,5.525452939131784,250.0
181,4.5,1,1,4,1.0,0.0,26,Entire home/apt,4.61512051684126,100.0
17,4.5,1,1,2,2.0,2.0,26,Private room,4.189654742026425,65.0
79,5.0,1,1,2,1.0,1.0,26,Entire home/apt,4.51085950651685,90.0
142,5.0,1,1,1,1.0,1.0,27,Private room,3.610917912644224,36.0
146,5.0,1,1,2,1.0,1.0,26,Entire home/apt,4.795790545596741,120.0
13,4.5,1,1,2,1.0,1.0,27,Private room,4.477336814478207,87.0
73,5.0,1,1,2,1.0,1.0,27,Entire home/apt,4.691347882229144,108.0
204,5.0,1,1,2,1.0,0.0,26,Entire home/apt,4.330733340286331,75.0
40,4.5,1,1,7,3.0,3.0,26,Entire home/apt,5.068904202220232,158.0
8,5.0,1,1,1,1.0,1.0,26,Private room,4.795790545596741,120.0
64,4.5,1,1,2,1.0,1.0,27,Private room,3.7612001156935615,42.0
93,5.0,1,1,2,1.0,1.0,26,Private room,4.07753744390572,58.0
18,5.0,1,1,8,2.5,3.0,26,Entire home/apt,5.786897381366708,325.0
52,4.5,1,1,4,1.0,1.0,26,Entire home/apt,5.420534999272286,225.0
13,5.0,1,1,7,2.0,3.0,26,Entire home/apt,5.25227342804663,190.0
9,5.0,1,1,6,1.0,3.0,26,Entire home/apt,5.91350300563827,369.0
161,5.0,1,1,4,1.0,2.0,26,Entire home/apt,4.812184355372417,122.0
85,5.0,1,1,3,1.0,1.0,26,Entire home/apt,4.394449154672439,80.0
9,5.0,1,1,2,1.0,1.0,26,Private room,4.262679877041316,70.0
79,5.0,1,1,10,4.0,5.0,26,Entire home/apt,5.3981627015177525,220.0
27,5.0,1,1,2,1.0,1.0,26,Entire home/apt,5.017279836814924,150.0
298,4.5,1,1,7,1.0,2.0,26,Entire home/apt,4.61512051684126,100.0
118,5.0,1,1,5,1.5,2.0,26,Entire home/apt,4.110873864173311,60.0
57,5.0,1,1,4,1.0,1.0,26,Entire home/apt,4.700480365792417,109.0
35,4.5,1,1,4,1.0,1.0,26,Entire home/apt,4.941642422609304,139.0
307,5.0,1,1,5,1.0,1.0,26,Entire home/apt,4.343805421853684,76.0
7,5.0,1,1,4,1.0,1.0,26,Entire home/apt,5.010635294096256,149.0
2,5.0,0,1,7,2.5,3.0,26,Entire home/apt,5.703782474656201,299.0
22,5.0,1,1,4,1.0,1.0,26,Entire home/apt,4.356708826689592,77.0
165,5.0,1,1,6,1.0,2.0,26,Entire home/apt,4.941642422609304,139.0
158,4.5,1,1,2,1.0,1.0,26,Private room,3.258096538021482,25.0
176,4.5,1,1,2,1.0,1.0,26,Private room,3.258096538021482,25.0
178,4.5,1,1,2,1.0,1.0,26,Private room,3.258096538021482,25.0
200,4.5,1,1,2,1.0,1.0,26,Private room,3.258096538021482,25.0
97,5.0,1,1,4,1.0,1.0,26,Entire home/apt,4.51085950651685,90.0
35,5.0,1,1,2,1.0,1.0,27,Private room,3.9318256327243257,50.0
96,5.0,1,1,2,1.5,1.0,26,Private room,3.8501476017100575,46.0
64,4.5,1,1,3,1.5,1.0,26,Private room,3.828641396489095,45.0
140,5.0,1,1,4,1.0,2.0,26,Entire home/apt,4.454347296253507,85.0
86,5.0,1,1,12,3.5,5.0,26,Entire home/apt,5.638354669333745,280.0
100,5.0,1,1,4,1.0,2.0,27,Entire home/apt,4.605170185988092,99.0
93,5.0,1,1,10,3.5,5.0,26,Entire home/apt,5.3981627015177525,220.0
89,4.5,1,1,7,1.0,2.0,26,Entire home/apt,4.718498871295094,111.0
105,5.0,1,1,4,1.0,1.0,26,Entire home/apt,4.605170185988092,99.0
11,5.0,1,1,7,2.0,3.0,26,Entire home/apt,5.707110264748875,300.0
75,5.0,1,1,2,1.0,1.0,26,Private room,4.262679877041316,70.0
179,4.5,1,1,4,1.0,1.0,26,Entire home/apt,4.262679877041316,70.0
103,5.0,1,1,2,1.0,1.0,26,Entire home/apt,4.787491742782046,119.0
70,5.0,1,1,8,2.0,3.0,26,Entire home/apt,5.993961427306569,400.0
67,4.5,1,1,4,1.0,1.0,26,Private room,3.80666248977032,44.0
24,4.5,1,1,2,1.0,1.0,26,Entire home/apt,5.525452939131784,250.0
24,4.5,1,1,2,1.0,1.0,26,Entire home/apt,4.330733340286331,75.0
15,5.0,1,1,2,1.0,1.0,26,Private room,4.060443010546419,57.0
22,4.5,1,1,5,1.0,2.0,26,Entire home/apt,4.418840607796598,82.0
156,5.0,1,1,2,2.0,1.0,26,Private room,3.828641396489095,45.0
175,5.0,1,1,2,2.0,1.0,26,Private room,3.828641396489095,45.0
64,5.0,1,1,2,1.0,0.0,26,Entire home/apt,4.709530201312334,110.0
17,5.0,1,1,2,1.0,1.0,26,Entire home/apt,5.5053315359323625,245.0
109,5.0,1,1,3,1.0,1.0,26,Entire home/apt,4.394449154672439,80.0
155,5.0,1,1,2,1.0,1.0,26,Entire home/apt,4.330733340286331,75.0
75,5.0,1,1,4,1.0,1.0,26,Entire home/apt,4.454347296253507,85.0
98,5.0,1,1,2,1.0,1.0,27,Private room,3.9318256327243257,50.0
24,5.0,1,1,4,1.0,1.0,26,Entire home/apt,5.170483995038151,175.0
50,5.0,1,1,10,3.5,5.0,26,Entire home/apt,6.2166061010848646,500.0
3,5.0,1,1,2,1.0,1.0,26,Private room,4.941642422609304,139.0
5,5.0,1,1,3,2.0,2.0,26,Entire home/apt,5.303304908059076,200.0
100,5.0,1,1,2,1.0,1.0,26,Private room,4.394449154672439,80.0
1,5.0,0,1,2,1.0,1.0,26,Private room,4.787491742782046,119.0
11,5.0,1,1,2,1.0,1.0,26,Entire home/apt,4.709530201312334,110.0
2,5.0,0,1,2,1.0,1.0,26,Private room,4.875197323201151,130.0
232,5.0,1,1,4,1.0,1.0,26,Entire home/apt,4.51085950651685,90.0
147,4.5,1,1,2,1.0,1.0,26,Entire home/apt,4.454347296253507,85.0
141,5.0,1,1,2,1.0,0.0,26,Entire home/apt,3.951243718581428,51.0
18,4.5,1,1,2,1.0,1.0,27,Private room,3.9318256327243257,50.0
215,5.0,1,1,4,1.0,1.0,26,Entire home/apt,4.290459441148391,72.0
156,5.0,1,1,6,1.0,2.0,26,Entire home/apt,4.02535169073515,55.0
89,5.0,1,1,4,1.0,2.0,26,Entire home/apt,4.605170185988092,99.0
316,4.5,1,1,6,1.0,0.0,26,Entire home/apt,3.6635616461296463,38.0
79,5.0,1,1,2,1.0,0.0,26,Entire home/apt,4.110873864173311,60.0
19,4.5,1,1,6,2.0,2.0,26,Entire home/apt,4.61512051684126,100.0
31,4.5,1,1,7,2.0,3.0,26,Entire home/apt,5.25227342804663,190.0
254,5.0,1,1,2,1.5,1.0,26,Private room,4.48863636973214,88.0
323,5.0,1,1,4,1.0,1.0,26,Private room,4.454347296253507,85.0
27,5.0,1,1,6,3.5,3.0,26,Entire home/apt,5.111987788356544,165.0
17,5.0,1,1,2,1.0,1.0,26,Entire home/apt,4.356708826689592,77.0
57,5.0,1,1,2,1.0,0.0,26,Entire home/apt,4.127134385045092,61.0
29,5.0,1,1,1,1.0,1.0,26,Private room,3.367295829986474,28.0
96,5.0,1,1,4,1.0,1.0,26,Entire home/apt,4.330733340286331,75.0
15,5.0,1,1,4,1.0,0.0,26,Entire home/apt,5.170483995038151,175.0
18,5.0,1,1,4,2.0,2.0,26,Entire home/apt,6.214608098422191,499.0
201,5.0,1,1,4,1.0,1.0,26,Entire home/apt,4.382026634673881,79.0
14,5.0,1,1,2,1.0,1.0,27,Private room,3.610917912644224,36.0
10,4.5,1,1,2,1.0,1.0,27,Private room,3.6635616461296463,38.0
232,5.0,1,1,2,1.0,1.0,26,Private room,4.189654742026425,65.0
17,5.0,1,1,1,1.0,1.0,26,Private room,3.4339872044851463,30.0
91,4.5,1,1,2,1.0,1.0,26,Entire home/apt,3.8918202981106265,48.0
3,5.0,1,1,3,1.0,1.0,26,Entire home/apt,5.768320995793772,319.0
22,4.5,1,1,7,2.0,3.0,26,Entire home/apt,5.14166355650266,170.0
26,5.0,1,1,7,2.0,3.0,26,Entire home/apt,5.14166355650266,170.0
50,4.5,1,1,4,1.0,2.0,26,Entire home/apt,5.062595033026967,157.0
11,5.0,1,1,3,1.0,1.0,26,Entire home/apt,4.394449154672439,80.0
7,5.0,1,1,3,1.0,1.0,26,Entire home/apt,4.941642422609304,139.0
42,5.0,1,1,3,1.0,1.0,26,Entire home/apt,4.330733340286331,75.0
113,5.0,1,1,4,1.0,2.0,26,Entire home/apt,4.110873864173311,60.0
21,5.0,1,1,3,1.0,1.0,26,Entire home/apt,5.480638923341991,239.0
8,5.0,1,1,3,1.0,1.0,26,Entire home/apt,4.3694478524670215,78.0
21,5.0,1,1,4,1.0,2.0,26,Entire home/apt,4.867534450455582,129.0
77,5.0,1,1,4,1.0,2.0,26,Entire home/apt,4.110873864173311,60.0
0,5.0,0,0,4,1.0,2.0,26,Entire home/apt,4.330733340286331,75.0
259,5.0,1,1,2,1.0,0.0,26,Entire home/apt,4.262679877041316,70.0
166,4.5,1,1,5,1.0,0.0,26,Entire home/apt,3.912023005428146,49.0
20,5.0,1,1,4,1.0,0.0,26,Entire home/apt,4.330733340286331,75.0
5,5.0,1,1,6,1.0,2.0,26,Entire home/apt,5.3981627015177525,220.0
136,5.0,1,1,6,1.5,2.0,26,Entire home/apt,4.499809670330265,89.0
170,5.0,1,1,5,1.0,2.0,26,Entire home/apt,4.605170185988092,99.0
14,5.0,1,1,9,2.0,2.0,26,Entire home/apt,5.525452939131784,250.0
238,5.0,1,1,4,1.0,1.0,26,Entire home/apt,4.394449154672439,80.0
1,5.0,0,1,2,1.0,0.0,26,Entire home/apt,4.787491742782046,119.0
47,5.0,1,1,8,3.0,4.0,27,Entire home/apt,5.594711379601839,268.0
138,5.0,1,1,6,2.0,2.0,26,Entire home/apt,4.290459441148391,72.0
90,5.0,1,1,1,1.0,1.0,26,Private room,3.4339872044851463,30.0
146,5.0,1,1,4,1.0,0.0,26,Entire home/apt,4.248495242049359,69.0
140,5.0,1,1,2,1.0,1.0,26,Private room,3.367295829986474,28.0
185,4.5,1,1,2,1.0,1.0,26,Private room,3.258096538021482,25.0
217,4.5,1,1,2,2.0,1.0,26,Private room,3.258096538021482,25.0
3,5.0,1,1,6,1.0,2.0,27,Entire home/apt,4.7535901911063645,115.0
56,5.0,1,1,4,1.0,2.0,27,Entire home/apt,4.189654742026425,65.0
247,5.0,1,1,5,1.0,2.0,26,Entire home/apt,4.477336814478207,87.0
9,5.0,1,1,2,1.0,1.0,26,Entire home/apt,4.875197323201151,130.0
254,4.5,1,1,4,1.0,0.0,26,Entire home/apt,3.258096538021482,25.0
311,5.0,1,1,4,1.0,0.0,26,Entire home/apt,4.442651256490317,84.0
5,4.0,1,1,5,1.0,2.0,26,Entire home/apt,4.941642422609304,139.0
171,5.0,1,1,2,1.0,0.0,26,Private room,4.0943445622221,59.0
88,5.0,1,1,3,1.0,1.0,26,Entire home/apt,4.574710978503383,96.0
25,4.5,1,1,5,2.0,2.0,26,Entire home/apt,5.707110264748875,300.0
5,3.5,1,1,3,1.0,1.0,26,Entire home/apt,4.3694478524670215,78.0
140,5.0,1,1,2,1.0,0.0,26,Entire home/apt,4.219507705176107,67.0
93,5.0,1,1,2,1.0,1.0,26,Private room,3.713572066704308,40.0
38,5.0,1,1,4,1.0,2.0,26,Entire home/apt,5.247024072160486,189.0
80,5.0,1,1,2,1.0,1.0,27,Private room,6.2166061010848646,500.0
22,4.5,1,1,2,2.0,1.0,26,Private room,3.951243718581428,51.0
208,5.0,1,1,2,1.0,0.0,26,Entire home/apt,4.0943445622221,59.0
17,5.0,1,1,2,1.0,1.0,26,Private room,5.135798437050262,169.0
2,5.0,0,1,2,1.0,1.0,26,Private room,3.9318256327243257,50.0
26,4.5,1,1,4,1.0,1.0,26,Private room,5.560681631015528,259.0
148,5.0,1,1,3,1.0,1.0,26,Entire home/apt,4.276666119016055,71.0
6,4.5,1,1,2,1.0,1.0,26,Entire home/apt,4.262679877041316,70.0
122,4.5,1,1,2,1.0,1.0,26,Private room,3.828641396489095,45.0
73,5.0,1,1,12,4.0,6.0,26,Entire home/apt,6.054439346269371,425.0
132,5.0,1,1,2,1.0,1.0,26,Private room,4.189654742026425,65.0
95,4.5,1,1,2,1.0,1.0,26,Private room,4.060443010546419,57.0
104,4.5,1,1,2,1.0,1.0,26,Private room,4.060443010546419,57.0
110,5.0,1,1,2,1.0,1.0,26,Private room,4.060443010546419,57.0
91,5.0,1,1,2,1.0,1.0,26,Entire home/apt,4.663439094112067,105.0
102,5.0,1,1,4,1.0,2.0,26,Entire home/apt,5.525452939131784,250.0
106,5.0,1,1,2,1.0,0.0,26,Entire home/apt,4.394449154672439,80.0
162,5.0,1,1,4,1.0,1.0,26,Entire home/apt,4.663439094112067,105.0
26,4.5,1,1,1,2.0,1.0,26,Private room,3.713572066704308,40.0
18,5.0,1,1,6,1.5,3.0,27,Private room,5.081404364984463,160.0
74,5.0,1,1,2,1.0,1.0,26,Private room,3.828641396489095,45.0
61,5.0,1,1,4,1.0,1.0,26,Entire home/apt,4.7535901911063645,115.0
114,5.0,1,1,4,1.0,2.0,26,Private room,4.060443010546419,57.0
11,5.0,1,1,5,2.0,2.0,26,Entire home/apt,5.220355825078324,184.0
31,4.5,1,1,5,1.0,3.0,26,Entire home/apt,5.170483995038151,175.0
6,4.5,1,1,3,1.0,1.0,26,Entire home/apt,5.429345628954441,227.0
27,5.0,1,1,4,1.5,2.0,26,Entire home/apt,5.017279836814924,150.0
227,5.0,1,1,2,1.0,1.0,26,Entire home/apt,4.836281906951478,125.0
187,5.0,1,1,4,1.5,1.0,26,Entire home/apt,4.672828834461906,106.0
47,5.0,1,1,2,1.0,1.0,26,Entire home/apt,4.663439094112067,105.0
65,5.0,1,1,4,1.0,1.0,26,Entire home/apt,4.394449154672439,80.0
4,4.5,1,1,2,1.0,1.0,27,Private room,3.6635616461296463,38.0
15,5.0,1,1,6,1.0,3.0,26,Entire home/apt,5.225746673713202,185.0
8,5.0,1,1,1,3.5,1.0,26,Shared room,4.189654742026425,65.0
3,5.0,1,1,2,1.5,1.0,32,Private room,3.713572066704308,40.0
81,5.0,1,1,3,1.0,1.0,26,Entire home/apt,4.48863636973214,88.0
90,4.5,1,1,2,1.0,1.0,26,Private room,4.248495242049359,69.0
290,4.5,1,1,2,1.0,0.0,26,Entire home/apt,4.248495242049359,69.0
20,5.0,1,1,4,1.0,1.0,27,Entire home/apt,4.394449154672439,80.0
119,5.0,1,1,2,1.0,1.0,26,Private room,4.0943445622221,59.0
67,5.0,1,1,6,1.0,2.0,27,Entire home/apt,4.941642422609304,139.0
12,3.5,1,1,6,2.0,2.0,26,Entire home/apt,4.948759890378168,140.0
12,5.0,1,1,6,3.5,3.0,26,Entire home/apt,5.993961427306569,400.0
24,4.5,1,1,4,2.0,2.0,26,Entire home/apt,4.61512051684126,100.0
20,5.0,1,1,5,2.0,2.0,26,Entire home/apt,5.303304908059076,200.0
1,5.0,0,1,3,1.0,1.0,26,Entire home/apt,4.74493212836325,114.0
256,4.5,1,1,2,1.0,0.0,26,Private room,4.0943445622221,59.0
126,5.0,1,1,4,1.0,1.0,26,Entire home/apt,4.605170185988092,99.0
158,4.5,1,1,2,1.0,1.0,26,Private room,4.0943445622221,59.0
0,5.0,0,0,2,1.0,1.0,26,Entire home/apt,4.394449154672439,80.0
1,5.0,0,1,1,1.0,1.0,26,Private room,3.6635616461296463,38.0
15,5.0,1,1,6,1.0,2.0,26,Entire home/apt,5.075173815233827,159.0
9,5.0,1,1,5,1.0,2.0,26,Entire home/apt,5.860786223465865,350.0
4,5.0,1,1,6,2.0,3.0,26,Entire home/apt,5.525452939131784,250.0
152,5.0,1,1,4,1.0,1.0,26,Entire home/apt,4.795790545596741,120.0
22,5.0,1,1,2,1.5,1.0,26,Entire home/apt,4.709530201312334,110.0
66,4.5,1,1,2,1.0,1.0,26,Entire home/apt,4.770684624465665,117.0
55,4.5,1,1,4,1.0,1.0,26,Entire home/apt,4.844187086458591,126.0
270,5.0,1,1,2,1.0,0.0,26,Entire home/apt,4.836281906951478,125.0
180,4.5,1,1,2,1.0,1.0,26,Private room,3.58351893845611,35.0
136,5.0,1,1,2,1.0,0.0,26,Private room,3.58351893845611,35.0
91,5.0,1,1,4,1.0,2.0,26,Entire home/apt,4.61512051684126,100.0
136,5.0,1,1,4,1.0,2.0,26,Entire home/apt,4.605170185988092,99.0
2,5.0,0,1,4,1.0,2.0,26,Entire home/apt,5.298317366548036,199.0
30,5.0,1,1,2,1.0,1.0,27,Private room,3.912023005428146,49.0
75,5.0,1,1,3,1.5,1.0,26,Private room,4.007333185232471,54.0
320,5.0,1,1,2,1.0,0.0,26,Entire home/apt,4.110873864173311,60.0
0,5.0,0,0,2,1.0,1.0,27,Entire home/apt,4.605170185988092,99.0
126,5.0,1,1,16,2.5,4.0,26,Entire home/apt,4.7535901911063645,115.0
36,5.0,1,1,2,1.0,2.0,26,Entire home/apt,4.442651256490317,84.0
0,5.0,0,0,1,1.0,1.0,26,Private room,5.14166355650266,170.0
130,5.0,1,1,5,1.0,2.0,26,Entire home/apt,4.912654885736052,135.0
161,5.0,1,1,2,1.0,0.0,26,Private room,3.912023005428146,49.0
182,4.5,1,1,2,1.0,0.0,26,Private room,3.58351893845611,35.0
128,4.5,1,1,2,1.0,1.0,26,Private room,3.58351893845611,35.0
179,4.5,1,1,2,1.0,0.0,26,Private room,3.58351893845611,35.0
42,4.5,1,1,9,2.5,2.0,26,Entire home/apt,5.525452939131784,250.0
109,5.0,1,1,2,1.0,0.0,26,Entire home/apt,4.262679877041316,70.0
132,5.0,1,1,2,1.0,1.0,26,Entire home/apt,4.787491742782046,119.0
178,5.0,1,1,2,1.0,0.0,26,Private room,3.912023005428146,49.0
156,5.0,1,1,4,1.0,1.0,26,Entire home/apt,4.605170185988092,99.0
170,5.0,1,1,3,1.0,1.0,26,Entire home/apt,4.3694478524670215,78.0
37,5.0,1,1,4,1.0,1.0,27,Entire home/apt,4.605170185988092,99.0
119,5.0,1,1,4,1.0,1.0,26,Entire home/apt,4.663439094112067,105.0
5,5.0,1,1,3,1.0,1.0,26,Entire home/apt,5.3471075307174685,209.0
8,5.0,1,1,2,1.0,0.0,26,Entire home/apt,5.010635294096256,149.0
183,5.0,1,1,2,1.0,1.0,26,Private room,3.912023005428146,49.0
137,5.0,1,1,2,1.0,0.0,26,Private room,4.0943445622221,59.0
60,4.5,1,1,10,3.0,3.0,26,Entire home/apt,6.214608098422191,499.0
47,5.0,1,1,3,1.0,2.0,26,Private room,4.248495242049359,69.0
15,5.0,1,1,6,2.0,2.0,26,Entire home/apt,5.068904202220232,158.0
218,5.0,1,1,2,1.0,1.0,26,Entire home/apt,4.248495242049359,69.0
336,5.0,1,1,2,1.0,1.0,26,Entire home/apt,4.248495242049359,69.0
172,5.0,1,1,3,1.0,2.0,26,Private room,4.02535169073515,55.0
279,5.0,1,1,2,1.0,1.0,26,Entire home/apt,3.912023005428146,49.0
185,5.0,1,1,2,1.0,1.0,27,Entire home/apt,4.3694478524670215,78.0
127,4.0,1,1,4,1.0,2.0,26,Entire home/apt,4.477336814478207,87.0
14,5.0,1,1,2,1.0,1.0,26,Private room,4.836281906951478,125.0
52,5.0,1,1,6,2.0,1.0,26,Entire home/apt,5.8805329864007,357.0
85,5.0,1,1,3,1.0,1.0,27,Entire home/apt,4.343805421853684,76.0
16,4.5,1,1,2,1.0,1.0,26,Private room,3.828641396489095,45.0
104,4.5,1,1,6,2.0,3.0,26,Entire home/apt,4.787491742782046,119.0
7,5.0,1,1,2,1.0,1.0,26,Private room,5.081404364984463,160.0
79,5.0,1,1,4,1.0,1.0,26,Entire home/apt,3.8918202981106265,48.0
294,4.5,1,1,2,1.0,0.0,26,Entire home/apt,4.248495242049359,69.0
125,5.0,1,1,4,1.0,1.0,26,Entire home/apt,4.663439094112067,105.0
63,5.0,1,1,2,1.0,1.0,26,Private room,4.248495242049359,69.0
8,5.0,1,1,6,2.0,4.0,26,Entire home/apt,5.25227342804663,190.0
0,5.0,0,0,2,0.5,1.0,27,Private room,4.6443908991413725,103.0
3,4.5,1,1,1,1.0,1.0,26,Private room,5.303304908059076,200.0
66,5.0,1,1,6,1.0,2.0,26,Entire home/apt,4.553876891600541,94.0
99,5.0,1,1,6,1.0,2.0,26,Entire home/apt,4.330733340286331,75.0
32,5.0,1,1,4,1.0,1.0,26,Entire home/apt,4.564348191467836,95.0
116,4.5,1,1,5,1.0,1.0,26,Entire home/apt,4.189654742026425,65.0
52,5.0,1,1,2,1.0,1.0,26,Entire home/apt,5.707110264748875,300.0
263,5.0,1,1,2,2.0,1.0,26,Private room,3.555348061489413,34.0
230,5.0,1,1,2,1.0,1.0,26,Entire home/apt,4.262679877041316,70.0
203,5.0,1,1,12,3.0,3.0,27,Entire home/apt,4.820281565605037,123.0
162,5.0,1,1,6,1.0,2.0,26,Entire home/apt,4.477336814478207,87.0
0,5.0,0,0,6,2.0,2.0,28,Entire home/apt,4.709530201312334,110.0
228,4.5,1,1,2,1.0,1.0,26,Private room,3.912023005428146,49.0
240,5.0,1,1,2,1.0,1.0,26,Private room,4.394449154672439,80.0
127,5.0,1,1,6,1.5,3.0,26,Entire home/apt,5.081404364984463,160.0
165,4.5,1,1,2,1.0,1.0,26,Private room,3.58351893845611,35.0
142,4.5,1,1,2,1.0,1.0,26,Private room,4.0943445622221,59.0
185,4.5,1,1,2,1.0,1.0,26,Entire home/apt,4.948759890378168,140.0
0,5.0,0,0,1,1.0,2.0,26,Entire home/apt,5.303304908059076,200.0
185,5.0,1,1,4,1.0,2.0,26,Entire home/apt,4.61512051684126,100.0
12,5.0,1,1,6,2.0,3.0,26,Private room,5.846438775057725,345.0
34,4.5,1,1,3,1.0,1.0,26,Entire home/apt,4.394449154672439,80.0
7,4.0,1,1,3,1.0,1.0,26,Entire home/apt,4.875197323201151,130.0
79,5.0,1,1,4,1.0,2.0,26,Entire home/apt,4.48863636973214,88.0
15,4.5,1,1,2,1.0,1.0,26,Entire home/apt,4.454347296253507,85.0
38,5.0,1,1,4,1.0,2.0,26,Entire home/apt,4.941642422609304,139.0
31,5.0,1,1,2,1.0,1.0,26,Entire home/apt,4.836281906951478,125.0
47,5.0,1,1,2,1.0,0.0,26,Entire home/apt,4.189654742026425,65.0
284,5.0,1,1,2,1.0,1.0,26,Entire home/apt,4.0943445622221,59.0
6,4.5,1,1,2,1.0,1.0,27,Private room,4.454347296253507,85.0
47,5.0,1,1,4,2.0,2.0,26,Entire home/apt,4.912654885736052,135.0
43,4.5,1,1,4,1.0,1.0,26,Entire home/apt,3.784189633918261,43.0
121,5.0,1,1,6,1.5,3.0,26,Entire home/apt,4.330733340286331,75.0
125,5.0,1,1,4,1.0,2.0,26,Entire home/apt,4.663439094112067,105.0
2,5.0,0,1,2,1.0,1.0,26,Private room,4.61512051684126,100.0
9,5.0,1,1,5,1.0,2.0,26,Entire home/apt,5.170483995038151,175.0
36,5.0,1,1,5,2.0,2.0,26,Entire home/apt,4.90527477843843,134.0
119,5.0,1,1,2,1.0,0.0,26,Entire home/apt,4.499809670330265,89.0
16,4.5,1,1,4,1.0,2.0,26,Entire home/apt,4.709530201312334,110.0
94,5.0,1,1,2,1.0,1.0,26,Entire home/apt,4.663439094112067,105.0
8,4.5,1,1,4,1.0,1.0,27,Entire home/apt,4.897839799950911,133.0
85,5.0,1,1,2,1.0,1.0,27,Private room,3.784189633918261,43.0
3,5.0,1,1,6,2.0,3.0,26,Entire home/apt,4.795790545596741,120.0
0,5.0,0,0,8,2.5,3.0,27,Private room,4.795790545596741,120.0
12,4.5,1,1,2,1.0,1.0,26,Private room,4.262679877041316,70.0
33,4.5,1,1,7,2.0,4.0,26,Entire home/apt,5.017279836814924,150.0
36,4.5,1,1,1,1.0,1.0,27,Private room,3.6635616461296463,38.0
96,5.0,1,1,3,1.0,0.0,26,Entire home/apt,4.477336814478207,87.0
2,5.0,0,1,6,1.5,3.0,26,Entire home/apt,4.61512051684126,100.0
3,5.0,1,1,5,2.0,1.0,26,Entire home/apt,5.247024072160486,189.0
59,5.0,1,1,8,2.0,3.0,26,Entire home/apt,5.703782474656201,299.0
296,5.0,1,1,4,1.0,0.0,26,Entire home/apt,4.836281906951478,125.0
31,4.5,1,1,1,1.0,1.0,27,Private room,3.713572066704308,40.0
23,4.5,1,1,6,1.0,4.0,26,Entire home/apt,5.942799375126701,380.0
42,5.0,1,1,1,1.0,1.0,27,Private room,3.688879454113936,39.0
23,5.0,1,1,4,1.5,2.0,26,Entire home/apt,4.605170185988092,99.0
66,5.0,1,1,2,1.0,0.0,26,Entire home/apt,3.828641396489095,45.0
40,5.0,1,1,2,1.0,1.0,26,Entire home/apt,4.330733340286331,75.0
64,4.5,1,1,2,1.5,1.0,26,Private room,4.394449154672439,80.0
48,5.0,1,1,2,1.0,1.0,26,Entire home/apt,5.303304908059076,200.0
46,5.0,1,1,3,1.0,1.0,26,Private room,3.688879454113936,39.0
34,4.5,1,1,2,1.0,1.0,26,Private room,4.262679877041316,70.0
288,5.0,1,1,2,1.0,1.0,26,Entire home/apt,4.174387269895637,64.0
58,5.0,1,1,6,2.0,3.0,26,Entire home/apt,5.525452939131784,250.0
64,4.5,1,1,2,1.0,1.0,26,Entire home/apt,4.59511985013459,98.0
119,4.5,1,1,4,1.0,1.0,26,Entire home/apt,4.276666119016055,71.0
68,4.5,1,1,4,1.0,1.0,26,Entire home/apt,4.605170185988092,99.0
28,5.0,1,1,3,1.5,2.0,27,Entire home/apt,4.454347296253507,85.0
0,5.0,0,0,1,1.0,1.0,26,Private room,3.828641396489095,45.0
196,5.0,1,1,4,1.0,1.0,26,Entire home/apt,4.48863636973214,88.0
5,4.5,1,1,6,1.0,2.0,26,Entire home/apt,5.298317366548036,199.0
33,5.0,1,1,2,1.0,1.0,26,Entire home/apt,4.61512051684126,100.0
63,5.0,1,1,2,1.0,1.0,26,Entire home/apt,4.61512051684126,100.0
20,5.0,1,1,1,1.0,1.0,27,Private room,3.828641396489095,45.0
50,4.5,1,1,4,1.0,1.0,26,Entire home/apt,4.219507705176107,67.0
26,5.0,1,1,6,2.5,3.0,26,Entire home/apt,4.770684624465665,117.0
58,5.0,1,1,1,1.0,1.0,26,Private room,3.912023005428146,49.0
58,5.0,1,1,2,1.0,0.0,26,Entire home/apt,4.394449154672439,80.0
9,5.0,1,1,8,2.0,4.0,26,Entire home/apt,5.707110264748875,300.0
130,5.0,1,1,2,1.0,1.0,26,Private room,4.262679877041316,70.0
15,5.0,1,1,2,1.0,1.0,26,Private room,4.454347296253507,85.0
77,5.0,1,1,3,1.0,0.0,26,Entire home/apt,5.225746673713202,185.0
134,5.0,1,1,4,1.0,1.0,26,Private room,4.61512051684126,100.0
80,5.0,1,1,2,1.0,0.0,26,Entire home/apt,4.189654742026425,65.0
70,4.5,1,1,2,1.0,0.0,26,Entire home/apt,4.564348191467836,95.0
238,4.5,1,1,4,1.0,0.0,26,Entire home/apt,4.382026634673881,79.0
76,5.0,1,1,3,1.0,1.0,26,Entire home/apt,5.420534999272286,225.0
171,4.5,1,1,2,1.0,0.0,26,Private room,4.0943445622221,59.0
158,4.5,1,1,2,1.0,1.0,26,Private room,3.912023005428146,49.0
53,5.0,1,1,10,2.0,5.0,26,Entire home/apt,5.278114659230517,195.0
220,5.0,1,1,2,1.0,1.0,26,Entire home/apt,4.394449154672439,80.0
139,5.0,1,1,2,1.0,1.0,26,Entire home/apt,4.709530201312334,110.0
40,5.0,1,1,2,1.0,1.0,26,Private room,4.07753744390572,58.0
109,5.0,1,1,6,1.0,2.0,26,Entire home/apt,4.61512051684126,100.0
2,5.0,0,1,3,1.0,2.0,26,Entire home/apt,4.983606621708336,145.0
36,5.0,1,1,4,1.0,2.0,26,Entire home/apt,5.420534999272286,225.0
95,5.0,1,1,2,1.0,1.0,26,Private room,3.9318256327243257,50.0
102,5.0,1,1,2,1.0,0.0,26,Entire home/apt,4.912654885736052,135.0
73,4.5,1,1,2,1.0,1.0,26,Entire home/apt,4.795790545596741,120.0
157,4.5,1,1,2,1.0,0.0,26,Private room,3.58351893845611,35.0
161,4.5,1,1,2,1.0,0.0,26,Private room,4.0943445622221,59.0
2,5.0,0,1,2,1.5,1.0,25,Private room,4.330733340286331,75.0
169,4.5,1,1,2,1.0,1.0,26,Entire home/apt,4.553876891600541,94.0
79,5.0,1,1,2,1.5,1.0,26,Private room,4.875197323201151,130.0
71,5.0,1,1,1,1.5,1.0,26,Private room,4.61512051684126,100.0
30,5.0,1,1,2,1.0,1.0,26,Entire home/apt,4.31748811353631,74.0
116,4.5,1,1,6,1.0,2.0,26,Entire home/apt,4.382026634673881,79.0
50,5.0,1,1,4,1.0,2.0,26,Entire home/apt,4.605170185988092,99.0
1,5.0,0,1,2,2.0,2.0,26,Private room,4.02535169073515,55.0
95,4.5,1,1,2,1.0,2.0,26,Private room,3.9318256327243257,50.0
118,5.0,1,1,5,1.5,2.0,26,Entire home/apt,5.010635294096256,149.0
101,4.5,1,1,2,1.0,1.0,26,Private room,3.9318256327243257,50.0
45,5.0,1,1,4,1.0,1.0,26,Entire home/apt,4.948759890378168,140.0
29,5.0,1,1,1,1.0,1.0,26,Private room,4.02535169073515,55.0
58,5.0,1,1,2,1.0,1.0,27,Entire home/apt,4.836281906951478,125.0
34,5.0,1,1,2,1.0,0.0,26,Entire home/apt,4.174387269895637,64.0
120,4.5,1,1,2,1.0,0.0,26,Entire home/apt,4.330733340286331,75.0
283,5.0,1,1,2,1.0,1.0,26,Entire home/apt,3.49650756146648,32.0
150,5.0,1,1,2,1.0,1.0,26,Private room,4.02535169073515,55.0
5,5.0,1,1,1,1.0,1.0,26,Private room,4.07753744390572,58.0
89,5.0,1,1,6,2.5,3.0,26,Entire home/apt,5.583496308781699,265.0
341,5.0,1,1,6,1.0,1.0,26,Entire home/apt,4.553876891600541,94.0
26,5.0,1,1,2,0.0,1.0,26,Entire home/apt,3.4011973816621555,29.0
106,5.0,1,1,4,1.0,1.0,26,Entire home/apt,4.605170185988092,99.0
32,4.5,1,1,3,1.5,2.0,26,Entire home/apt,5.438079308923196,229.0
76,5.0,1,1,2,1.0,1.0,34,Private room,4.143134726391533,62.0
195,5.0,1,1,2,1.0,1.0,27,Entire home/apt,3.58351893845611,35.0
225,4.5,1,1,2,1.0,1.0,26,Private room,4.262679877041316,70.0
90,5.0,1,1,1,1.0,1.0,26,Private room,3.332204510175204,27.0
44,4.5,1,1,4,1.0,1.0,26,Entire home/apt,4.48863636973214,88.0
129,5.0,1,1,4,1.0,1.0,26,Entire home/apt,4.564348191467836,95.0
114,5.0,1,1,2,1.0,1.0,26,Private room,4.30406509320417,73.0
190,5.0,1,1,3,1.0,1.0,26,Entire home/apt,4.927253685157205,137.0
131,4.5,1,1,8,2.0,4.0,26,Entire home/apt,4.859812404361672,128.0
3,4.5,1,1,1,1.0,1.0,26,Shared room,4.189654742026425,65.0
2,5.0,0,1,1,1.0,1.0,26,Shared room,4.189654742026425,65.0
1,5.0,0,1,1,1.0,1.0,26,Shared room,4.189654742026425,65.0
1,5.0,0,1,1,1.0,1.0,26,Shared room,4.189654742026425,65.0
2,5.0,0,1,1,1.0,1.0,26,Shared room,4.189654742026425,65.0
4,4.5,1,1,1,1.0,1.0,26,Shared room,4.189654742026425,65.0
192,5.0,1,1,4,1.0,1.0,26,Entire home/apt,4.189654742026425,65.0
77,5.0,1,1,2,1.0,1.0,26,Private room,3.58351893845611,35.0
204,5.0,1,1,5,1.0,2.0,26,Entire home/apt,4.836281906951478,125.0
138,5.0,1,1,8,3.5,3.0,26,Entire home/apt,4.976733742420574,144.0
66,5.0,1,1,2,1.0,1.0,27,Private room,4.262679877041316,70.0
216,5.0,1,1,2,1.0,1.0,27,Private room,3.871201010907891,47.0
35,5.0,1,1,5,2.0,2.0,26,Entire home/apt,4.867534450455582,129.0
143,5.0,1,1,3,1.0,1.0,26,Entire home/apt,4.836281906951478,125.0
2,5.0,0,1,5,2.0,2.0,26,Entire home/apt,4.499809670330265,89.0
6,4.5,1,1,1,1.0,1.0,27,Private room,3.49650756146648,32.0
147,4.5,1,1,5,1.0,1.0,26,Entire home/apt,3.970291913552122,52.0
11,5.0,1,1,5,2.0,3.0,26,Entire home/apt,5.25227342804663,190.0
74,5.0,1,1,2,1.0,0.0,26,Entire home/apt,4.605170185988092,99.0
31,5.0,1,1,2,1.0,1.0,26,Entire home/apt,4.564348191467836,95.0
188,4.5,1,1,5,1.0,1.0,26,Entire home/apt,4.007333185232471,54.0
9,3.5,1,1,2,1.0,1.0,26,Entire home/apt,4.394449154672439,80.0
262,5.0,1,1,2,1.0,0.0,26,Entire home/apt,4.143134726391533,62.0
62,5.0,1,1,4,1.0,2.0,26,Entire home/apt,4.189654742026425,65.0
158,5.0,1,1,8,2.0,3.0,26,Entire home/apt,5.075173815233827,159.0
68,4.5,1,1,4,1.0,1.0,26,Entire home/apt,4.59511985013459,98.0
217,4.5,1,1,4,1.0,0.0,26,Entire home/apt,3.258096538021482,25.0
158,4.5,1,1,2,1.0,1.0,26,Private room,3.912023005428146,49.0
9,4.5,1,1,2,1.0,0.0,26,Entire home/apt,5.393627546352362,219.0
33,4.5,1,1,3,1.0,1.0,26,Entire home/apt,4.394449154672439,80.0
16,5.0,1,1,2,1.0,1.0,27,Private room,4.23410650459726,68.0
1,5.0,0,1,3,1.0,1.0,26,Entire home/apt,4.394449154672439,80.0
7,4.5,1,1,2,1.0,0.0,26,Entire home/apt,4.465908118654584,86.0
3,5.0,1,1,3,1.0,1.0,26,Entire home/apt,4.477336814478207,87.0
10,5.0,1,1,3,1.0,1.0,26,Entire home/apt,4.553876891600541,94.0
19,4.5,1,1,5,1.0,2.0,26,Entire home/apt,5.2574953720277815,191.0
18,4.5,1,1,4,1.0,2.0,26,Entire home/apt,4.897839799950911,133.0
0,5.0,0,0,3,1.0,1.0,26,Entire home/apt,4.634728988229636,102.0
13,4.5,1,1,3,1.0,1.0,26,Entire home/apt,4.394449154672439,80.0
21,4.5,1,1,3,1.0,1.0,26,Entire home/apt,4.394449154672439,80.0
6,4.5,1,1,3,1.0,1.0,26,Entire home/apt,4.394449154672439,80.0
22,4.5,1,1,3,1.0,1.0,26,Entire home/apt,4.5217885770490405,91.0
10,4.5,1,1,3,1.0,1.0,26,Entire home/apt,4.394449154672439,80.0
6,5.0,1,1,3,1.0,1.0,26,Entire home/apt,4.927253685157205,137.0
51,4.5,1,1,3,1.0,0.0,26,Entire home/apt,4.394449154672439,80.0
15,5.0,1,1,3,1.0,1.0,26,Entire home/apt,4.727387818712341,112.0
26,4.5,1,1,3,1.0,1.0,26,Entire home/apt,4.394449154672439,80.0
234,4.5,1,1,2,2.0,1.0,26,Private room,3.367295829986474,28.0
236,4.5,1,1,2,2.0,1.0,26,Private room,3.258096538021482,25.0
234,4.5,1,1,2,2.0,1.0,26,Private room,3.367295829986474,28.0
4,5.0,1,1,6,3.5,3.0,26,Entire home/apt,4.624972813284271,101.0
3,4.5,1,1,3,1.0,1.0,26,Entire home/apt,4.394449154672439,80.0
3,3.5,1,1,3,1.0,1.0,26,Entire home/apt,4.394449154672439,80.0
59,5.0,1,1,2,1.0,0.0,27,Entire home/apt,4.499809670330265,89.0
33,5.0,1,1,5,1.0,2.0,27,Entire home/apt,4.836281906951478,125.0
311,5.0,1,1,2,1.0,1.0,26,Private room,4.127134385045092,61.0
192,5.0,1,1,2,2.5,1.0,26,Private room,3.713572066704308,40.0
64,5.0,1,1,3,1.0,1.0,26,Entire home/apt,4.110873864173311,60.0
129,4.5,1,1,2,1.0,1.0,26,Private room,3.912023005428146,49.0
0,5.0,0,0,2,1.5,1.0,26,Private room,4.948759890378168,140.0
0,5.0,0,0,5,1.0,2.0,26,Entire home/apt,4.795790545596741,120.0
3,4.0,1,1,4,1.0,1.0,26,Entire home/apt,4.795790545596741,120.0
103,4.5,1,1,6,1.0,2.0,26,Entire home/apt,4.77912349311153,118.0
5,4.0,1,1,2,1.0,0.0,26,Entire home/apt,5.1298987149230735,168.0
85,5.0,1,1,2,1.5,1.0,26,Private room,3.9318256327243257,50.0
144,5.0,1,1,4,1.0,1.0,26,Entire home/apt,4.454347296253507,85.0
6,5.0,1,1,2,1.0,1.0,26,Entire home/apt,4.836281906951478,125.0
273,5.0,1,1,2,1.0,0.0,26,Entire home/apt,4.605170185988092,99.0
62,4.5,1,1,2,1.5,1.0,26,Private room,3.828641396489095,45.0
4,3.0,1,1,2,1.0,0.0,27,Entire home/apt,3.912023005428146,49.0
1,5.0,0,1,4,1.0,2.0,26,Entire home/apt,5.017279836814924,150.0
18,5.0,1,1,2,1.0,1.0,26,Entire home/apt,5.521460917862246,249.0
178,5.0,1,1,2,1.0,0.0,26,Entire home/apt,4.174387269895637,64.0
181,5.0,1,1,2,1.0,1.0,26,Entire home/apt,4.158883083359672,63.0
0,5.0,0,0,5,3.0,5.0,27,Private room,5.198497031265826,180.0
127,5.0,1,1,4,1.0,1.0,26,Entire home/apt,4.605170185988092,99.0
89,4.5,1,1,2,1.0,1.0,26,Entire home/apt,4.04305126783455,56.0
27,4.5,1,1,2,2.0,1.0,26,Private room,4.02535169073515,55.0
26,4.5,1,1,3,1.0,1.0,26,Private room,4.0943445622221,59.0
1,5.0,0,1,2,1.0,1.0,26,Entire home/apt,4.795790545596741,120.0
81,5.0,1,1,2,1.0,1.0,26,Private room,4.330733340286331,75.0
37,5.0,1,1,2,1.0,1.0,26,Entire home/apt,4.454347296253507,85.0
12,5.0,1,1,4,2.5,2.0,26,Entire home/apt,5.278114659230517,195.0
51,4.5,1,1,4,1.0,1.0,26,Entire home/apt,4.804021044733257,121.0
11,5.0,1,1,2,2.0,1.0,26,Private room,3.912023005428146,49.0
456,5.0,1,1,2,1.0,1.0,26,Entire home/apt,4.499809670330265,89.0
137,5.0,1,1,2,1.0,0.0,26,Entire home/apt,4.189654742026425,65.0
105,5.0,1,1,2,1.0,0.0,26,Entire home/apt,4.189654742026425,65.0
32,4.5,1,1,3,1.0,2.0,27,Entire home/apt,4.189654742026425,65.0
15,5.0,1,1,2,2.0,1.0,26,Private room,3.688879454113936,39.0
103,4.5,1,1,2,1.0,0.0,26,Private room,3.912023005428146,49.0
9,4.5,1,1,4,1.0,1.0,26,Entire home/apt,5.068904202220232,158.0
123,4.5,1,1,4,1.0,1.0,26,Entire home/apt,4.356708826689592,77.0
12,5.0,1,1,6,2.0,3.0,26,Entire home/apt,5.293304824724492,198.0
177,5.0,1,1,5,1.0,2.0,27,Entire home/apt,3.970291913552122,52.0
52,5.0,1,1,4,1.0,2.0,26,Entire home/apt,5.198497031265826,180.0
80,5.0,1,1,7,1.5,2.0,26,Entire home/apt,4.219507705176107,67.0
177,4.5,1,1,4,1.0,1.0,26,Entire home/apt,4.499809670330265,89.0
114,5.0,1,1,2,1.0,1.0,26,Entire home/apt,4.605170185988092,99.0
117,5.0,1,1,4,1.0,0.0,26,Entire home/apt,3.9318256327243257,50.0
86,5.0,1,1,5,1.5,2.0,26,Entire home/apt,4.02535169073515,55.0
33,4.5,1,1,2,1.0,1.0,26,Private room,3.58351893845611,35.0
58,4.5,1,1,2,1.0,1.0,26,Private room,3.9318256327243257,50.0
74,4.5,1,1,2,1.0,1.0,26,Private room,3.555348061489413,34.0
77,5.0,1,1,5,1.0,2.0,26,Entire home/apt,4.7535901911063645,115.0
189,4.5,1,1,2,1.0,1.0,26,Private room,4.0943445622221,59.0
93,5.0,1,1,4,1.0,1.0,26,Entire home/apt,4.454347296253507,85.0
13,4.5,1,1,10,3.5,4.0,26,Entire home/apt,6.2166061010848646,500.0
70,5.0,1,1,6,2.0,2.0,26,Entire home/apt,5.225746673713202,185.0
125,5.0,1,1,10,2.5,3.0,28,Entire home/apt,4.672828834461906,106.0
35,4.5,1,1,6,1.0,2.0,26,Entire home/apt,4.0943445622221,59.0
16,5.0,1,1,4,1.0,2.0,26,Entire home/apt,4.795790545596741,120.0
14,5.0,1,1,2,1.5,1.0,26,Private room,3.58351893845611,35.0
57,5.0,1,1,2,1.0,0.0,26,Entire home/apt,4.110873864173311,60.0
31,5.0,1,1,8,2.5,4.0,26,Entire home/apt,6.054439346269371,425.0
211,5.0,1,1,2,1.0,1.0,26,Entire home/apt,4.31748811353631,74.0
45,5.0,1,1,6,1.0,2.0,26,Entire home/apt,5.225746673713202,185.0
38,5.0,1,1,2,1.0,1.0,26,Entire home/apt,4.394449154672439,80.0
147,5.0,1,1,4,1.0,1.0,26,Entire home/apt,4.454347296253507,85.0
5,5.0,1,1,2,1.0,1.0,26,Private room,4.836281906951478,125.0
10,5.0,1,1,2,1.0,1.0,31,Entire home/apt,5.525452939131784,250.0
142,4.5,1,1,8,1.0,2.0,26,Entire home/apt,4.7535901911063645,115.0
8,5.0,1,1,4,1.0,1.0,26,Entire home/apt,4.330733340286331,75.0
148,5.0,1,1,4,1.0,0.0,26,Entire home/apt,3.912023005428146,49.0
80,5.0,1,1,2,1.0,1.0,26,Private room,3.912023005428146,49.0
84,4.5,1,1,4,8.0,1.0,26,Shared room,3.713572066704308,40.0
132,4.5,1,1,4,1.0,1.0,26,Entire home/apt,4.276666119016055,71.0
45,5.0,1,1,9,2.5,4.0,27,Entire home/apt,5.993961427306569,400.0
9,5.0,1,1,2,1.0,0.0,26,Entire home/apt,4.394449154672439,80.0
50,5.0,1,1,4,1.0,1.0,26,Entire home/apt,4.875197323201151,130.0
7,4.5,1,1,2,1.5,1.0,26,Private room,3.6375861597263857,37.0
45,5.0,1,1,4,1.0,1.0,26,Entire home/apt,4.454347296253507,85.0
108,4.5,1,1,4,1.0,1.0,26,Entire home/apt,4.700480365792417,109.0
122,5.0,1,1,2,1.0,1.0,27,Private room,3.8918202981106265,48.0
32,5.0,1,1,3,1.5,2.0,26,Entire home/apt,4.709530201312334,110.0
13,4.0,1,1,2,1.0,1.0,26,Private room,4.189654742026425,65.0
130,5.0,1,1,4,1.0,0.0,26,Entire home/apt,4.948759890378168,140.0
131,5.0,1,1,3,1.0,0.0,26,Entire home/apt,4.61512051684126,100.0
37,5.0,1,1,2,1.0,1.0,26,Entire home/apt,5.081404364984463,160.0
2,5.0,0,1,4,2.0,3.0,26,Entire home/apt,5.655991810819852,285.0
17,4.0,1,1,2,1.0,1.0,28,Private room,3.828641396489095,45.0
37,5.0,1,1,2,1.0,1.0,26,Private room,3.713572066704308,40.0
23,5.0,1,1,2,1.0,0.0,26,Entire home/apt,4.23410650459726,68.0
4,5.0,1,1,6,1.0,3.0,26,Entire home/apt,5.525452939131784,250.0
39,5.0,1,1,2,1.0,1.0,26,Private room,4.394449154672439,80.0
48,5.0,1,1,4,1.0,1.0,26,Entire home/apt,4.8283137373023015,124.0
53,5.0,1,1,4,1.0,1.0,26,Entire home/apt,4.890349128221754,132.0
94,5.0,1,1,4,1.0,2.0,26,Entire home/apt,4.700480365792417,109.0
2,5.0,0,1,2,1.0,0.0,26,Entire home/apt,4.976733742420574,144.0
0,5.0,0,0,6,2.0,2.0,26,Entire home/apt,5.560681631015528,259.0
0,5.0,0,0,6,2.0,2.0,26,Entire home/apt,5.560681631015528,259.0
92,5.0,1,1,5,1.0,1.0,26,Entire home/apt,3.9318256327243257,50.0
149,5.0,1,1,4,1.0,1.0,26,Entire home/apt,4.875197323201151,130.0
80,5.0,1,1,4,1.0,2.0,26,Entire home/apt,5.049856007249537,155.0
134,5.0,1,1,4,1.0,2.0,26,Entire home/apt,4.499809670330265,89.0
19,5.0,1,1,3,1.0,1.0,26,Private room,4.204692619390966,66.0
4,5.0,1,1,2,1.0,0.0,26,Entire home/apt,3.9889840465642745,53.0
18,5.0,1,1,2,1.0,1.0,28,Private room,3.9318256327243257,50.0
36,4.5,1,1,4,1.0,1.0,26,Entire home/apt,4.605170185988092,99.0
14,4.5,1,1,2,1.0,1.0,26,Entire home/apt,4.61512051684126,100.0
212,4.5,1,1,2,1.0,1.0,26,Entire home/apt,4.02535169073515,55.0
21,5.0,1,1,2,1.0,1.0,26,Entire home/apt,4.442651256490317,84.0
16,4.5,1,1,5,2.0,2.0,26,Entire home/apt,4.795790545596741,120.0
229,5.0,1,1,2,1.0,0.0,26,Private room,4.0943445622221,59.0
19,5.0,1,1,4,1.5,1.0,26,Entire home/apt,5.049856007249537,155.0
152,5.0,1,1,2,1.0,1.0,26,Private room,4.110873864173311,60.0
96,4.5,1,1,2,1.0,1.0,26,Private room,3.912023005428146,49.0
176,4.5,1,1,2,1.0,1.0,26,Private room,3.912023005428146,49.0
166,4.5,1,1,2,1.0,1.0,26,Private room,3.58351893845611,35.0
6,4.5,1,1,6,2.0,3.0,26,Entire home/apt,5.860786223465865,350.0
137,5.0,1,1,8,1.0,2.0,26,Entire home/apt,4.189654742026425,65.0
129,5.0,1,1,8,2.0,4.0,26,Entire home/apt,5.225746673713202,185.0
12,5.0,1,1,4,3.5,3.0,26,Entire home/apt,5.860786223465865,350.0
2,5.0,0,1,2,1.5,1.0,26,Private room,4.330733340286331,75.0
68,5.0,1,1,4,1.0,1.0,26,Entire home/apt,4.330733340286331,75.0
97,5.0,1,1,2,1.0,1.0,26,Private room,3.713572066704308,40.0
75,5.0,1,1,6,2.0,2.0,26,Entire home/apt,5.017279836814924,150.0
109,5.0,1,1,4,1.0,1.0,26,Entire home/apt,5.017279836814924,150.0
5,5.0,1,1,4,2.0,2.0,26,Entire home/apt,4.51085950651685,90.0
96,5.0,1,1,4,1.0,2.0,27,Entire home/apt,5.017279836814924,150.0
91,5.0,1,1,5,1.0,1.0,26,Entire home/apt,5.564520407322694,260.0
86,5.0,1,1,8,8.0,1.0,26,Shared room,3.6375861597263857,37.0
35,5.0,1,1,4,1.0,1.0,26,Entire home/apt,4.836281906951478,125.0
118,4.5,1,1,2,1.5,1.0,26,Entire home/apt,4.51085950651685,90.0
15,5.0,1,1,11,2.0,2.0,26,Entire home/apt,5.111987788356544,165.0
87,4.5,1,1,2,1.0,0.0,26,Entire home/apt,4.23410650459726,68.0
101,4.5,1,1,2,1.0,1.0,26,Private room,3.912023005428146,49.0
11,4.5,1,1,1,1.0,1.0,27,Private room,3.555348061489413,34.0
72,5.0,1,1,2,1.0,0.0,26,Entire home/apt,4.330733340286331,75.0
18,4.5,1,1,4,1.0,1.0,27,Entire home/apt,5.1298987149230735,168.0
110,4.5,1,1,2,1.0,0.0,26,Entire home/apt,4.330733340286331,75.0
105,4.5,1,1,2,1.0,1.0,26,Entire home/apt,4.330733340286331,75.0
20,5.0,1,1,2,1.0,1.0,26,Entire home/apt,4.189654742026425,65.0
13,4.5,1,1,4,1.0,2.0,27,Entire home/apt,4.189654742026425,65.0
186,5.0,1,1,9,1.0,4.0,26,Entire home/apt,5.017279836814924,150.0
152,5.0,1,1,4,1.0,1.0,26,Entire home/apt,4.454347296253507,85.0
148,5.0,1,1,2,1.0,0.0,26,Entire home/apt,4.499809670330265,89.0
2,5.0,0,1,8,4.0,4.0,26,Entire home/apt,6.2166061010848646,500.0
48,4.5,1,1,14,2.0,4.0,26,Entire home/apt,5.768320995793772,319.0
75,5.0,1,1,3,1.0,1.0,26,Private room,4.3694478524670215,78.0
165,4.5,1,1,3,1.0,1.0,26,Entire home/apt,4.290459441148391,72.0
141,4.5,1,1,5,1.0,1.0,26,Entire home/apt,4.110873864173311,60.0
188,5.0,1,1,3,1.0,0.0,26,Entire home/apt,4.007333185232471,54.0
106,5.0,1,1,2,1.0,0.0,26,Private room,4.0943445622221,59.0
62,5.0,1,1,2,1.5,2.0,26,Private room,4.51085950651685,90.0
20,5.0,1,1,2,1.0,1.0,26,Private room,4.394449154672439,80.0
165,4.5,1,1,4,1.0,0.0,26,Entire home/apt,3.688879454113936,39.0
70,4.5,1,1,2,1.0,1.0,26,Private room,4.02535169073515,55.0
30,5.0,1,1,2,1.0,1.0,26,Entire home/apt,4.663439094112067,105.0
70,5.0,1,1,2,1.0,1.0,26,Entire home/apt,4.997212273764115,147.0
144,5.0,1,1,3,1.0,0.0,26,Entire home/apt,4.663439094112067,105.0
72,5.0,1,1,2,1.0,1.0,26,Entire home/apt,4.48863636973214,88.0
137,5.0,1,1,3,1.0,1.0,26,Entire home/apt,5.010635294096256,149.0
42,5.0,1,1,4,1.0,1.0,26,Entire home/apt,4.836281906951478,125.0
8,4.5,1,1,6,1.0,2.0,26,Entire home/apt,6.2166061010848646,500.0
47,4.5,1,1,6,1.0,2.0,26,Entire home/apt,4.867534450455582,129.0
128,4.5,1,1,3,1.0,0.0,26,Entire home/apt,3.688879454113936,39.0
3,5.0,1,1,4,2.5,2.0,26,Entire home/apt,5.525452939131784,250.0
20,5.0,1,1,2,1.0,0.0,26,Entire home/apt,4.61512051684126,100.0
46,5.0,1,1,2,1.0,1.0,26,Entire home/apt,4.394449154672439,80.0
51,5.0,1,1,4,1.0,1.0,27,Entire home/apt,4.51085950651685,90.0
2,5.0,0,1,5,2.0,4.0,26,Entire home/apt,6.2166061010848646,500.0
102,5.0,1,1,3,1.0,1.0,26,Entire home/apt,5.010635294096256,149.0
181,4.5,1,1,2,1.0,1.0,26,Private room,3.258096538021482,25.0
167,4.5,1,1,2,1.0,1.0,26,Private room,3.49650756146648,32.0
33,5.0,1,1,2,1.0,1.0,26,Entire home/apt,4.330733340286331,75.0
105,5.0,1,1,2,1.0,1.0,26,Private room,4.262679877041316,70.0
101,5.0,1,1,2,1.0,1.0,26,Entire home/apt,4.276666119016055,71.0
15,4.5,1,1,2,1.0,1.0,26,Private room,4.189654742026425,65.0
58,5.0,1,1,3,1.0,1.0,26,Entire home/apt,4.77912349311153,118.0
61,5.0,1,1,2,1.0,1.0,26,Private room,4.330733340286331,75.0
58,5.0,1,1,6,2.0,2.0,26,Entire home/apt,5.44673737166631,231.0
129,5.0,1,1,2,1.0,0.0,26,Entire home/apt,4.454347296253507,85.0
7,3.5,1,1,4,2.0,2.0,26,Entire home/apt,5.278114659230517,195.0
249,5.0,1,1,2,1.0,0.0,26,Entire home/apt,4.110873864173311,60.0
36,4.5,1,1,2,1.0,1.0,26,Entire home/apt,4.663439094112067,105.0
8,4.0,1,1,4,1.0,2.0,26,Entire home/apt,4.605170185988092,99.0
39,5.0,1,1,4,1.0,1.0,26,Entire home/apt,4.51085950651685,90.0
160,5.0,1,1,4,2.0,1.0,26,Entire home/apt,4.709530201312334,110.0
2,5.0,0,1,4,1.0,3.0,26,Entire home/apt,5.081404364984463,160.0
42,4.5,1,1,2,1.0,1.0,27,Private room,3.8918202981106265,48.0
143,5.0,1,1,4,1.0,1.0,26,Entire home/apt,4.532599493153256,92.0
39,4.5,1,1,2,1.0,1.0,26,Entire home/apt,4.31748811353631,74.0
44,4.5,1,1,2,1.0,1.0,26,Entire home/apt,4.477336814478207,87.0
47,5.0,1,1,2,1.0,1.0,26,Entire home/apt,4.189654742026425,65.0
90,5.0,1,1,6,1.0,2.0,26,Entire home/apt,4.23410650459726,68.0
150,5.0,1,1,2,1.0,0.0,26,Entire home/apt,4.605170185988092,99.0
117,5.0,1,1,2,1.0,0.0,26,Entire home/apt,4.605170185988092,99.0
11,5.0,1,1,4,1.0,2.0,26,Entire home/apt,5.198497031265826,180.0
17,5.0,1,1,2,2.0,1.0,26,Private room,3.258096538021482,25.0
1,5.0,0,1,2,1.0,1.0,26,Private room,3.9318256327243257,50.0
6,5.0,1,1,8,3.0,4.0,26,Entire home/apt,5.525452939131784,250.0
109,4.5,1,1,1,1.5,1.0,26,Private room,3.4339872044851463,30.0
98,5.0,1,1,2,1.0,0.0,26,Entire home/apt,4.867534450455582,129.0
229,4.5,1,1,6,1.0,1.0,26,Entire home/apt,4.795790545596741,120.0
149,4.5,1,1,3,1.0,1.0,26,Entire home/apt,4.143134726391533,62.0
156,5.0,1,1,2,1.0,1.0,26,Entire home/apt,4.07753744390572,58.0
55,4.5,1,1,2,1.5,1.0,26,Private room,3.828641396489095,45.0
10,5.0,1,1,2,1.0,1.0,26,Private room,6.2166061010848646,500.0
183,5.0,1,1,5,1.0,2.0,26,Entire home/apt,4.605170185988092,99.0
133,5.0,1,1,2,1.0,0.0,26,Entire home/apt,3.367295829986474,28.0
11,4.5,1,1,2,1.0,1.0,27,Private room,4.454347296253507,85.0
159,5.0,1,1,2,1.0,0.0,26,Entire home/apt,4.07753744390572,58.0
38,5.0,1,1,4,1.0,2.0,26,Entire home/apt,5.111987788356544,165.0
4,5.0,1,1,2,1.0,1.0,26,Private room,4.61512051684126,100.0
127,5.0,1,1,3,1.0,1.0,26,Entire home/apt,4.787491742782046,119.0
0,5.0,0,0,6,2.0,4.0,26,Entire home/apt,5.981414211254481,395.0
195,5.0,1,1,2,1.0,1.0,26,Entire home/apt,4.262679877041316,70.0
94,5.0,1,1,2,1.0,0.0,26,Entire home/apt,4.59511985013459,98.0
53,5.0,1,1,6,1.0,2.0,26,Private room,4.127134385045092,61.0
38,5.0,1,1,2,1.5,1.0,26,Private room,5.707110264748875,300.0
116,5.0,1,1,1,2.0,1.0,26,Private room,3.9318256327243257,50.0
145,5.0,1,1,4,1.0,1.0,26,Entire home/apt,4.454347296253507,85.0
92,5.0,1,1,3,1.0,1.0,26,Private room,4.23410650459726,68.0
111,4.5,1,1,2,1.0,1.0,27,Private room,3.58351893845611,35.0
9,5.0,1,1,4,2.0,2.0,27,Entire home/apt,4.394449154672439,80.0
8,4.5,1,1,8,0.0,1.0,26,Entire home/apt,4.605170185988092,99.0
7,4.5,1,1,2,1.0,1.0,26,Entire home/apt,4.787491742782046,119.0
44,4.5,1,1,3,1.0,1.0,26,Entire home/apt,4.875197323201151,130.0
8,5.0,1,1,2,1.0,1.0,27,Private room,4.0943445622221,59.0
9,5.0,1,1,2,1.0,1.0,26,Private room,4.143134726391533,62.0
9,5.0,1,1,2,1.0,1.0,26,Entire home/apt,5.017279836814924,150.0
254,5.0,1,1,2,1.0,0.0,26,Entire home/apt,4.110873864173311,60.0
5,4.5,1,1,4,1.0,1.0,26,Entire home/apt,5.19295685089021,179.0
124,5.0,1,1,4,1.0,1.0,26,Private room,3.9318256327243257,50.0
60,5.0,1,1,4,2.0,2.0,26,Entire home/apt,4.532599493153256,92.0
236,5.0,1,1,3,1.0,1.0,26,Entire home/apt,5.37989735354046,216.0
180,5.0,1,1,3,1.0,1.0,26,Entire home/apt,3.9889840465642745,53.0
207,5.0,1,1,4,1.0,1.0,26,Entire home/apt,4.330733340286331,75.0
57,5.0,1,1,4,1.0,1.0,26,Entire home/apt,4.382026634673881,79.0
9,4.5,1,1,5,1.0,2.0,26,Entire home/apt,5.736572297479192,309.0
13,4.5,1,1,5,1.0,2.0,26,Entire home/apt,5.081404364984463,160.0
4,3.5,1,1,5,1.0,2.0,26,Entire home/apt,5.075173815233827,159.0
16,5.0,1,1,2,1.0,1.0,26,Entire home/apt,3.9318256327243257,50.0
41,5.0,1,1,4,1.0,1.0,26,Entire home/apt,4.605170185988092,99.0
54,5.0,1,1,2,1.0,1.0,26,Private room,4.189654742026425,65.0
118,4.5,1,1,2,1.0,1.0,26,Private room,3.80666248977032,44.0
20,5.0,1,1,4,1.0,1.0,26,Entire home/apt,4.51085950651685,90.0
30,5.0,1,1,2,1.0,1.0,26,Private room,4.51085950651685,90.0
91,5.0,1,1,4,1.0,1.0,26,Entire home/apt,4.948759890378168,140.0
115,5.0,1,1,6,1.0,1.0,26,Entire home/apt,4.691347882229144,108.0
69,5.0,1,1,1,1.0,0.0,26,Entire home/apt,4.454347296253507,85.0
27,5.0,1,1,4,2.0,2.0,26,Entire home/apt,5.170483995038151,175.0
6,5.0,1,1,2,1.0,0.0,26,Entire home/apt,5.081404364984463,160.0
83,5.0,1,1,2,2.0,1.0,26,Private room,3.784189633918261,43.0
26,5.0,1,1,2,1.0,0.0,26,Entire home/apt,4.499809670330265,89.0
15,5.0,1,1,6,2.5,3.0,26,Entire home/apt,6.054439346269371,425.0
9,5.0,1,1,6,2.0,2.0,26,Entire home/apt,5.247024072160486,189.0
119,5.0,1,1,2,1.0,1.0,26,Entire home/apt,4.343805421853684,76.0
23,4.5,1,1,4,1.0,2.0,26,Entire home/apt,4.499809670330265,89.0
29,4.5,1,1,8,2.5,4.0,26,Entire home/apt,5.298317366548036,199.0
24,5.0,1,1,6,2.0,5.0,26,Entire home/apt,4.836281906951478,125.0
1,5.0,0,1,2,1.0,0.0,26,Entire home/apt,4.976733742420574,144.0
26,5.0,1,1,6,1.0,2.0,27,Entire home/apt,4.836281906951478,125.0
149,5.0,1,1,2,1.0,1.0,26,Private room,4.454347296253507,85.0
137,5.0,1,1,4,1.0,1.0,26,Entire home/apt,4.700480365792417,109.0
1,5.0,0,1,2,1.0,1.0,26,Private room,6.2166061010848646,500.0
6,5.0,1,1,6,2.0,3.0,26,Entire home/apt,5.017279836814924,150.0
103,5.0,1,1,2,1.0,1.0,26,Entire home/apt,4.454347296253507,85.0
59,4.5,1,1,2,1.0,1.0,26,Private room,3.713572066704308,40.0
115,5.0,1,1,4,1.0,1.0,26,Entire home/apt,4.060443010546419,57.0
126,5.0,1,1,8,1.0,2.0,26,Entire home/apt,4.0943445622221,59.0
312,5.0,1,1,2,1.5,1.0,26,Private room,4.02535169073515,55.0
242,4.5,1,1,6,1.0,1.0,26,Entire home/apt,3.6635616461296463,38.0
101,5.0,1,1,4,1.0,2.0,26,Entire home/apt,4.605170185988092,99.0
293,5.0,1,1,2,1.0,1.0,26,Entire home/apt,3.912023005428146,49.0
124,5.0,1,1,2,1.0,1.0,26,Private room,4.276666119016055,71.0
181,5.0,1,1,2,1.5,1.0,26,Private room,3.828641396489095,45.0
53,5.0,1,1,4,1.0,2.0,26,Entire home/apt,5.41610040220442,224.0
174,5.0,1,1,4,1.0,1.0,26,Entire home/apt,4.110873864173311,60.0
117,5.0,1,1,4,1.0,2.0,26,Entire home/apt,4.382026634673881,79.0
61,5.0,1,1,16,2.0,6.0,27,Entire home/apt,6.111467339502679,450.0
18,5.0,1,1,2,1.0,1.0,27,Entire home/apt,5.017279836814924,150.0
172,5.0,1,1,2,1.0,1.0,26,Entire home/apt,4.442651256490317,84.0
156,5.0,1,1,1,1.0,1.0,26,Shared room,4.248495242049359,69.0
47,5.0,1,1,4,1.0,1.0,26,Entire home/apt,4.700480365792417,109.0
13,5.0,1,1,8,2.0,3.0,27,Private room,4.859812404361672,128.0
21,5.0,1,1,3,1.0,1.0,26,Entire home/apt,5.707110264748875,300.0
175,5.0,1,1,5,1.0,2.0,26,Entire home/apt,4.499809670330265,89.0
194,4.5,1,1,6,1.0,2.0,26,Entire home/apt,4.564348191467836,95.0
71,5.0,1,1,4,1.0,2.0,26,Entire home/apt,4.875197323201151,130.0
105,5.0,1,1,6,3.5,3.0,26,Entire home/apt,4.770684624465665,117.0
5,5.0,1,1,6,2.5,3.0,26,Entire home/apt,5.786897381366708,325.0
0,5.0,0,0,4,1.0,1.0,26,Entire home/apt,5.19295685089021,179.0
43,4.5,1,1,2,1.0,1.0,26,Private room,4.02535169073515,55.0
35,4.5,1,1,4,1.0,0.0,26,Entire home/apt,4.110873864173311,60.0
20,5.0,1,1,2,1.0,1.0,26,Private room,3.713572066704308,40.0
341,5.0,1,1,2,1.0,1.0,26,Private room,3.9318256327243257,50.0
246,4.5,1,1,5,1.0,1.0,26,Entire home/apt,4.454347296253507,85.0
126,5.0,1,1,4,1.0,0.0,26,Entire home/apt,4.51085950651685,90.0
12,5.0,1,1,4,1.0,2.0,26,Entire home/apt,4.836281906951478,125.0
34,4.5,1,1,4,1.0,2.0,26,Entire home/apt,4.605170185988092,99.0
73,5.0,1,1,2,1.0,1.0,26,Private room,4.248495242049359,69.0
15,4.5,1,1,6,2.0,2.0,27,Entire home/apt,5.068904202220232,158.0
6,4.0,1,1,4,1.0,1.0,26,Entire home/apt,6.186208623900494,485.0
55,5.0,1,1,4,1.0,1.0,26,Entire home/apt,4.564348191467836,95.0
27,5.0,1,1,2,1.0,1.0,26,Private room,4.0943445622221,59.0
99,5.0,1,1,2,1.0,1.0,26,Private room,4.007333185232471,54.0
37,5.0,1,1,2,1.0,1.0,26,Private room,4.189654742026425,65.0
31,4.5,1,1,2,1.0,1.0,26,Private room,4.158883083359672,63.0
60,5.0,1,1,4,1.0,1.0,26,Entire home/apt,4.605170185988092,99.0
154,5.0,1,1,2,1.0,1.0,26,Private room,4.189654742026425,65.0
109,5.0,1,1,3,1.5,1.0,26,Private room,4.248495242049359,69.0
6,5.0,1,1,4,1.0,2.0,26,Entire home/apt,5.303304908059076,200.0
13,4.5,1,1,4,1.0,1.0,26,Entire home/apt,4.418840607796598,82.0
99,5.0,1,1,4,1.0,1.0,26,Entire home/apt,4.564348191467836,95.0
9,5.0,1,1,5,1.0,3.0,26,Entire home/apt,5.0238805208462765,151.0
28,4.5,1,1,2,1.0,1.0,26,Private room,4.110873864173311,60.0
45,4.5,1,1,2,1.0,1.0,26,Private room,4.02535169073515,55.0
21,4.5,1,1,3,1.0,0.0,26,Entire home/apt,4.262679877041316,70.0
41,5.0,1,1,4,2.0,2.0,26,Entire home/apt,5.081404364984463,160.0
26,5.0,1,1,4,1.0,2.0,26,Entire home/apt,5.017279836814924,150.0
175,5.0,1,1,4,1.0,1.0,26,Entire home/apt,4.605170185988092,99.0
132,5.0,1,1,2,1.0,1.0,26,Private room,3.610917912644224,36.0
27,5.0,1,1,4,1.0,1.0,26,Entire home/apt,4.836281906951478,125.0
78,5.0,1,1,6,2.0,3.0,26,Entire home/apt,4.394449154672439,80.0
0,5.0,0,0,4,1.0,1.0,26,Entire home/apt,4.770684624465665,117.0
4,5.0,1,1,1,1.0,1.0,27,Private room,3.367295829986474,28.0
31,5.0,1,1,9,3.0,3.0,26,Entire home/apt,4.969813299576001,143.0
16,4.5,1,1,5,1.0,2.0,26,Entire home/apt,4.836281906951478,125.0
7,4.0,1,1,4,2.0,2.0,26,Entire home/apt,5.303304908059076,200.0
102,5.0,1,1,2,1.0,1.0,26,Private room,3.4339872044851463,30.0
74,5.0,1,1,8,1.0,3.0,26,Entire home/apt,5.278114659230517,195.0
0,5.0,0,0,2,1.0,1.0,26,Private room,6.2166061010848646,500.0
28,5.0,1,1,2,1.0,1.0,26,Entire home/apt,4.454347296253507,85.0
99,5.0,1,1,3,1.0,1.0,26,Entire home/apt,4.605170185988092,99.0
3,4.5,1,1,3,1.0,1.0,26,Entire home/apt,4.394449154672439,80.0
1,5.0,0,1,3,1.0,1.0,26,Entire home/apt,5.19295685089021,179.0
3,4.5,1,1,3,1.0,1.0,26,Entire home/apt,4.394449154672439,80.0
12,4.5,1,1,3,1.0,0.0,26,Entire home/apt,4.262679877041316,70.0
9,3.5,1,1,3,1.0,0.0,26,Entire home/apt,4.262679877041316,70.0
6,4.5,1,1,3,1.0,0.0,26,Entire home/apt,4.262679877041316,70.0
35,4.5,1,1,2,1.0,1.0,26,Private room,3.9889840465642745,53.0
42,5.0,1,1,2,1.0,0.0,26,Entire home/apt,4.605170185988092,99.0
123,5.0,1,1,2,1.0,1.0,26,Entire home/apt,4.543294782270004,93.0
29,4.5,1,1,4,1.0,1.0,26,Entire home/apt,4.605170185988092,99.0
18,4.5,1,1,3,1.0,1.0,26,Entire home/apt,4.394449154672439,80.0
114,5.0,1,1,3,1.0,1.0,25,Private room,3.713572066704308,40.0
15,5.0,1,1,2,1.0,1.0,26,Private room,4.060443010546419,57.0
164,4.5,1,1,1,1.0,1.0,26,Private room,3.258096538021482,25.0
123,4.5,1,1,1,1.0,1.0,26,Private room,3.258096538021482,25.0
54,5.0,1,1,4,1.0,1.0,26,Entire home/apt,4.605170185988092,99.0
81,5.0,1,1,2,1.0,1.0,27,Private room,4.248495242049359,69.0
2,5.0,0,1,3,1.0,1.0,26,Entire home/apt,4.700480365792417,109.0
35,5.0,1,1,4,1.0,1.0,26,Private room,3.258096538021482,25.0
17,4.5,1,1,2,1.0,0.0,26,Entire home/apt,4.77912349311153,118.0
64,4.5,1,1,2,3.0,1.0,26,Private room,3.8918202981106265,48.0
15,5.0,1,1,4,1.5,2.0,26,Entire home/apt,5.170483995038151,175.0
19,4.5,1,1,6,1.0,3.0,26,Entire home/apt,4.912654885736052,135.0
50,5.0,1,1,4,1.0,2.0,26,Entire home/apt,4.836281906951478,125.0
1,5.0,0,1,8,1.0,1.0,26,Entire home/apt,5.62040086571715,275.0
5,4.5,1,1,3,1.0,2.0,27,Entire home/apt,4.532599493153256,92.0
140,4.5,1,1,4,1.0,1.0,26,Entire home/apt,4.605170185988092,99.0
39,5.0,1,1,2,1.0,1.0,26,Entire home/apt,4.330733340286331,75.0
84,5.0,1,1,2,1.0,2.0,26,Private room,4.663439094112067,105.0
11,5.0,1,1,4,1.0,1.0,26,Entire home/apt,4.836281906951478,125.0
82,5.0,1,1,6,2.0,2.0,26,Entire home/apt,5.170483995038151,175.0
222,4.5,1,1,4,1.0,0.0,26,Entire home/apt,4.343805421853684,76.0
46,5.0,1,1,2,1.0,0.0,26,Entire home/apt,4.51085950651685,90.0
64,5.0,1,1,4,1.0,2.0,26,Entire home/apt,4.709530201312334,110.0
0,5.0,0,0,2,1.5,2.0,26,Entire home/apt,4.948759890378168,140.0
0,5.0,0,0,6,1.0,2.0,26,Private room,4.248495242049359,69.0
27,5.0,1,1,4,1.0,1.0,26,Entire home/apt,4.605170185988092,99.0
8,5.0,1,1,6,2.0,3.0,26,Entire home/apt,5.786897381366708,325.0
188,5.0,1,1,6,1.0,3.0,26,Entire home/apt,5.342334251964811,208.0
83,5.0,1,1,2,1.0,0.0,26,Entire home/apt,4.0943445622221,59.0
101,5.0,1,1,7,2.5,3.0,26,Entire home/apt,4.330733340286331,75.0
133,5.0,1,1,4,1.0,0.0,26,Entire home/apt,4.59511985013459,98.0
109,4.5,1,1,7,2.5,3.0,26,Entire home/apt,4.189654742026425,65.0
224,4.5,1,1,4,1.0,0.0,26,Entire home/apt,4.290459441148391,72.0
22,5.0,1,1,6,2.5,3.0,26,Entire home/apt,5.860786223465865,350.0
7,5.0,1,1,4,1.0,1.0,26,Private room,4.382026634673881,79.0
91,5.0,1,1,2,1.0,2.0,26,Entire home/apt,4.0943445622221,59.0
30,5.0,1,1,5,1.5,2.0,26,Entire home/apt,4.736198448394496,113.0
0,5.0,0,0,1,1.0,1.0,26,Entire home/apt,5.017279836814924,150.0
4,5.0,1,1,6,2.0,3.0,26,Entire home/apt,5.786897381366708,325.0
164,5.0,1,1,2,1.0,0.0,26,Entire home/apt,4.394449154672439,80.0
0,5.0,0,0,4,1.5,2.0,26,Entire home/apt,4.795790545596741,120.0
190,4.5,1,1,2,2.5,1.0,26,Private room,3.828641396489095,45.0
127,4.5,1,1,1,1.0,1.0,26,Shared room,3.4339872044851463,30.0
5,5.0,1,1,4,1.0,0.0,26,Entire home/apt,4.77912349311153,118.0
28,5.0,1,1,4,1.5,2.0,26,Entire home/apt,5.62040086571715,275.0
140,5.0,1,1,6,2.0,3.0,26,Entire home/apt,5.198497031265826,180.0
143,5.0,1,1,4,1.0,1.0,26,Entire home/apt,4.48863636973214,88.0
8,5.0,1,1,2,1.0,1.0,27,Private room,3.951243718581428,51.0
4,5.0,1,1,2,1.0,1.0,26,Private room,4.867534450455582,129.0
9,5.0,1,1,2,1.0,1.0,26,Private room,4.61512051684126,100.0
6,5.0,1,1,5,2.5,3.0,26,Entire home/apt,6.2166061010848646,500.0
91,5.0,1,1,5,1.0,2.0,26,Entire home/apt,4.787491742782046,119.0
89,5.0,1,1,4,1.0,1.0,26,Entire home/apt,4.605170185988092,99.0
45,5.0,1,1,2,1.0,1.0,26,Private room,4.394449154672439,80.0
32,5.0,1,1,5,1.5,3.0,26,Entire home/apt,5.442417710521793,230.0
57,5.0,1,1,6,3.0,3.0,26,Entire home/apt,5.010635294096256,149.0
273,4.5,1,1,2,1.0,1.0,26,Entire home/apt,4.330733340286331,75.0
132,5.0,1,1,2,1.0,0.0,26,Entire home/apt,4.262679877041316,70.0
164,5.0,1,1,2,1.0,0.0,26,Entire home/apt,4.330733340286331,75.0
15,5.0,1,1,7,2.0,4.0,26,Entire home/apt,5.786897381366708,325.0
45,5.0,1,1,2,1.0,1.0,26,Private room,3.828641396489095,45.0
49,4.5,1,1,6,1.0,2.0,26,Entire home/apt,4.189654742026425,65.0
6,5.0,1,1,8,2.5,4.0,27,Entire home/apt,6.2166061010848646,500.0
16,5.0,1,1,2,4.0,1.0,26,Private room,3.9318256327243257,50.0
140,5.0,1,1,4,1.0,1.0,26,Entire home/apt,4.262679877041316,70.0
88,4.5,1,1,2,1.0,1.0,26,Private room,3.912023005428146,49.0
131,5.0,1,1,2,1.0,1.0,26,Private room,4.330733340286331,75.0
79,5.0,1,1,5,1.0,1.0,26,Entire home/apt,4.23410650459726,68.0
1,5.0,0,1,4,2.0,2.0,26,Entire home/apt,4.454347296253507,85.0
221,5.0,1,1,2,1.0,1.0,26,Entire home/apt,4.382026634673881,79.0
145,5.0,1,1,4,1.0,1.0,26,Entire home/apt,4.61512051684126,100.0
121,5.0,1,1,4,1.0,1.0,26,Entire home/apt,4.61512051684126,100.0
139,5.0,1,1,6,2.0,2.0,26,Entire home/apt,4.709530201312334,110.0
95,4.5,1,1,4,1.0,0.0,26,Entire home/apt,4.248495242049359,69.0
91,5.0,1,1,2,1.0,1.0,26,Private room,3.970291913552122,52.0
17,5.0,1,1,2,1.0,1.0,26,Private room,4.51085950651685,90.0
106,5.0,1,1,2,1.0,1.0,26,Private room,3.58351893845611,35.0
19,5.0,1,1,3,1.0,1.0,26,Entire home/apt,5.298317366548036,199.0
167,5.0,1,1,3,1.5,1.0,26,Private room,3.332204510175204,27.0
27,5.0,1,1,4,1.0,0.0,26,Entire home/apt,4.406719247264253,81.0
263,4.5,1,1,10,1.0,3.0,26,Entire home/apt,4.454347296253507,85.0
43,5.0,1,1,2,1.0,0.0,26,Entire home/apt,4.51085950651685,90.0
152,4.5,1,1,4,1.0,1.0,26,Entire home/apt,4.77912349311153,118.0
19,5.0,1,1,4,1.0,1.0,26,Entire home/apt,4.574710978503383,96.0
4,4.0,1,1,4,2.0,3.0,26,Entire home/apt,4.691347882229144,108.0
64,5.0,1,1,4,1.0,2.0,26,Entire home/apt,4.248495242049359,69.0
123,5.0,1,1,2,1.0,1.0,26,Entire home/apt,4.23410650459726,68.0
53,5.0,1,1,3,1.0,1.0,26,Entire home/apt,4.499809670330265,89.0
21,5.0,1,1,2,1.0,1.0,26,Entire home/apt,4.77912349311153,118.0
8,5.0,1,1,1,1.0,1.0,27,Private room,3.9318256327243257,50.0
46,5.0,1,1,3,1.0,1.0,26,Entire home/apt,4.394449154672439,80.0
81,4.5,1,1,4,1.0,1.0,26,Entire home/apt,4.499809670330265,89.0
89,5.0,1,1,4,1.0,1.0,26,Entire home/apt,4.867534450455582,129.0
5,5.0,1,1,6,1.0,2.0,26,Entire home/apt,5.017279836814924,150.0
8,4.5,1,1,2,1.0,1.0,26,Private room,5.017279836814924,150.0
13,5.0,1,1,2,1.0,0.0,26,Entire home/apt,4.564348191467836,95.0
71,5.0,1,1,4,1.0,2.0,32,Entire home/apt,4.204692619390966,66.0
72,5.0,1,1,6,2.0,3.0,26,Entire home/apt,5.525452939131784,250.0
43,5.0,1,1,6,1.0,2.0,26,Entire home/apt,4.836281906951478,125.0
23,4.5,1,1,2,1.0,0.0,26,Entire home/apt,4.59511985013459,98.0
6,5.0,1,1,8,3.5,3.0,26,Entire home/apt,6.066108090103747,430.0
21,4.5,1,1,2,1.5,1.0,27,Private room,4.189654742026425,65.0
27,5.0,1,1,4,1.0,0.0,26,Entire home/apt,4.787491742782046,119.0
7,5.0,1,1,2,1.0,1.0,26,Private room,3.713572066704308,40.0
138,5.0,1,1,5,1.0,1.0,26,Entire home/apt,4.51085950651685,90.0
99,5.0,1,1,7,1.0,3.0,26,Entire home/apt,4.770684624465665,117.0
17,5.0,1,1,6,1.0,2.0,26,Entire home/apt,4.61512051684126,100.0
29,5.0,1,1,2,1.0,0.0,26,Entire home/apt,4.394449154672439,80.0
6,5.0,1,1,1,0.5,1.0,27,Private room,3.555348061489413,34.0
32,4.5,1,1,5,1.0,3.0,26,Entire home/apt,5.087596335232384,161.0
35,4.5,1,1,2,2.0,1.0,26,Private room,3.332204510175204,27.0
212,5.0,1,1,2,1.0,0.0,26,Entire home/apt,3.951243718581428,51.0
83,5.0,1,1,2,1.0,1.0,26,Private room,4.454347296253507,85.0
99,5.0,1,1,11,1.0,3.0,26,Entire home/apt,5.298317366548036,199.0
0,5.0,0,0,1,3.0,5.0,26,Private room,3.4339872044851463,30.0
125,5.0,1,1,4,1.0,2.0,26,Entire home/apt,5.017279836814924,150.0
112,5.0,1,1,4,2.0,2.0,26,Entire home/apt,4.6443908991413725,103.0
51,4.5,1,1,2,1.0,1.0,26,Private room,3.871201010907891,47.0
16,5.0,1,1,1,1.0,1.0,26,Shared room,4.02535169073515,55.0
52,5.0,1,1,1,1.0,1.0,26,Private room,3.4339872044851463,30.0
40,5.0,1,1,1,1.0,1.0,26,Private room,3.688879454113936,39.0
81,5.0,1,1,2,1.0,1.0,26,Private room,3.58351893845611,35.0
30,4.5,1,1,3,1.0,2.0,27,Entire home/apt,4.61512051684126,100.0
65,5.0,1,1,2,1.0,1.0,26,Private room,4.330733340286331,75.0
20,5.0,1,1,2,1.0,1.0,26,Private room,4.51085950651685,90.0
56,5.0,1,1,2,1.0,1.0,26,Private room,4.02535169073515,55.0
72,4.5,1,1,6,1.0,2.0,26,Entire home/apt,4.564348191467836,95.0
22,5.0,1,1,6,2.0,2.0,26,Entire home/apt,5.117993812416755,166.0
40,5.0,1,1,6,2.0,2.0,27,Entire home/apt,5.707110264748875,300.0
31,5.0,1,1,2,1.0,1.0,26,Entire home/apt,4.330733340286331,75.0
20,4.5,1,1,2,1.0,1.0,26,Private room,4.330733340286331,75.0
70,5.0,1,1,2,1.0,1.0,26,Private room,3.8918202981106265,48.0
65,5.0,1,1,7,2.0,3.0,26,Entire home/apt,5.030437921392435,152.0
15,5.0,1,1,3,1.0,2.0,26,Entire home/apt,4.330733340286331,75.0
36,5.0,1,1,8,3.0,4.0,32,Entire home/apt,5.62040086571715,275.0
5,4.5,1,1,1,3.5,1.0,26,Shared room,4.189654742026425,65.0
5,4.5,1,1,2,1.5,1.0,25,Private room,4.430816798843313,83.0
4,5.0,1,1,1,1.0,1.0,26,Private room,4.394449154672439,80.0
58,5.0,1,1,2,1.0,1.0,26,Private room,3.951243718581428,51.0
15,5.0,1,1,4,1.0,2.0,26,Entire home/apt,5.017279836814924,150.0
50,5.0,1,1,2,1.0,1.0,26,Private room,3.9318256327243257,50.0
17,5.0,1,1,8,2.5,3.0,26,Entire home/apt,6.2166061010848646,500.0
61,5.0,1,1,2,1.0,1.0,26,Private room,3.828641396489095,45.0
4,5.0,1,1,5,2.0,2.0,26,Entire home/apt,5.525452939131784,250.0
92,5.0,1,1,2,1.0,1.0,26,Private room,4.61512051684126,100.0
125,5.0,1,1,2,1.0,0.0,26,Entire home/apt,4.605170185988092,99.0
9,4.5,1,1,5,2.0,2.0,27,Entire home/apt,5.1298987149230735,168.0
31,5.0,1,1,8,2.0,3.0,26,Entire home/apt,5.560681631015528,259.0
65,5.0,1,1,2,1.0,1.0,25,Entire home/apt,3.970291913552122,52.0
64,4.5,1,1,3,1.0,1.0,26,Entire home/apt,4.61512051684126,100.0
29,5.0,1,1,2,1.0,1.0,26,Entire home/apt,4.499809670330265,89.0
52,5.0,1,1,8,2.0,3.0,26,Entire home/apt,5.049856007249537,155.0
132,5.0,1,1,6,2.0,3.0,27,Entire home/apt,5.25227342804663,190.0
86,5.0,1,1,2,1.0,1.0,26,Private room,4.189654742026425,65.0
13,5.0,1,1,4,1.0,2.0,26,Entire home/apt,5.170483995038151,175.0
14,5.0,1,1,3,1.0,1.0,26,Entire home/apt,4.875197323201151,130.0
87,5.0,1,1,2,1.0,1.0,27,Private room,4.248495242049359,69.0
59,5.0,1,1,4,1.0,1.0,26,Entire home/apt,3.912023005428146,49.0
25,5.0,1,1,4,1.0,2.0,26,Entire home/apt,4.875197323201151,130.0
2,5.0,0,1,1,3.5,1.0,26,Shared room,4.189654742026425,65.0
0,5.0,0,0,2,3.5,1.0,26,Shared room,4.875197323201151,130.0
0,5.0,0,0,2,3.5,1.0,26,Shared room,4.875197323201151,130.0
3,5.0,1,1,1,3.5,1.0,26,Shared room,4.189654742026425,65.0
3,4.0,1,1,1,3.5,1.0,26,Shared room,4.189654742026425,65.0
0,5.0,0,0,2,3.5,1.0,26,Private room,4.574710978503383,96.0
5,5.0,1,1,4,1.0,1.0,32,Entire home/apt,4.804021044733257,121.0
10,5.0,1,1,8,2.0,2.0,26,Entire home/apt,5.560681631015528,259.0
37,5.0,1,1,10,2.5,4.0,25,Entire home/apt,5.673323267171493,290.0
53,5.0,1,1,3,1.0,2.0,26,Entire home/apt,4.574710978503383,96.0
100,5.0,1,1,4,1.0,2.0,27,Private room,4.248495242049359,69.0
72,5.0,1,1,4,1.0,2.0,26,Entire home/apt,4.912654885736052,135.0
1,5.0,0,1,2,3.5,1.0,26,Private room,4.875197323201151,130.0
2,5.0,0,1,1,3.5,1.0,26,Shared room,4.189654742026425,65.0
2,5.0,0,1,1,3.5,1.0,26,Shared room,4.189654742026425,65.0
0,5.0,0,0,1,3.5,1.0,26,Shared room,4.110873864173311,60.0
8,4.5,1,1,1,2.5,1.0,26,Private room,4.59511985013459,98.0
0,5.0,0,0,3,3.5,1.0,26,Private room,5.278114659230517,195.0
1,5.0,0,1,2,3.5,1.0,26,Private room,4.948759890378168,140.0
5,5.0,1,1,2,3.5,1.0,26,Private room,4.875197323201151,130.0
90,5.0,1,1,2,1.0,1.0,26,Private room,3.713572066704308,40.0
5,5.0,1,1,2,1.5,0.0,26,Entire home/apt,5.017279836814924,150.0
44,5.0,1,1,4,1.0,2.0,27,Entire home/apt,4.382026634673881,79.0
124,5.0,1,1,5,1.0,2.0,26,Entire home/apt,4.48863636973214,88.0
120,4.5,1,1,2,1.0,1.0,26,Private room,3.80666248977032,44.0
201,5.0,1,1,2,1.0,1.0,26,Entire home/apt,4.430816798843313,83.0
202,5.0,1,1,2,1.0,0.0,26,Entire home/apt,3.49650756146648,32.0
57,5.0,1,1,1,1.0,1.0,26,Private room,4.02535169073515,55.0
12,4.5,1,1,3,1.0,0.0,26,Entire home/apt,4.499809670330265,89.0
48,5.0,1,1,2,1.0,1.0,26,Private room,4.454347296253507,85.0
61,5.0,1,1,2,1.0,0.0,26,Entire home/apt,4.465908118654584,86.0
44,5.0,1,1,4,2.5,2.0,26,Entire home/apt,4.718498871295094,111.0
22,4.5,1,1,1,1.0,1.0,27,Private room,4.248495242049359,69.0
130,5.0,1,1,4,1.0,0.0,26,Entire home/apt,4.110873864173311,60.0
207,5.0,1,1,2,1.0,0.0,26,Entire home/apt,4.605170185988092,99.0
116,4.5,1,1,2,1.0,0.0,26,Entire home/apt,4.330733340286331,75.0
69,5.0,1,1,8,3.0,3.0,26,Entire home/apt,6.077642243349034,435.0
128,5.0,1,1,8,1.5,2.0,26,Entire home/apt,4.189654742026425,65.0
4,4.5,1,1,2,1.0,1.0,26,Entire home/apt,4.330733340286331,75.0
34,5.0,1,1,6,4.0,4.0,26,Entire home/apt,5.860786223465865,350.0
0,5.0,0,0,4,3.5,1.0,26,Shared room,5.198497031265826,180.0
0,5.0,0,0,2,3.5,1.0,26,Shared room,4.948759890378168,140.0
0,5.0,0,0,2,3.5,1.0,26,Shared room,4.875197323201151,130.0
1,5.0,0,1,2,3.5,1.0,26,Shared room,4.948759890378168,140.0
237,5.0,1,1,2,1.0,1.0,26,Entire home/apt,4.394449154672439,80.0
58,5.0,1,1,6,3.0,3.0,26,Entire home/apt,5.278114659230517,195.0
0,5.0,0,0,16,4.0,5.0,26,Entire home/apt,6.2166061010848646,500.0
4,4.0,1,1,6,1.0,2.0,26,Entire home/apt,4.61512051684126,100.0
3,5.0,1,1,1,1.0,1.0,27,Private room,3.4339872044851463,30.0
2,5.0,0,1,2,1.0,1.0,27,Private room,4.007333185232471,54.0
1,5.0,0,1,1,2.0,1.0,26,Private room,4.875197323201151,130.0
31,5.0,1,1,1,1.0,1.0,26,Private room,3.6375861597263857,37.0
29,5.0,1,1,1,1.0,1.0,26,Private room,3.737669618283368,41.0
93,5.0,1,1,3,1.0,1.0,26,Entire home/apt,4.02535169073515,55.0
111,5.0,1,1,5,1.0,2.0,26,Entire home/apt,4.330733340286331,75.0
9,5.0,1,1,2,1.0,1.0,26,Entire home/apt,4.983606621708336,145.0
45,4.5,1,1,2,1.5,1.0,26,Private room,4.02535169073515,55.0
26,4.5,1,1,6,1.0,2.0,26,Entire home/apt,5.247024072160486,189.0
235,5.0,1,1,2,1.0,1.0,26,Entire home/apt,4.248495242049359,69.0
75,5.0,1,1,4,2.0,2.0,26,Entire home/apt,4.605170185988092,99.0
35,5.0,1,1,4,1.0,1.0,27,Entire home/apt,4.564348191467836,95.0
231,4.5,1,1,2,1.0,1.0,26,Entire home/apt,3.713572066704308,40.0
14,4.5,1,1,2,1.0,1.0,27,Private room,3.8918202981106265,48.0
34,5.0,1,1,4,1.0,2.0,26,Entire home/apt,4.718498871295094,111.0
2,5.0,0,1,2,1.0,0.0,27,Entire home/apt,4.219507705176107,67.0
24,4.5,1,1,2,1.0,1.0,27,Private room,4.382026634673881,79.0
10,4.5,1,1,2,1.0,1.0,26,Private room,4.143134726391533,62.0
0,5.0,0,0,1,1.0,1.0,26,Private room,4.23410650459726,68.0
47,5.0,1,1,4,1.0,1.0,26,Entire home/apt,4.51085950651685,90.0
107,5.0,1,1,6,1.0,2.0,26,Entire home/apt,5.298317366548036,199.0
52,5.0,1,1,2,1.0,1.0,26,Private room,3.8918202981106265,48.0
42,5.0,1,1,2,1.0,1.0,26,Entire home/apt,4.564348191467836,95.0
115,5.0,1,1,4,2.0,2.0,27,Entire home/apt,4.7535901911063645,115.0
5,5.0,1,1,9,2.0,4.0,26,Entire home/apt,5.968707559985366,390.0
228,5.0,1,1,2,1.0,1.0,26,Entire home/apt,3.828641396489095,45.0
90,5.0,1,1,3,1.0,0.0,26,Entire home/apt,4.394449154672439,80.0
66,5.0,1,1,4,1.0,1.0,26,Entire home/apt,4.51085950651685,90.0
82,5.0,1,1,4,1.0,1.0,26,Entire home/apt,4.7535901911063645,115.0
16,5.0,1,1,4,1.0,2.0,26,Entire home/apt,5.170483995038151,175.0
40,5.0,1,1,2,1.0,0.0,26,Entire home/apt,4.110873864173311,60.0
306,5.0,1,1,2,1.0,0.0,26,Entire home/apt,4.0943445622221,59.0
9,5.0,1,1,6,2.0,3.0,26,Entire home/apt,5.303304908059076,200.0
52,5.0,1,1,4,1.0,2.0,26,Entire home/apt,5.049856007249537,155.0
124,4.5,1,1,2,1.0,1.0,26,Private room,3.912023005428146,49.0
138,4.5,1,1,2,1.0,1.0,26,Private room,3.912023005428146,49.0
85,5.0,1,1,8,1.5,3.0,26,Entire home/apt,5.135798437050262,169.0
87,5.0,1,1,6,1.0,2.0,26,Entire home/apt,4.7535901911063645,115.0
81,5.0,1,1,3,2.0,1.0,26,Private room,3.80666248977032,44.0
53,5.0,1,1,4,1.0,1.0,26,Entire home/apt,4.605170185988092,99.0
192,4.5,1,1,2,2.0,1.0,26,Private room,3.258096538021482,25.0
115,5.0,1,1,2,1.0,1.0,26,Private room,4.189654742026425,65.0
44,5.0,1,1,1,1.0,1.0,26,Private room,3.871201010907891,47.0
51,5.0,1,1,2,2.0,1.0,26,Private room,3.828641396489095,45.0
60,5.0,1,1,2,1.0,1.0,26,Private room,4.02535169073515,55.0
92,5.0,1,1,4,1.0,1.0,26,Entire home/apt,4.430816798843313,83.0
91,5.0,1,1,3,1.0,1.0,26,Entire home/apt,4.330733340286331,75.0
22,4.5,1,1,4,1.0,1.0,26,Entire home/apt,5.170483995038151,175.0
29,4.5,1,1,2,1.0,1.0,27,Private room,3.828641396489095,45.0
107,5.0,1,1,2,1.0,1.0,26,Private room,4.61512051684126,100.0
1,5.0,0,1,4,1.0,2.0,27,Entire home/apt,4.51085950651685,90.0
60,5.0,1,1,6,2.0,3.0,27,Entire home/apt,5.010635294096256,149.0
40,5.0,1,1,6,1.0,4.0,26,Entire home/apt,5.010635294096256,149.0
108,5.0,1,1,4,1.0,2.0,26,Entire home/apt,4.499809670330265,89.0
87,5.0,1,1,2,1.0,0.0,26,Entire home/apt,4.248495242049359,69.0
1,5.0,0,1,8,3.0,4.0,26,Entire home/apt,5.968707559985366,390.0
97,5.0,1,1,2,1.0,1.0,26,Entire home/apt,4.605170185988092,99.0
64,5.0,1,1,1,2.0,1.0,26,Private room,3.713572066704308,40.0
199,5.0,1,1,3,1.0,0.0,26,Entire home/apt,4.07753744390572,58.0
50,5.0,1,1,4,1.0,1.0,26,Entire home/apt,4.605170185988092,99.0
299,5.0,1,1,2,1.0,1.0,26,Private room,4.23410650459726,68.0
7,5.0,1,1,2,1.0,1.0,26,Private room,4.59511985013459,98.0
38,5.0,1,1,2,2.0,0.0,26,Private room,3.828641396489095,45.0
6,5.0,1,1,7,1.0,2.0,26,Entire home/apt,5.303304908059076,200.0
134,5.0,1,1,2,1.0,0.0,26,Entire home/apt,4.382026634673881,79.0
192,5.0,1,1,2,1.0,0.0,26,Entire home/apt,4.394449154672439,80.0
32,4.5,1,1,2,1.0,1.0,26,Entire home/apt,4.663439094112067,105.0
214,5.0,1,1,2,1.0,1.0,26,Entire home/apt,4.382026634673881,79.0
9,4.5,1,1,8,3.0,3.0,26,Entire home/apt,6.206575926724928,495.0
25,5.0,1,1,2,1.0,1.0,26,Private room,4.454347296253507,85.0
147,5.0,1,1,8,2.5,3.0,26,Entire home/apt,4.59511985013459,98.0
37,5.0,1,1,2,1.0,1.0,26,Entire home/apt,4.330733340286331,75.0
3,4.5,1,1,4,1.0,1.0,26,Entire home/apt,4.532599493153256,92.0
1,5.0,0,1,3,1.0,2.0,26,Entire home/apt,5.564520407322694,260.0
57,5.0,1,1,2,1.0,1.0,26,Private room,3.828641396489095,45.0
79,5.0,1,1,3,1.0,1.0,26,Private room,4.262679877041316,70.0
16,5.0,1,1,8,3.0,4.0,26,Entire home/apt,6.2166061010848646,500.0
118,5.0,1,1,8,2.5,3.0,26,Entire home/apt,4.912654885736052,135.0
70,5.0,1,1,4,1.0,1.0,26,Entire home/apt,4.262679877041316,70.0
16,4.5,1,1,3,1.0,1.0,26,Entire home/apt,4.61512051684126,100.0
49,5.0,1,1,8,2.0,4.0,26,Entire home/apt,5.993961427306569,400.0
83,5.0,1,1,4,1.0,2.0,26,Entire home/apt,5.525452939131784,250.0
12,5.0,1,1,2,1.0,0.0,26,Entire home/apt,4.663439094112067,105.0
3,5.0,1,1,6,2.5,3.0,26,Entire home/apt,5.017279836814924,150.0
30,5.0,1,1,2,1.0,1.0,26,Entire home/apt,4.51085950651685,90.0
3,4.5,1,1,6,1.0,2.0,26,Entire home/apt,5.303304908059076,200.0
32,5.0,1,1,3,1.0,1.0,26,Private room,4.110873864173311,60.0
24,5.0,1,1,6,2.5,2.0,26,Entire home/apt,5.525452939131784,250.0
49,4.5,1,1,10,2.5,4.0,27,Entire home/apt,6.063785208687608,429.0
7,5.0,1,1,2,1.0,1.0,26,Entire home/apt,5.303304908059076,200.0
104,5.0,1,1,2,1.0,1.0,26,Private room,4.02535169073515,55.0
4,5.0,1,1,5,1.0,2.0,26,Entire home/apt,5.14166355650266,170.0
2,5.0,0,1,4,1.0,2.0,26,Private room,4.0943445622221,59.0
29,5.0,1,1,5,1.0,2.0,25,Entire home/apt,4.663439094112067,105.0
134,5.0,1,1,3,1.5,1.0,26,Entire home/apt,4.248495242049359,69.0
27,5.0,1,1,2,1.5,1.0,27,Private room,4.248495242049359,69.0
53,5.0,1,1,4,1.0,1.0,26,Entire home/apt,4.912654885736052,135.0
154,4.5,1,1,3,1.0,1.0,26,Entire home/apt,4.07753744390572,58.0
8,4.5,1,1,2,1.0,1.0,27,Private room,4.61512051684126,100.0
8,5.0,1,1,6,1.0,1.0,26,Private room,4.248495242049359,69.0
7,4.5,1,1,2,2.0,1.0,26,Private room,4.663439094112067,105.0
70,5.0,1,1,3,1.0,1.0,26,Private room,4.330733340286331,75.0
104,5.0,1,1,4,1.0,2.0,27,Entire home/apt,4.836281906951478,125.0
4,4.5,1,1,6,2.0,2.0,27,Entire home/apt,5.525452939131784,250.0
10,4.5,1,1,1,1.0,1.0,26,Private room,4.110873864173311,60.0
16,4.5,1,1,1,1.0,1.0,26,Private room,3.9318256327243257,50.0
57,5.0,1,1,4,1.0,1.0,26,Entire home/apt,4.330733340286331,75.0
179,4.5,1,1,2,1.0,0.0,26,Entire home/apt,3.912023005428146,49.0
6,5.0,1,1,6,3.5,4.0,26,Entire home/apt,5.981414211254481,395.0
49,5.0,1,1,2,1.0,1.0,26,Private room,4.553876891600541,94.0
21,5.0,1,1,2,1.0,0.0,26,Entire home/apt,4.867534450455582,129.0
180,5.0,1,1,3,1.0,0.0,26,Entire home/apt,4.219507705176107,67.0
169,5.0,1,1,3,1.5,1.0,26,Private room,3.295836866004329,26.0
4,4.5,1,1,2,1.0,1.0,26,Entire home/apt,4.499809670330265,89.0
2,5.0,0,1,7,1.5,3.0,26,Entire home/apt,5.5053315359323625,245.0
116,4.5,1,1,2,1.0,1.0,26,Private room,3.828641396489095,45.0
7,5.0,1,1,6,2.0,2.0,26,Entire home/apt,4.912654885736052,135.0
78,5.0,1,1,2,1.0,0.0,26,Entire home/apt,4.158883083359672,63.0
24,5.0,1,1,2,1.0,1.0,26,Private room,4.51085950651685,90.0
8,5.0,1,1,6,2.0,2.0,26,Entire home/apt,5.703782474656201,299.0
6,5.0,1,1,2,1.0,1.0,26,Private room,3.9318256327243257,50.0
127,5.0,1,1,4,1.0,1.0,26,Entire home/apt,4.290459441148391,72.0
115,4.5,1,1,12,2.0,4.0,26,Entire home/apt,5.017279836814924,150.0
113,4.5,1,1,2,1.0,1.0,26,Private room,4.0943445622221,59.0
32,4.5,1,1,1,1.0,1.0,26,Shared room,3.4011973816621555,29.0
29,5.0,1,1,2,1.0,1.0,26,Entire home/apt,4.51085950651685,90.0
32,5.0,1,1,2,1.0,1.0,26,Private room,4.394449154672439,80.0
92,5.0,1,1,2,1.0,0.0,26,Private room,3.58351893845611,35.0
27,4.5,1,1,2,1.0,1.0,27,Private room,3.610917912644224,36.0
131,5.0,1,1,4,1.0,1.0,27,Entire home/apt,3.970291913552122,52.0
10,4.0,1,1,4,1.0,1.0,26,Entire home/apt,4.51085950651685,90.0
40,5.0,1,1,2,1.0,0.0,26,Entire home/apt,4.189654742026425,65.0
82,4.5,1,1,2,1.0,1.0,26,Private room,4.262679877041316,70.0
126,5.0,1,1,4,1.0,1.0,26,Entire home/apt,3.688879454113936,39.0
8,5.0,1,1,2,1.0,1.0,26,Entire home/apt,5.170483995038151,175.0
1,5.0,0,1,6,2.5,3.0,27,Entire home/apt,4.61512051684126,100.0
70,5.0,1,1,4,1.0,2.0,27,Entire home/apt,4.836281906951478,125.0
5,5.0,1,1,2,1.0,1.0,28,Private room,4.836281906951478,125.0
37,5.0,1,1,2,1.0,1.0,27,Entire home/apt,4.454347296253507,85.0
1,5.0,0,1,6,1.0,2.0,26,Entire home/apt,4.143134726391533,62.0
46,5.0,1,1,4,2.0,2.0,26,Entire home/apt,5.241747015059643,188.0
195,4.5,1,1,1,2.0,1.0,26,Shared room,3.4339872044851463,30.0
8,5.0,1,1,10,3.5,5.0,26,Entire home/apt,6.2166061010848646,500.0
60,5.0,1,1,2,1.0,1.0,26,Private room,4.110873864173311,60.0
189,4.5,1,1,3,1.0,0.0,26,Entire home/apt,4.110873864173311,60.0
117,5.0,1,1,6,3.0,3.0,26,Entire home/apt,5.123963979403259,167.0
7,5.0,1,1,1,2.0,1.0,26,Private room,4.02535169073515,55.0
169,4.5,1,1,4,1.0,0.0,26,Entire home/apt,4.07753744390572,58.0
127,5.0,1,1,2,1.0,1.0,26,Private room,3.828641396489095,45.0
37,5.0,1,1,4,1.0,1.0,26,Entire home/apt,4.143134726391533,62.0
56,5.0,1,1,4,1.0,1.0,26,Entire home/apt,4.700480365792417,109.0
49,5.0,1,1,2,1.0,1.0,27,Private room,4.0943445622221,59.0
9,5.0,1,1,3,1.0,2.0,26,Entire home/apt,4.382026634673881,79.0
2,5.0,0,1,4,2.0,2.0,26,Entire home/apt,5.1298987149230735,168.0
25,5.0,1,1,2,1.0,1.0,26,Private room,4.189654742026425,65.0
43,5.0,1,1,2,1.0,2.0,26,Entire home/apt,4.605170185988092,99.0
136,5.0,1,1,3,1.5,1.0,26,Private room,3.8918202981106265,48.0
7,5.0,1,1,8,2.5,3.0,26,Entire home/apt,5.420534999272286,225.0
46,5.0,1,1,2,1.0,1.0,26,Private room,5.303304908059076,200.0
149,5.0,1,1,2,1.0,1.0,26,Entire home/apt,3.912023005428146,49.0
1,5.0,0,1,4,1.0,2.0,26,Entire home/apt,5.525452939131784,250.0
40,5.0,1,1,2,1.0,1.0,26,Entire home/apt,4.983606621708336,145.0
18,5.0,1,1,2,1.0,1.0,26,Entire home/apt,4.836281906951478,125.0
100,5.0,1,1,6,1.0,2.0,26,Entire home/apt,4.700480365792417,109.0
86,5.0,1,1,2,1.0,1.0,26,Entire home/apt,4.248495242049359,69.0
10,5.0,1,1,10,2.5,4.0,26,Entire home/apt,6.16541785423142,475.0
57,5.0,1,1,5,1.0,1.0,26,Entire home/apt,4.532599493153256,92.0
95,5.0,1,1,3,1.0,0.0,26,Entire home/apt,3.912023005428146,49.0
0,5.0,0,0,1,1.0,1.0,26,Private room,5.303304908059076,200.0
25,5.0,1,1,4,1.0,1.0,26,Entire home/apt,4.61512051684126,100.0
7,5.0,1,1,2,1.5,1.0,26,Entire home/apt,5.087596335232384,161.0
82,5.0,1,1,2,1.0,1.0,26,Private room,4.262679877041316,70.0
4,4.5,1,1,6,2.0,2.0,27,Entire home/apt,4.61512051684126,100.0
90,5.0,1,1,4,1.0,0.0,26,Entire home/apt,4.919980925828125,136.0
0,5.0,0,0,4,2.0,2.0,26,Entire home/apt,5.220355825078324,184.0
72,5.0,1,1,2,1.0,1.0,26,Entire home/apt,4.262679877041316,70.0
27,5.0,1,1,2,1.0,1.0,25,Private room,3.9318256327243257,50.0
6,5.0,1,1,2,1.0,1.0,26,Private room,4.7535901911063645,115.0
156,5.0,1,1,4,1.0,0.0,26,Entire home/apt,4.394449154672439,80.0
234,5.0,1,1,2,1.0,1.0,26,Private room,4.189654742026425,65.0
2,5.0,0,1,1,1.0,1.0,27,Private room,3.295836866004329,26.0
9,4.5,1,1,1,2.5,1.0,27,Private room,3.4339872044851463,30.0
38,5.0,1,1,1,1.0,1.0,27,Private room,3.828641396489095,45.0
47,5.0,1,1,2,1.0,1.0,26,Private room,4.836281906951478,125.0
11,4.5,1,1,3,1.0,1.0,27,Private room,4.110873864173311,60.0
42,5.0,1,1,6,3.0,3.0,26,Entire home/apt,5.170483995038151,175.0
10,5.0,1,1,6,1.5,3.0,26,Entire home/apt,5.673323267171493,290.0
164,5.0,1,1,2,1.0,1.0,26,Entire home/apt,4.262679877041316,70.0
8,5.0,1,1,2,1.0,1.0,27,Private room,3.713572066704308,40.0
10,3.5,1,1,5,0.5,0.0,26,Entire home/apt,3.828641396489095,45.0
154,5.0,1,1,4,1.0,1.0,26,Private room,4.262679877041316,70.0
113,5.0,1,1,6,2.0,3.0,26,Entire home/apt,5.087596335232384,161.0
37,5.0,1,1,2,1.0,0.0,26,Entire home/apt,4.219507705176107,67.0
5,4.5,1,1,2,1.0,1.0,26,Entire home/apt,4.330733340286331,75.0
112,4.5,1,1,2,1.0,0.0,26,Private room,3.912023005428146,49.0
87,5.0,1,1,2,1.0,1.0,26,Private room,4.110873864173311,60.0
82,5.0,1,1,2,1.0,1.0,26,Private room,4.51085950651685,90.0
32,4.5,1,1,3,1.0,1.0,26,Entire home/apt,5.049856007249537,155.0
17,4.5,1,1,1,1.0,1.0,27,Private room,3.828641396489095,45.0
172,5.0,1,1,2,1.0,1.0,26,Entire home/apt,4.787491742782046,119.0
94,4.5,1,1,3,2.0,1.0,26,Private room,3.713572066704308,40.0
6,5.0,1,1,2,1.0,1.0,27,Private room,4.605170185988092,99.0
100,5.0,1,1,2,1.0,1.0,26,Private room,4.262679877041316,70.0
12,5.0,1,1,6,2.0,2.0,26,Entire home/apt,5.468060141135132,236.0
128,5.0,1,1,6,1.0,1.0,26,Entire home/apt,4.262679877041316,70.0
68,5.0,1,1,2,1.0,1.0,26,Private room,4.330733340286331,75.0
179,5.0,1,1,2,1.0,1.0,26,Private room,3.9318256327243257,50.0
74,5.0,1,1,2,1.0,1.0,26,Entire home/apt,4.454347296253507,85.0
203,5.0,1,1,2,1.0,0.0,26,Entire home/apt,4.499809670330265,89.0
11,5.0,1,1,2,1.0,0.0,26,Entire home/apt,4.330733340286331,75.0
41,5.0,1,1,2,1.5,0.0,26,Entire home/apt,4.382026634673881,79.0
70,5.0,1,1,2,1.0,1.0,26,Entire home/apt,4.836281906951478,125.0
13,5.0,1,1,4,1.0,2.0,26,Entire home/apt,4.394449154672439,80.0
17,4.5,1,1,1,1.0,1.0,26,Private room,3.688879454113936,39.0
83,5.0,1,1,4,1.0,1.0,26,Entire home/apt,4.709530201312334,110.0
76,5.0,1,1,4,1.0,2.0,26,Entire home/apt,4.787491742782046,119.0
14,5.0,1,1,10,4.0,4.0,27,Entire home/apt,6.2166061010848646,500.0
137,4.5,1,1,3,2.0,1.0,26,Private room,3.713572066704308,40.0
25,5.0,1,1,2,1.5,1.0,26,Private room,4.394449154672439,80.0
144,5.0,1,1,4,1.0,1.0,26,Entire home/apt,4.110873864173311,60.0
98,5.0,1,1,3,1.0,0.0,26,Entire home/apt,4.499809670330265,89.0
0,5.0,0,0,1,1.0,1.0,26,Private room,3.5263605246161616,33.0
64,5.0,1,1,3,1.0,0.0,26,Entire home/apt,4.262679877041316,70.0
0,5.0,0,0,4,2.0,2.0,26,Entire home/apt,5.521460917862246,249.0
166,5.0,1,1,4,1.0,1.0,26,Private room,3.295836866004329,26.0
0,5.0,0,0,3,1.0,1.0,26,Entire home/apt,4.867534450455582,129.0
35,5.0,1,1,3,1.0,1.0,26,Entire home/apt,4.51085950651685,90.0
60,5.0,1,1,5,1.0,2.0,26,Entire home/apt,4.61512051684126,100.0
31,4.5,1,1,15,2.5,6.0,26,Entire home/apt,6.186208623900494,485.0
15,4.5,1,1,6,2.0,2.0,26,Entire home/apt,5.017279836814924,150.0
29,4.5,1,1,8,1.0,2.0,26,Entire home/apt,5.017279836814924,150.0
7,4.5,1,1,8,1.0,2.0,26,Entire home/apt,5.017279836814924,150.0
38,5.0,1,1,6,1.5,2.0,26,Entire home/apt,5.703782474656201,299.0
86,5.0,1,1,2,1.0,1.0,26,Entire home/apt,4.553876891600541,94.0
26,5.0,1,1,2,1.0,1.0,26,Entire home/apt,4.110873864173311,60.0
81,5.0,1,1,2,1.0,1.0,26,Entire home/apt,3.9318256327243257,50.0
72,5.0,1,1,2,1.0,0.0,26,Entire home/apt,4.394449154672439,80.0
45,5.0,1,1,2,1.0,1.0,26,Entire home/apt,4.795790545596741,120.0
37,5.0,1,1,4,1.0,1.0,26,Entire home/apt,4.418840607796598,82.0
223,5.0,1,1,3,1.0,1.0,26,Entire home/apt,4.189654742026425,65.0
90,5.0,1,1,2,1.0,0.0,26,Entire home/apt,4.060443010546419,57.0
9,4.5,1,1,6,1.5,3.0,26,Entire home/apt,4.30406509320417,73.0
101,4.5,1,1,2,1.0,0.0,26,Private room,4.0943445622221,59.0
69,5.0,1,1,7,2.5,3.0,26,Entire home/apt,4.941642422609304,139.0
76,5.0,1,1,2,1.0,1.0,26,Private room,4.584967478670572,97.0
51,5.0,1,1,3,1.0,1.0,26,Entire home/apt,4.663439094112067,105.0
125,5.0,1,1,2,1.0,1.0,26,Entire home/apt,4.605170185988092,99.0
68,5.0,1,1,2,1.0,1.0,26,Entire home/apt,3.912023005428146,49.0
21,5.0,1,1,4,1.0,2.0,26,Entire home/apt,5.375278407684165,215.0
30,5.0,1,1,2,1.0,1.0,26,Entire home/apt,4.709530201312334,110.0
42,5.0,1,1,6,2.0,2.0,26,Entire home/apt,4.672828834461906,106.0
25,5.0,1,1,1,2.0,1.0,26,Private room,3.713572066704308,40.0
51,5.0,1,1,3,1.0,0.0,26,Entire home/apt,4.709530201312334,110.0
138,5.0,1,1,3,1.0,1.0,26,Private room,4.189654742026425,65.0
87,5.0,1,1,4,1.0,1.0,26,Entire home/apt,4.564348191467836,95.0
90,4.5,1,1,4,1.0,1.0,26,Entire home/apt,4.3694478524670215,78.0
108,5.0,1,1,3,1.0,1.0,26,Entire home/apt,4.709530201312334,110.0
65,5.0,1,1,3,1.0,1.0,26,Entire home/apt,4.605170185988092,99.0
83,5.0,1,1,4,1.0,0.0,26,Entire home/apt,4.605170185988092,99.0
59,5.0,1,1,2,1.0,0.0,26,Entire home/apt,4.51085950651685,90.0
63,5.0,1,1,2,1.0,1.0,26,Private room,4.3694478524670215,78.0
17,5.0,1,1,4,1.0,1.0,26,Entire home/apt,5.278114659230517,195.0
11,4.5,1,1,2,0.0,1.0,26,Shared room,4.110873864173311,60.0
82,4.5,1,1,2,1.0,1.0,26,Private room,3.828641396489095,45.0
2,5.0,0,1,5,2.5,3.0,26,Entire home/apt,5.017279836814924,150.0
3,4.5,1,1,1,1.0,1.0,27,Entire home/apt,4.454347296253507,85.0
80,4.5,1,1,3,1.0,0.0,26,Entire home/apt,4.23410650459726,68.0
94,5.0,1,1,2,1.0,1.0,26,Private room,3.9318256327243257,50.0
181,5.0,1,1,2,1.0,1.0,26,Private room,3.6375861597263857,37.0
158,5.0,1,1,4,1.0,1.0,26,Entire home/apt,4.663439094112067,105.0
53,5.0,1,1,2,1.0,0.0,26,Entire home/apt,4.248495242049359,69.0
107,5.0,1,1,2,1.0,1.0,26,Private room,4.394449154672439,80.0
251,5.0,1,1,3,1.0,1.0,26,Entire home/apt,4.442651256490317,84.0
19,5.0,1,1,2,1.0,1.0,26,Entire home/apt,5.2574953720277815,191.0
65,5.0,1,1,4,1.0,0.0,26,Entire home/apt,4.382026634673881,79.0
22,5.0,1,1,4,1.5,2.0,26,Entire home/apt,4.51085950651685,90.0
6,5.0,1,1,4,1.0,1.0,26,Entire home/apt,4.795790545596741,120.0
107,4.5,1,1,4,1.0,1.0,26,Entire home/apt,3.9889840465642745,53.0
119,5.0,1,1,4,1.0,1.0,26,Entire home/apt,4.330733340286331,75.0
74,5.0,1,1,4,1.0,1.0,26,Entire home/apt,4.605170185988092,99.0
170,5.0,1,1,6,1.0,2.0,26,Entire home/apt,4.454347296253507,85.0
36,5.0,1,1,2,1.0,1.0,26,Entire home/apt,5.303304908059076,200.0
12,4.5,1,1,4,2.0,2.0,26,Entire home/apt,5.214935757608986,183.0
0,5.0,0,0,2,1.0,1.0,26,Private room,4.262679877041316,70.0
1,5.0,0,1,4,2.0,2.0,26,Entire home/apt,5.786897381366708,325.0
14,4.5,1,1,6,2.0,3.0,26,Entire home/apt,4.875197323201151,130.0
8,5.0,1,1,5,2.5,4.0,27,Entire home/apt,4.605170185988092,99.0
107,5.0,1,1,4,1.0,1.0,26,Entire home/apt,4.262679877041316,70.0
5,5.0,1,1,12,1.0,4.0,26,Entire home/apt,5.707110264748875,300.0
75,5.0,1,1,2,1.0,1.0,26,Private room,4.189654742026425,65.0
46,5.0,1,1,2,1.0,1.0,26,Entire home/apt,4.51085950651685,90.0
63,5.0,1,1,2,1.0,1.0,26,Private room,3.5263605246161616,33.0
80,5.0,1,1,2,1.0,1.0,26,Entire home/apt,4.189654742026425,65.0
24,5.0,1,1,2,1.0,1.0,26,Private room,3.7612001156935615,42.0
38,5.0,1,1,2,1.0,1.0,26,Entire home/apt,4.330733340286331,75.0
10,4.0,1,1,4,1.0,2.0,26,Entire home/apt,4.61512051684126,100.0
20,5.0,1,1,4,1.0,2.0,26,Entire home/apt,4.890349128221754,132.0
74,4.5,1,1,4,1.0,0.0,26,Entire home/apt,3.871201010907891,47.0
32,4.5,1,1,4,2.0,2.0,26,Entire home/apt,4.709530201312334,110.0
0,5.0,0,0,2,1.0,1.0,26,Entire home/apt,4.51085950651685,90.0
7,4.5,1,1,8,2.0,2.0,26,Entire home/apt,5.634789603169249,279.0
3,5.0,1,1,1,2.0,1.0,27,Private room,3.4339872044851463,30.0
14,4.5,1,1,7,1.0,2.0,26,Entire home/apt,4.499809670330265,89.0
133,5.0,1,1,3,1.0,1.0,26,Entire home/apt,4.382026634673881,79.0
80,5.0,1,1,12,3.5,5.0,26,Entire home/apt,5.840641657373398,343.0
7,5.0,1,1,4,1.0,2.0,26,Entire home/apt,4.912654885736052,135.0
92,5.0,1,1,2,1.0,1.0,26,Entire home/apt,4.48863636973214,88.0
184,5.0,1,1,2,1.0,0.0,26,Entire home/apt,4.330733340286331,75.0
11,5.0,1,1,5,2.5,3.0,26,Entire home/apt,4.867534450455582,129.0
62,5.0,1,1,2,1.0,1.0,26,Private room,4.553876891600541,94.0
0,5.0,0,0,4,2.0,2.0,27,Entire home/apt,4.875197323201151,130.0
206,5.0,1,1,2,1.0,1.0,26,Private room,3.6375861597263857,37.0
104,5.0,1,1,4,1.0,1.0,26,Private room,3.6375861597263857,37.0
194,5.0,1,1,6,1.0,2.0,26,Entire home/apt,4.204692619390966,66.0
2,5.0,0,1,1,1.0,1.0,26,Private room,3.5263605246161616,33.0
10,5.0,1,1,4,1.0,1.0,26,Entire home/apt,5.525452939131784,250.0
120,5.0,1,1,6,1.5,2.0,26,Entire home/apt,4.6443908991413725,103.0
66,5.0,1,1,4,1.0,2.0,26,Entire home/apt,5.111987788356544,165.0
54,5.0,1,1,6,2.0,2.0,26,Entire home/apt,5.099866427824199,163.0
59,5.0,1,1,1,1.0,1.0,26,Private room,3.828641396489095,45.0
37,5.0,1,1,3,1.0,1.0,27,Entire home/apt,4.330733340286331,75.0
3,4.5,1,1,2,1.0,1.0,26,Private room,4.330733340286331,75.0
12,5.0,1,1,2,1.0,1.0,26,Private room,3.9318256327243257,50.0
253,5.0,1,1,4,1.0,1.0,26,Entire home/apt,4.23410650459726,68.0
75,5.0,1,1,6,1.0,2.0,26,Entire home/apt,4.983606621708336,145.0
1,5.0,0,1,1,1.0,1.0,26,Private room,3.80666248977032,44.0
85,4.5,1,1,2,1.0,1.0,26,Entire home/apt,4.532599493153256,92.0
80,5.0,1,1,2,1.0,1.0,26,Entire home/apt,4.564348191467836,95.0
10,4.5,1,1,4,2.0,2.0,26,Entire home/apt,4.983606621708336,145.0
107,5.0,1,1,4,1.0,1.0,26,Entire home/apt,4.912654885736052,135.0
140,5.0,1,1,5,1.0,2.0,26,Entire home/apt,4.836281906951478,125.0
36,5.0,1,1,9,3.5,5.0,26,Entire home/apt,6.111467339502679,450.0
114,5.0,1,1,7,1.0,2.0,26,Entire home/apt,4.59511985013459,98.0
49,5.0,1,1,5,1.0,2.0,26,Entire home/apt,5.225746673713202,185.0
16,5.0,1,1,2,1.0,1.0,26,Private room,3.828641396489095,45.0
138,5.0,1,1,2,1.0,0.0,26,Entire home/apt,4.605170185988092,99.0
16,4.5,1,1,5,2.0,2.0,26,Entire home/apt,5.484796933490655,240.0
60,5.0,1,1,3,1.0,1.0,26,Entire home/apt,4.61512051684126,100.0
62,5.0,1,1,3,1.0,1.0,26,Entire home/apt,4.61512051684126,100.0
67,5.0,1,1,3,1.0,1.0,26,Entire home/apt,4.61512051684126,100.0
14,5.0,1,1,4,1.0,2.0,26,Entire home/apt,5.69035945432406,295.0
155,5.0,1,1,4,1.0,0.0,26,Entire home/apt,4.59511985013459,98.0
55,5.0,1,1,3,1.0,1.0,26,Entire home/apt,4.61512051684126,100.0
25,5.0,1,1,2,1.0,1.0,26,Private room,4.454347296253507,85.0
130,5.0,1,1,2,1.5,1.0,26,Private room,4.948759890378168,140.0
0,5.0,0,0,8,2.0,3.0,26,Entire home/apt,5.170483995038151,175.0
108,5.0,1,1,2,1.0,1.0,26,Entire home/apt,4.51085950651685,90.0
62,5.0,1,1,4,1.0,1.0,26,Entire home/apt,4.330733340286331,75.0
26,5.0,1,1,6,1.0,3.0,26,Entire home/apt,5.860786223465865,350.0
132,5.0,1,1,2,1.5,1.0,26,Private room,4.795790545596741,120.0
0,5.0,0,0,8,2.5,4.0,27,Entire home/apt,5.393627546352362,219.0
49,5.0,1,1,2,1.0,0.0,26,Entire home/apt,4.51085950651685,90.0
138,5.0,1,1,2,1.0,1.0,26,Entire home/apt,3.912023005428146,49.0
0,5.0,0,0,2,2.0,1.0,26,Private room,3.828641396489095,45.0
0,5.0,0,0,8,1.0,3.0,26,Entire home/apt,5.247024072160486,189.0
46,5.0,1,1,6,2.0,2.0,26,Entire home/apt,4.59511985013459,98.0
7,4.5,1,1,1,1.0,1.0,26,Private room,4.23410650459726,68.0
9,4.5,1,1,4,1.0,2.0,26,Private room,4.61512051684126,100.0
80,5.0,1,1,1,1.0,1.0,26,Shared room,3.4339872044851463,30.0
30,5.0,1,1,3,1.0,1.0,27,Entire home/apt,4.709530201312334,110.0
57,5.0,1,1,3,1.0,1.0,26,Entire home/apt,4.61512051684126,100.0
36,4.5,1,1,3,1.0,1.0,26,Entire home/apt,4.61512051684126,100.0
94,5.0,1,1,12,1.0,4.0,26,Entire home/apt,5.545177444479562,255.0
101,5.0,1,1,2,1.0,1.0,26,Entire home/apt,4.143134726391533,62.0
48,4.5,1,1,5,1.0,2.0,26,Entire home/apt,4.406719247264253,81.0
76,5.0,1,1,4,1.0,1.0,26,Entire home/apt,4.262679877041316,70.0
39,5.0,1,1,7,1.0,2.0,26,Entire home/apt,4.499809670330265,89.0
2,5.0,0,1,2,1.0,0.0,26,Entire home/apt,4.976733742420574,144.0
48,5.0,1,1,6,1.0,2.0,26,Entire home/apt,5.298317366548036,199.0
23,5.0,1,1,5,1.0,1.0,26,Entire home/apt,5.393627546352362,219.0
51,5.0,1,1,2,1.0,1.0,26,Entire home/apt,4.418840607796598,82.0
69,5.0,1,1,4,1.0,1.0,26,Entire home/apt,4.07753744390572,58.0
76,4.5,1,1,4,1.0,1.0,26,Entire home/apt,4.248495242049359,69.0
29,4.5,1,1,3,1.0,1.0,27,Entire home/apt,4.882801922586371,131.0
107,4.5,1,1,8,2.5,3.0,26,Entire home/apt,4.875197323201151,130.0
9,5.0,1,1,1,2.0,1.0,26,Private room,4.189654742026425,65.0
9,5.0,1,1,5,1.0,2.0,26,Entire home/apt,4.795790545596741,120.0
6,5.0,1,1,2,1.0,1.0,26,Entire home/apt,4.605170185988092,99.0
27,5.0,1,1,2,1.0,1.0,26,Private room,4.51085950651685,90.0
44,5.0,1,1,4,2.5,3.0,26,Entire home/apt,5.846438775057725,345.0
148,5.0,1,1,2,1.0,1.0,26,Private room,3.9318256327243257,50.0
5,4.5,1,1,5,1.0,1.0,26,Entire home/apt,4.454347296253507,85.0
2,5.0,0,1,6,2.0,3.0,26,Entire home/apt,5.69035945432406,295.0
7,5.0,1,1,2,1.0,0.0,26,Entire home/apt,4.787491742782046,119.0
232,5.0,1,1,3,1.0,1.0,26,Entire home/apt,4.262679877041316,70.0
127,5.0,1,1,5,1.0,1.0,26,Entire home/apt,4.653960350157523,104.0
30,5.0,1,1,4,1.0,1.0,26,Entire home/apt,4.875197323201151,130.0
11,5.0,1,1,2,1.0,1.0,26,Private room,4.23410650459726,68.0
3,4.5,1,1,2,1.0,1.0,27,Private room,3.9318256327243257,50.0
5,4.5,1,1,8,2.0,4.0,26,Entire home/apt,6.131226489483141,459.0
10,4.5,1,1,4,2.0,2.0,27,Entire home/apt,4.875197323201151,130.0
122,5.0,1,1,4,1.0,2.0,26,Entire home/apt,4.912654885736052,135.0
27,5.0,1,1,4,1.0,3.0,26,Entire home/apt,5.111987788356544,165.0
143,4.5,1,1,5,1.0,1.0,26,Entire home/apt,4.382026634673881,79.0
78,5.0,1,1,3,1.5,1.0,26,Entire home/apt,5.111987788356544,165.0
94,5.0,1,1,3,1.0,1.0,26,Entire home/apt,4.605170185988092,99.0
141,5.0,1,1,5,1.0,2.0,26,Entire home/apt,5.247024072160486,189.0
189,5.0,1,1,3,1.0,0.0,26,Entire home/apt,4.0943445622221,59.0
76,5.0,1,1,4,1.0,0.0,26,Entire home/apt,4.983606621708336,145.0
96,5.0,1,1,8,2.0,3.0,26,Entire home/apt,5.703782474656201,299.0
13,4.5,1,1,2,1.0,1.0,27,Private room,4.0943445622221,59.0
0,5.0,0,0,1,1.0,1.0,27,Private room,6.2166061010848646,500.0
0,5.0,0,0,4,1.5,2.0,26,Entire home/apt,4.584967478670572,97.0
128,5.0,1,1,4,1.0,0.0,26,Entire home/apt,4.0943445622221,59.0
47,5.0,1,1,2,1.0,1.0,27,Private room,4.248495242049359,69.0
2,5.0,0,1,8,2.5,3.0,26,Entire home/apt,5.817111159963204,335.0
37,5.0,1,1,6,1.0,2.0,26,Entire home/apt,4.983606621708336,145.0
141,5.0,1,1,3,1.0,0.0,26,Entire home/apt,4.330733340286331,75.0
2,5.0,0,1,8,3.0,4.0,26,Entire home/apt,5.525452939131784,250.0
2,5.0,0,1,6,2.0,3.0,27,Entire home/apt,4.61512051684126,100.0
34,5.0,1,1,8,2.0,4.0,26,Entire home/apt,6.2166061010848646,500.0
4,5.0,1,1,4,1.0,1.0,26,Private room,5.075173815233827,159.0
275,5.0,1,1,3,1.0,1.0,26,Entire home/apt,3.6635616461296463,38.0
25,4.5,1,1,6,2.0,2.0,26,Entire home/apt,4.77912349311153,118.0
16,4.5,1,1,6,2.0,2.0,26,Entire home/apt,4.709530201312334,110.0
2,5.0,0,1,6,2.0,2.0,26,Entire home/apt,5.081404364984463,160.0
27,4.5,1,1,6,2.0,2.0,26,Entire home/apt,4.795790545596741,120.0
7,4.5,1,1,3,1.0,1.0,26,Entire home/apt,4.394449154672439,80.0
164,5.0,1,1,9,2.0,3.0,26,Entire home/apt,5.278114659230517,195.0
7,4.5,1,1,2,1.0,1.0,26,Private room,3.9318256327243257,50.0
54,5.0,1,1,6,2.5,3.0,26,Entire home/apt,5.159055299214529,173.0
135,5.0,1,1,4,1.0,2.0,26,Entire home/apt,4.07753744390572,58.0
2,5.0,0,1,6,3.0,3.0,26,Entire home/apt,5.802118375377063,330.0
92,5.0,1,1,3,1.0,1.0,26,Entire home/apt,4.219507705176107,67.0
13,4.5,1,1,4,1.0,0.0,26,Entire home/apt,4.836281906951478,125.0
82,5.0,1,1,1,1.0,1.0,26,Private room,4.174387269895637,64.0
168,5.0,1,1,2,1.0,0.0,26,Entire home/apt,4.248495242049359,69.0
40,5.0,1,1,4,1.0,1.0,26,Entire home/apt,4.189654742026425,65.0
27,5.0,1,1,4,1.0,2.0,26,Entire home/apt,4.875197323201151,130.0
48,4.5,1,1,12,3.0,4.0,27,Entire home/apt,5.351858133476067,210.0
49,5.0,1,1,6,2.5,3.0,26,Entire home/apt,5.525452939131784,250.0
28,5.0,1,1,6,3.0,3.0,27,Entire home/apt,5.62040086571715,275.0
29,5.0,1,1,4,1.0,1.0,26,Private room,4.382026634673881,79.0
14,5.0,1,1,8,3.0,4.0,26,Entire home/apt,5.786897381366708,325.0
13,5.0,1,1,4,1.0,2.0,26,Entire home/apt,4.912654885736052,135.0
68,5.0,1,1,4,1.0,2.0,26,Entire home/apt,4.330733340286331,75.0
33,5.0,1,1,4,1.0,1.0,26,Entire home/apt,4.983606621708336,145.0
13,5.0,1,1,2,1.0,0.0,26,Entire home/apt,4.927253685157205,137.0
112,4.5,1,1,2,1.0,0.0,26,Entire home/apt,3.951243718581428,51.0
105,4.5,1,1,6,1.0,2.0,26,Entire home/apt,4.5217885770490405,91.0
71,4.5,1,1,4,1.0,1.0,26,Entire home/apt,5.017279836814924,150.0
87,4.5,1,1,2,1.0,0.0,26,Entire home/apt,4.060443010546419,57.0
98,4.5,1,1,2,1.0,0.0,26,Entire home/apt,3.970291913552122,52.0
6,5.0,1,1,5,2.0,3.0,26,Entire home/apt,5.525452939131784,250.0
14,5.0,1,1,2,2.5,3.0,26,Private room,5.308267697401205,201.0
97,5.0,1,1,2,1.0,1.0,26,Entire home/apt,4.189654742026425,65.0
7,5.0,1,1,4,1.0,2.0,26,Entire home/apt,4.77912349311153,118.0
53,5.0,1,1,4,1.0,0.0,26,Entire home/apt,4.836281906951478,125.0
122,4.5,1,1,2,1.0,1.0,26,Private room,3.912023005428146,49.0
50,5.0,1,1,2,1.5,1.0,26,Private room,4.31748811353631,74.0
88,5.0,1,1,4,1.0,2.0,27,Entire home/apt,4.605170185988092,99.0
0,5.0,0,0,2,1.0,1.0,26,Private room,4.51085950651685,90.0
93,5.0,1,1,4,1.0,1.0,26,Entire home/apt,4.31748811353631,74.0
102,5.0,1,1,2,1.0,1.0,26,Entire home/apt,4.110873864173311,60.0
12,4.5,1,1,2,1.0,1.0,26,Entire home/apt,4.61512051684126,100.0
3,5.0,1,1,2,1.0,1.0,26,Private room,3.58351893845611,35.0
29,5.0,1,1,4,2.0,2.0,27,Entire home/apt,5.298317366548036,199.0
16,5.0,1,1,1,2.0,1.0,26,Private room,3.713572066704308,40.0
22,4.5,1,1,2,1.0,0.0,26,Entire home/apt,5.081404364984463,160.0
1,5.0,0,1,7,2.5,3.0,26,Private room,5.298317366548036,199.0
71,5.0,1,1,6,2.5,2.0,26,Entire home/apt,5.3471075307174685,209.0
6,5.0,1,1,4,1.5,2.0,26,Entire home/apt,5.170483995038151,175.0
89,5.0,1,1,2,1.0,1.0,26,Entire home/apt,4.605170185988092,99.0
12,5.0,1,1,7,2.0,3.0,26,Entire home/apt,5.525452939131784,250.0
0,5.0,0,0,4,1.5,2.0,26,Entire home/apt,4.7535901911063645,115.0
51,5.0,1,1,2,1.0,1.0,26,Private room,4.127134385045092,61.0
86,5.0,1,1,3,1.0,1.0,26,Entire home/apt,4.605170185988092,99.0
63,5.0,1,1,8,3.5,3.0,26,Entire home/apt,5.303304908059076,200.0
43,4.5,1,1,4,1.0,0.0,26,Entire home/apt,4.394449154672439,80.0
185,5.0,1,1,5,1.0,1.0,26,Entire home/apt,4.406719247264253,81.0
56,4.5,1,1,2,1.0,0.0,26,Entire home/apt,5.081404364984463,160.0
31,5.0,1,1,4,1.0,1.0,26,Entire home/apt,4.51085950651685,90.0
6,4.5,1,1,4,1.0,2.0,26,Private room,5.298317366548036,199.0
8,5.0,1,1,6,1.0,2.0,26,Entire home/apt,4.61512051684126,100.0
62,4.5,1,1,6,1.5,3.0,26,Entire home/apt,4.77912349311153,118.0
8,5.0,1,1,2,1.0,0.0,26,Entire home/apt,4.394449154672439,80.0
13,5.0,1,1,6,2.0,3.0,27,Entire home/apt,4.820281565605037,123.0
259,4.5,1,1,4,1.0,0.0,26,Entire home/apt,4.0943445622221,59.0
134,5.0,1,1,3,1.0,1.0,26,Entire home/apt,4.143134726391533,62.0
6,5.0,1,1,6,2.0,3.0,27,Entire home/apt,5.3471075307174685,209.0
0,5.0,0,0,3,1.0,1.0,26,Entire home/apt,4.394449154672439,80.0
1,5.0,0,1,3,1.0,1.0,26,Entire home/apt,4.394449154672439,80.0
3,5.0,1,1,3,1.0,1.0,26,Entire home/apt,4.394449154672439,80.0
3,4.5,1,1,3,1.0,1.0,26,Entire home/apt,4.394449154672439,80.0
4,5.0,1,1,3,1.0,1.0,26,Entire home/apt,4.394449154672439,80.0
0,5.0,0,0,3,1.0,1.0,26,Entire home/apt,4.394449154672439,80.0
2,5.0,0,1,3,1.0,1.0,26,Entire home/apt,4.394449154672439,80.0
1,5.0,0,1,3,1.0,1.0,26,Entire home/apt,4.394449154672439,80.0
0,5.0,0,0,3,1.0,1.0,26,Entire home/apt,4.394449154672439,80.0
1,5.0,0,1,3,1.0,1.0,26,Entire home/apt,4.394449154672439,80.0
0,5.0,0,0,3,1.0,1.0,26,Entire home/apt,4.394449154672439,80.0
1,5.0,0,1,3,1.0,1.0,26,Entire home/apt,4.5217885770490405,91.0
7,4.5,1,1,3,1.0,1.0,26,Entire home/apt,4.394449154672439,80.0
14,4.5,1,1,5,2.0,2.0,26,Entire home/apt,5.017279836814924,150.0
34,4.5,1,1,5,2.0,2.0,26,Entire home/apt,4.61512051684126,100.0
14,5.0,1,1,3,1.0,1.0,26,Entire home/apt,4.394449154672439,80.0
13,4.5,1,1,6,1.5,3.0,26,Entire home/apt,4.836281906951478,125.0
14,4.5,1,1,2,1.0,0.0,26,Entire home/apt,4.394449154672439,80.0
32,5.0,1,1,6,1.0,3.0,26,Entire home/apt,5.703782474656201,299.0
22,4.5,1,1,2,1.0,1.0,26,Private room,3.713572066704308,40.0
140,5.0,1,1,2,1.0,1.0,26,Private room,4.07753744390572,58.0
146,5.0,1,1,2,1.0,0.0,26,Entire home/apt,4.174387269895637,64.0
54,5.0,1,1,5,1.0,3.0,26,Entire home/apt,4.605170185988092,99.0
13,4.5,1,1,8,1.0,3.0,26,Entire home/apt,5.017279836814924,150.0
84,5.0,1,1,4,1.0,1.0,26,Entire home/apt,4.709530201312334,110.0
13,5.0,1,1,2,1.0,1.0,26,Private room,4.02535169073515,55.0
3,4.5,1,1,5,1.0,2.0,26,Entire home/apt,5.247024072160486,189.0
85,5.0,1,1,4,1.0,2.0,26,Entire home/apt,4.605170185988092,99.0
113,5.0,1,1,6,1.0,2.0,26,Entire home/apt,5.010635294096256,149.0
163,5.0,1,1,2,1.0,1.0,26,Private room,3.9318256327243257,50.0
99,5.0,1,1,6,1.0,2.0,26,Entire home/apt,4.110873864173311,60.0
0,5.0,0,0,2,1.0,0.0,26,Entire home/apt,3.9318256327243257,50.0
106,5.0,1,1,4,1.0,2.0,26,Entire home/apt,5.010635294096256,149.0
99,5.0,1,1,2,1.0,1.0,26,Entire home/apt,5.010635294096256,149.0
15,5.0,1,1,8,1.0,3.0,26,Entire home/apt,5.707110264748875,300.0
50,5.0,1,1,3,1.0,1.0,26,Entire home/apt,4.454347296253507,85.0
27,5.0,1,1,6,2.0,2.0,26,Entire home/apt,5.659482215759621,286.0
3,5.0,1,1,2,1.0,1.0,26,Entire home/apt,4.61512051684126,100.0
15,5.0,1,1,8,2.5,3.0,26,Entire home/apt,5.69035945432406,295.0
8,5.0,1,1,4,1.0,2.0,26,Entire home/apt,4.394449154672439,80.0
49,5.0,1,1,4,1.0,1.0,26,Entire home/apt,4.330733340286331,75.0
66,5.0,1,1,2,1.0,0.0,26,Entire home/apt,4.454347296253507,85.0
74,5.0,1,1,4,1.0,1.0,26,Entire home/apt,4.189654742026425,65.0
101,5.0,1,1,8,1.0,2.0,26,Entire home/apt,4.912654885736052,135.0
37,5.0,1,1,8,3.5,3.0,26,Entire home/apt,5.545177444479562,255.0
58,5.0,1,1,6,1.0,1.0,26,Private room,4.700480365792417,109.0
111,5.0,1,1,3,1.0,1.0,26,Entire home/apt,4.61512051684126,100.0
109,4.5,1,1,2,1.0,1.0,26,Private room,4.406719247264253,81.0
4,4.5,1,1,5,2.0,2.0,26,Entire home/apt,4.7535901911063645,115.0
184,5.0,1,1,2,1.0,1.0,26,Entire home/apt,4.61512051684126,100.0
171,5.0,1,1,3,1.0,0.0,26,Entire home/apt,4.248495242049359,69.0
68,5.0,1,1,2,1.0,1.0,26,Private room,4.110873864173311,60.0
26,5.0,1,1,2,1.0,1.0,26,Entire home/apt,4.189654742026425,65.0
17,5.0,1,1,2,1.0,1.0,26,Private room,3.970291913552122,52.0
141,5.0,1,1,8,1.5,3.0,26,Entire home/apt,5.231108616854587,186.0
68,5.0,1,1,2,1.0,1.0,27,Entire home/apt,5.017279836814924,150.0
93,5.0,1,1,2,1.0,1.0,26,Private room,3.784189633918261,43.0
24,4.5,1,1,3,1.0,1.0,26,Entire home/apt,4.61512051684126,100.0
41,4.5,1,1,2,1.0,0.0,26,Entire home/apt,3.7612001156935615,42.0
129,5.0,1,1,2,1.0,1.0,26,Entire home/apt,4.605170185988092,99.0
23,4.5,1,1,5,1.0,2.0,26,Entire home/apt,4.795790545596741,120.0
6,4.5,1,1,3,1.0,1.0,26,Entire home/apt,4.454347296253507,85.0
25,5.0,1,1,5,1.0,2.0,26,Entire home/apt,4.61512051684126,100.0
110,5.0,1,1,2,1.0,0.0,26,Entire home/apt,4.330733340286331,75.0
206,5.0,1,1,2,1.0,1.0,26,Entire home/apt,4.290459441148391,72.0
0,5.0,0,0,4,1.5,2.0,26,Entire home/apt,6.111467339502679,450.0
15,5.0,1,1,4,2.0,2.0,27,Entire home/apt,4.997212273764115,147.0
60,4.5,1,1,2,1.0,1.0,26,Entire home/apt,4.51085950651685,90.0
75,4.5,1,1,2,1.0,1.0,26,Entire home/apt,4.48863636973214,88.0
36,4.5,1,1,2,1.0,1.0,26,Entire home/apt,4.31748811353631,74.0
53,4.5,1,1,2,1.0,1.0,26,Entire home/apt,4.795790545596741,120.0
12,5.0,1,1,4,1.0,1.0,26,Entire home/apt,4.605170185988092,99.0
93,4.5,1,1,2,1.0,1.0,26,Private room,3.9889840465642745,53.0
16,5.0,1,1,8,2.0,3.0,26,Entire home/apt,4.6443908991413725,103.0
134,5.0,1,1,4,1.0,0.0,26,Entire home/apt,4.454347296253507,85.0
101,5.0,1,1,2,1.0,1.0,26,Entire home/apt,4.330733340286331,75.0
182,5.0,1,1,2,1.0,0.0,26,Entire home/apt,4.382026634673881,79.0
9,4.5,1,1,1,2.0,1.0,26,Private room,3.713572066704308,40.0
46,5.0,1,1,2,1.0,1.0,26,Entire home/apt,5.043425116919247,154.0
202,5.0,1,1,4,1.0,0.0,26,Entire home/apt,4.189654742026425,65.0
21,5.0,1,1,2,1.0,1.0,27,Private room,3.912023005428146,49.0
34,5.0,1,1,8,1.0,2.0,26,Entire home/apt,4.77912349311153,118.0
3,5.0,1,1,2,1.5,1.0,26,Private room,4.61512051684126,100.0
66,5.0,1,1,2,1.0,1.0,26,Entire home/apt,4.465908118654584,86.0
53,5.0,1,1,5,3.5,3.0,26,Entire home/apt,5.602118820879701,270.0
21,5.0,1,1,6,1.0,3.0,27,Entire home/apt,4.912654885736052,135.0
54,4.5,1,1,2,1.0,0.0,26,Entire home/apt,4.262679877041316,70.0
143,5.0,1,1,4,1.0,1.0,26,Entire home/apt,4.6443908991413725,103.0
69,5.0,1,1,5,1.0,1.0,26,Entire home/apt,4.110873864173311,60.0
30,4.5,1,1,2,1.0,0.0,26,Entire home/apt,4.61512051684126,100.0
101,5.0,1,1,2,1.0,1.0,26,Entire home/apt,4.61512051684126,100.0
66,4.5,1,1,3,1.0,0.0,26,Entire home/apt,4.605170185988092,99.0
35,4.0,1,1,4,1.0,0.0,26,Entire home/apt,4.624972813284271,101.0
28,5.0,1,1,3,1.0,1.0,27,Private room,4.795790545596741,120.0
171,5.0,1,1,3,1.0,1.0,26,Entire home/apt,4.61512051684126,100.0
146,5.0,1,1,1,1.0,1.0,26,Private room,3.9318256327243257,50.0
38,5.0,1,1,10,2.5,4.0,26,Entire home/apt,5.981414211254481,395.0
72,5.0,1,1,2,1.0,1.0,26,Entire home/apt,4.382026634673881,79.0
0,5.0,0,0,2,1.0,1.0,26,Entire home/apt,4.7535901911063645,115.0
22,5.0,1,1,6,2.5,2.0,26,Entire home/apt,5.14166355650266,170.0
2,5.0,0,1,4,1.0,2.0,32,Entire home/apt,4.663439094112067,105.0
0,5.0,0,0,3,1.0,1.0,26,Entire home/apt,4.51085950651685,90.0
80,5.0,1,1,5,3.0,3.0,26,Entire home/apt,5.298317366548036,199.0
2,5.0,0,1,3,1.0,1.0,26,Entire home/apt,4.51085950651685,90.0
30,5.0,1,1,2,1.0,1.0,26,Private room,3.828641396489095,45.0
32,5.0,1,1,4,1.0,1.0,26,Entire home/apt,4.454347296253507,85.0
98,5.0,1,1,3,1.0,0.0,26,Entire home/apt,4.3694478524670215,78.0
12,5.0,1,1,3,1.0,1.0,26,Entire home/apt,4.61512051684126,100.0
93,5.0,1,1,6,1.0,2.0,26,Entire home/apt,5.298317366548036,199.0
146,5.0,1,1,5,1.0,2.0,26,Entire home/apt,4.30406509320417,73.0
69,5.0,1,1,3,1.0,1.0,26,Entire home/apt,4.219507705176107,67.0
121,5.0,1,1,4,1.0,0.0,26,Entire home/apt,4.0943445622221,59.0
126,5.0,1,1,4,1.0,1.0,26,Entire home/apt,4.382026634673881,79.0
61,5.0,1,1,3,1.0,1.0,26,Entire home/apt,4.394449154672439,80.0
98,5.0,1,1,5,1.0,1.0,26,Entire home/apt,4.442651256490317,84.0
143,5.0,1,1,2,1.0,1.0,27,Private room,3.9318256327243257,50.0
13,4.5,1,1,2,1.0,1.0,26,Entire home/apt,4.553876891600541,94.0
27,5.0,1,1,4,1.0,2.0,26,Entire home/apt,4.394449154672439,80.0
97,5.0,1,1,4,1.0,0.0,26,Entire home/apt,4.59511985013459,98.0
2,5.0,0,1,4,1.0,1.0,26,Entire home/apt,5.170483995038151,175.0
107,5.0,1,1,2,1.0,0.0,26,Entire home/apt,4.262679877041316,70.0
125,5.0,1,1,4,1.0,1.0,26,Private room,3.713572066704308,40.0
10,5.0,1,1,2,1.0,1.0,26,Private room,4.02535169073515,55.0
3,5.0,1,1,4,2.0,2.0,27,Entire home/apt,4.962844630259907,142.0
32,5.0,1,1,3,1.0,1.0,26,Entire home/apt,4.61512051684126,100.0
130,5.0,1,1,6,1.5,3.0,26,Entire home/apt,4.564348191467836,95.0
16,5.0,1,1,2,1.0,1.0,26,Private room,4.51085950651685,90.0
160,5.0,1,1,4,2.0,1.0,26,Entire home/apt,4.804021044733257,121.0
54,5.0,1,1,4,1.5,1.0,26,Entire home/apt,4.912654885736052,135.0
40,5.0,1,1,2,1.0,1.0,26,Private room,4.709530201312334,110.0
16,5.0,1,1,4,3.0,2.0,26,Entire home/apt,5.351858133476067,210.0
2,5.0,0,1,12,5.0,5.0,26,Entire home/apt,6.2166061010848646,500.0
52,5.0,1,1,2,1.0,0.0,26,Entire home/apt,4.48863636973214,88.0
43,5.0,1,1,2,1.0,0.0,26,Entire home/apt,4.875197323201151,130.0
7,4.5,1,1,2,1.5,1.0,26,Private room,4.0943445622221,59.0
19,5.0,1,1,6,2.0,2.0,26,Entire home/apt,5.278114659230517,195.0
98,5.0,1,1,2,1.0,1.0,26,Private room,4.04305126783455,56.0
106,5.0,1,1,2,1.0,1.0,26,Entire home/apt,4.382026634673881,79.0
106,5.0,1,1,2,1.0,1.0,26,Entire home/apt,4.51085950651685,90.0
43,5.0,1,1,8,3.0,4.0,26,Entire home/apt,5.857933154483459,349.0
4,5.0,1,1,4,3.5,2.0,26,Entire home/apt,5.525452939131784,250.0
24,5.0,1,1,1,1.0,1.0,26,Private room,3.7612001156935615,42.0
2,5.0,0,1,15,3.5,5.0,26,Entire home/apt,6.2166061010848646,500.0
12,5.0,1,1,4,2.0,2.0,26,Entire home/apt,5.093750200806762,162.0
78,5.0,1,1,2,1.0,1.0,26,Private room,3.912023005428146,49.0
128,5.0,1,1,4,1.0,1.0,26,Entire home/apt,4.624972813284271,101.0
61,5.0,1,1,6,2.5,3.0,26,Entire home/apt,5.209486152841421,182.0
93,5.0,1,1,4,1.0,2.0,26,Private room,4.382026634673881,79.0
64,5.0,1,1,6,2.0,3.0,26,Entire home/apt,5.981414211254481,395.0
20,5.0,1,1,2,3.5,1.0,26,Private room,4.61512051684126,100.0
88,5.0,1,1,9,1.0,2.0,26,Entire home/apt,5.049856007249537,155.0
4,5.0,1,1,2,2.0,1.0,26,Private room,4.394449154672439,80.0
66,5.0,1,1,4,1.0,1.0,27,Entire home/apt,4.787491742782046,119.0
118,5.0,1,1,2,1.5,1.0,26,Private room,3.828641396489095,45.0
96,5.0,1,1,8,1.0,2.0,26,Entire home/apt,5.198497031265826,180.0
19,5.0,1,1,14,3.5,4.0,26,Entire home/apt,6.2166061010848646,500.0
7,5.0,1,1,2,1.0,1.0,27,Private room,3.555348061489413,34.0
14,5.0,1,1,8,3.0,4.0,26,Entire home/apt,5.170483995038151,175.0
38,5.0,1,1,3,1.0,1.0,26,Entire home/apt,4.663439094112067,105.0
54,5.0,1,1,4,1.0,1.0,26,Entire home/apt,4.709530201312334,110.0
88,5.0,1,1,5,1.0,1.0,26,Entire home/apt,4.23410650459726,68.0
1,5.0,0,1,4,3.0,2.0,26,Entire home/apt,5.981414211254481,395.0
80,5.0,1,1,2,1.0,1.0,26,Entire home/apt,4.605170185988092,99.0
89,5.0,1,1,4,1.0,2.0,26,Entire home/apt,4.564348191467836,95.0
14,5.0,1,1,10,3.0,4.0,26,Entire home/apt,5.298317366548036,199.0
49,5.0,1,1,4,1.0,1.0,26,Entire home/apt,4.23410650459726,68.0
3,4.5,1,1,1,1.0,1.0,26,Entire home/apt,4.262679877041316,70.0
0,5.0,0,0,2,0.0,1.0,26,Entire home/apt,6.2166061010848646,500.0
15,5.0,1,1,4,1.0,1.0,26,Private room,3.4339872044851463,30.0
26,5.0,1,1,6,1.0,2.0,26,Entire home/apt,5.298317366548036,199.0
27,5.0,1,1,3,1.5,2.0,26,Entire home/apt,4.605170185988092,99.0
143,4.5,1,1,3,1.0,0.0,26,Entire home/apt,3.828641396489095,45.0
137,4.5,1,1,4,1.0,1.0,26,Entire home/apt,4.276666119016055,71.0
43,5.0,1,1,6,1.0,2.0,27,Entire home/apt,4.605170185988092,99.0
104,4.5,1,1,2,1.0,0.0,26,Private room,3.58351893845611,35.0
45,5.0,1,1,2,1.0,1.0,26,Entire home/apt,4.330733340286331,75.0
57,5.0,1,1,2,1.0,1.0,27,Private room,3.688879454113936,39.0
0,5.0,0,0,4,2.0,2.0,26,Entire home/apt,5.170483995038151,175.0
144,5.0,1,1,2,1.5,1.0,26,Private room,3.80666248977032,44.0
101,5.0,1,1,2,1.0,0.0,26,Entire home/apt,4.394449154672439,80.0
30,5.0,1,1,4,1.0,2.0,26,Entire home/apt,5.420534999272286,225.0
9,5.0,1,1,6,2.5,3.0,26,Entire home/apt,5.860786223465865,350.0
1,5.0,0,1,2,1.5,1.0,26,Private room,5.170483995038151,175.0
105,5.0,1,1,8,2.0,3.0,26,Entire home/apt,4.983606621708336,145.0
20,4.5,1,1,8,1.5,3.0,26,Entire home/apt,5.521460917862246,249.0
187,4.5,1,1,16,4.0,4.0,26,Entire home/apt,4.564348191467836,95.0
12,4.5,1,1,5,2.0,2.0,26,Entire home/apt,4.61512051684126,100.0
1,5.0,0,1,3,1.0,1.0,26,Entire home/apt,4.394449154672439,80.0
6,4.0,1,1,5,2.0,2.0,26,Entire home/apt,4.962844630259907,142.0
1,5.0,0,1,7,1.5,3.0,26,Entire home/apt,5.929589143389895,375.0
33,5.0,1,1,5,2.0,2.0,26,Entire home/apt,4.962844630259907,142.0
23,5.0,1,1,4,1.0,1.0,26,Entire home/apt,4.543294782270004,93.0
31,5.0,1,1,4,1.0,2.0,26,Entire home/apt,4.61512051684126,100.0
41,5.0,1,1,3,1.0,1.0,26,Entire home/apt,5.017279836814924,150.0
81,5.0,1,1,4,1.0,1.0,26,Entire home/apt,4.330733340286331,75.0
131,5.0,1,1,2,1.0,0.0,26,Entire home/apt,4.394449154672439,80.0
173,5.0,1,1,4,1.0,1.0,26,Entire home/apt,4.442651256490317,84.0
7,5.0,1,1,2,1.5,1.0,26,Entire home/apt,4.262679877041316,70.0
43,4.5,1,1,2,1.0,1.0,26,Private room,3.9318256327243257,50.0
19,4.5,1,1,4,2.0,2.0,26,Entire home/apt,5.017279836814924,150.0
65,5.0,1,1,2,1.0,1.0,26,Entire home/apt,4.0943445622221,59.0
13,5.0,1,1,2,1.0,1.0,27,Entire home/apt,4.875197323201151,130.0
0,5.0,0,0,3,1.0,2.0,32,Entire home/apt,4.382026634673881,79.0
8,4.0,1,1,3,1.0,1.0,26,Entire home/apt,4.51085950651685,90.0
8,4.5,1,1,3,1.0,1.0,26,Entire home/apt,3.9318256327243257,50.0
8,5.0,1,1,5,1.0,2.0,26,Entire home/apt,4.948759890378168,140.0
0,5.0,0,0,3,1.0,1.0,26,Entire home/apt,4.51085950651685,90.0
112,5.0,1,1,3,1.0,0.0,26,Entire home/apt,4.330733340286331,75.0
115,5.0,1,1,2,1.0,1.0,26,Private room,3.688879454113936,39.0
105,5.0,1,1,2,1.0,1.0,26,Private room,3.49650756146648,32.0
8,4.5,1,1,7,2.0,4.0,26,Entire home/apt,4.836281906951478,125.0
6,4.5,1,1,7,3.5,4.0,26,Entire home/apt,5.043425116919247,154.0
19,4.5,1,1,4,1.0,1.0,26,Entire home/apt,4.532599493153256,92.0
21,4.0,1,1,4,1.0,1.0,26,Entire home/apt,4.499809670330265,89.0
22,4.5,1,1,4,1.0,1.0,26,Entire home/apt,4.584967478670572,97.0
11,4.5,1,1,3,1.0,1.0,26,Entire home/apt,4.382026634673881,79.0
46,4.5,1,1,4,1.5,1.0,26,Entire home/apt,4.574710978503383,96.0
7,4.5,1,1,2,1.0,1.0,26,Entire home/apt,4.31748811353631,74.0
12,4.5,1,1,2,1.0,1.0,26,Entire home/apt,4.406719247264253,81.0
12,4.5,1,1,2,1.0,1.0,26,Entire home/apt,4.48863636973214,88.0
23,4.5,1,1,4,1.0,1.0,26,Entire home/apt,4.406719247264253,81.0
48,4.5,1,1,6,1.0,2.0,26,Entire home/apt,4.59511985013459,98.0
18,4.0,1,1,4,1.0,2.0,26,Entire home/apt,4.934473933130692,138.0
15,5.0,1,1,6,2.5,3.0,26,Entire home/apt,5.43372200355424,228.0
7,4.5,1,1,5,2.0,2.0,26,Entire home/apt,4.61512051684126,100.0
20,4.5,1,1,5,2.0,2.0,26,Entire home/apt,4.61512051684126,100.0
7,4.5,1,1,5,2.0,2.0,26,Entire home/apt,5.111987788356544,165.0
86,5.0,1,1,4,1.0,1.0,26,Entire home/apt,4.343805421853684,76.0
83,5.0,1,1,3,1.0,0.0,26,Entire home/apt,4.709530201312334,110.0
161,5.0,1,1,3,1.0,1.0,26,Private room,4.007333185232471,54.0
67,5.0,1,1,3,1.0,1.0,26,Entire home/apt,4.61512051684126,100.0
62,5.0,1,1,8,2.0,4.0,26,Entire home/apt,5.017279836814924,150.0
10,5.0,1,1,2,1.0,1.0,26,Entire home/apt,4.394449154672439,80.0
137,5.0,1,1,2,1.0,0.0,26,Entire home/apt,4.51085950651685,90.0
2,5.0,0,1,1,0.0,1.0,26,Private room,3.367295829986474,28.0
88,5.0,1,1,6,1.0,2.0,26,Entire home/apt,4.983606621708336,145.0
0,5.0,0,0,1,1.0,1.0,26,Shared room,4.7535901911063645,115.0
109,4.5,1,1,6,1.5,2.0,26,Entire home/apt,4.51085950651685,90.0
64,5.0,1,1,2,1.0,1.0,27,Private room,3.610917912644224,36.0
2,5.0,0,1,2,1.0,1.0,25,Private room,4.110873864173311,60.0
80,5.0,1,1,2,1.5,1.0,26,Private room,3.828641396489095,45.0
186,4.5,1,1,4,1.0,2.0,26,Entire home/apt,4.02535169073515,55.0
34,5.0,1,1,2,1.0,0.0,27,Entire home/apt,4.454347296253507,85.0
0,5.0,0,0,4,1.0,2.0,27,Entire home/apt,4.204692619390966,66.0
36,5.0,1,1,4,1.0,2.0,26,Entire home/apt,5.860786223465865,350.0
0,5.0,0,0,10,3.5,3.0,26,Entire home/apt,6.2166061010848646,500.0
11,5.0,1,1,3,1.0,1.0,26,Entire home/apt,4.394449154672439,80.0
2,5.0,0,1,3,1.0,1.0,26,Entire home/apt,4.394449154672439,80.0
20,4.5,1,1,5,2.0,2.0,26,Entire home/apt,4.6443908991413725,103.0
17,4.5,1,1,5,2.0,2.0,26,Entire home/apt,4.890349128221754,132.0
28,5.0,1,1,2,1.0,1.0,26,Entire home/apt,4.382026634673881,79.0
51,5.0,1,1,2,1.0,0.0,26,Private room,4.330733340286331,75.0
113,5.0,1,1,2,1.5,1.0,26,Private room,3.828641396489095,45.0
1,5.0,0,1,2,1.0,0.0,26,Entire home/apt,4.343805421853684,76.0
45,5.0,1,1,3,1.0,1.0,26,Entire home/apt,4.51085950651685,90.0
139,5.0,1,1,2,1.0,0.0,26,Entire home/apt,4.394449154672439,80.0
7,5.0,1,1,4,1.0,1.0,26,Entire home/apt,4.59511985013459,98.0
58,5.0,1,1,2,1.0,1.0,26,Private room,3.912023005428146,49.0
64,5.0,1,1,2,1.0,0.0,26,Entire home/apt,4.836281906951478,125.0
69,5.0,1,1,5,1.0,1.0,26,Entire home/apt,4.890349128221754,132.0
15,5.0,1,1,2,1.0,1.0,26,Shared room,3.9318256327243257,50.0
84,5.0,1,1,2,1.0,1.0,26,Private room,4.454347296253507,85.0
57,5.0,1,1,2,1.0,1.0,27,Entire home/apt,4.700480365792417,109.0
53,4.5,1,1,2,1.0,1.0,26,Private room,3.332204510175204,27.0
21,5.0,1,1,2,1.0,1.0,26,Private room,4.330733340286331,75.0
103,5.0,1,1,3,1.0,1.0,26,Entire home/apt,4.564348191467836,95.0
47,4.5,1,1,2,1.0,1.0,26,Private room,4.61512051684126,100.0
33,5.0,1,1,1,1.0,1.0,26,Shared room,4.0943445622221,59.0
52,5.0,1,1,3,1.0,1.0,26,Entire home/apt,4.61512051684126,100.0
91,5.0,1,1,2,1.0,1.0,26,Private room,4.564348191467836,95.0
129,5.0,1,1,7,2.5,3.0,26,Entire home/apt,5.135798437050262,169.0
32,4.5,1,1,2,1.0,1.0,27,Private room,3.688879454113936,39.0
22,5.0,1,1,2,1.0,1.0,26,Private room,3.58351893845611,35.0
28,5.0,1,1,4,1.0,2.0,26,Entire home/apt,4.875197323201151,130.0
5,5.0,1,1,2,1.0,1.0,26,Private room,4.564348191467836,95.0
26,5.0,1,1,2,1.5,1.0,26,Entire home/apt,4.189654742026425,65.0
10,5.0,1,1,2,1.0,0.0,26,Entire home/apt,4.262679877041316,70.0
54,5.0,1,1,2,1.0,1.0,26,Private room,4.394449154672439,80.0
19,5.0,1,1,2,1.0,1.0,26,Private room,4.663439094112067,105.0
116,5.0,1,1,2,1.0,1.0,26,Entire home/apt,4.330733340286331,75.0
79,5.0,1,1,2,1.0,1.0,26,Private room,3.688879454113936,39.0
3,3.0,1,1,4,1.0,2.0,26,Entire home/apt,6.2166061010848646,500.0
166,4.5,1,1,4,1.0,1.0,26,Entire home/apt,4.61512051684126,100.0
28,5.0,1,1,4,2.0,2.0,26,Entire home/apt,4.941642422609304,139.0
177,5.0,1,1,4,1.0,2.0,26,Entire home/apt,4.23410650459726,68.0
100,5.0,1,1,3,1.0,0.0,26,Entire home/apt,4.499809670330265,89.0
62,5.0,1,1,4,1.0,1.0,28,Entire home/apt,4.189654742026425,65.0
64,4.5,1,1,2,1.0,0.0,26,Entire home/apt,4.276666119016055,71.0
179,5.0,1,1,3,1.0,1.0,26,Entire home/apt,4.477336814478207,87.0
82,5.0,1,1,2,1.0,1.0,26,Private room,3.80666248977032,44.0
9,5.0,1,1,2,1.0,1.0,26,Entire home/apt,5.247024072160486,189.0
18,5.0,1,1,12,2.0,4.0,26,Entire home/apt,5.225746673713202,185.0
142,5.0,1,1,2,1.0,1.0,26,Private room,3.9318256327243257,50.0
0,5.0,0,0,2,1.0,0.0,26,Entire home/apt,4.605170185988092,99.0
11,5.0,1,1,5,1.0,2.0,26,Entire home/apt,4.605170185988092,99.0
22,4.5,1,1,6,1.0,2.0,27,Entire home/apt,4.7535901911063645,115.0
83,4.5,1,1,2,1.0,1.0,26,Private room,3.784189633918261,43.0
82,5.0,1,1,5,1.0,2.0,26,Entire home/apt,4.7535901911063645,115.0
50,5.0,1,1,2,1.0,1.0,26,Private room,3.258096538021482,25.0
77,5.0,1,1,10,3.5,4.0,26,Entire home/apt,5.3981627015177525,220.0
79,5.0,1,1,2,1.0,1.0,26,Entire home/apt,4.51085950651685,90.0
32,5.0,1,1,2,1.0,1.0,27,Entire home/apt,5.14166355650266,170.0
38,5.0,1,1,2,1.0,1.0,26,Private room,3.332204510175204,27.0
15,5.0,1,1,8,3.0,3.0,26,Entire home/apt,5.846438775057725,345.0
54,5.0,1,1,1,1.0,1.0,27,Private room,3.58351893845611,35.0
158,5.0,1,1,3,1.0,1.0,26,Entire home/apt,5.075173815233827,159.0
129,5.0,1,1,4,1.0,1.0,26,Entire home/apt,4.330733340286331,75.0
19,5.0,1,1,2,1.5,1.0,26,Entire home/apt,4.836281906951478,125.0
105,5.0,1,1,3,1.0,0.0,27,Entire home/apt,4.382026634673881,79.0
52,4.5,1,1,2,1.0,1.0,27,Private room,3.6635616461296463,38.0
74,5.0,1,1,2,1.0,0.0,26,Entire home/apt,3.688879454113936,39.0
83,5.0,1,1,3,1.0,1.0,26,Entire home/apt,4.61512051684126,100.0
35,5.0,1,1,2,1.0,1.0,26,Private room,4.02535169073515,55.0
37,5.0,1,1,4,1.0,2.0,26,Entire home/apt,4.605170185988092,99.0
102,5.0,1,1,6,2.5,3.0,26,Entire home/apt,5.594711379601839,268.0
20,5.0,1,1,4,1.0,1.0,26,Entire home/apt,5.298317366548036,199.0
54,4.5,1,1,2,1.0,1.0,26,Private room,3.8501476017100575,46.0
27,4.5,1,1,2,1.5,1.0,26,Private room,3.258096538021482,25.0
10,5.0,1,1,5,2.0,3.0,26,Entire home/apt,5.170483995038151,175.0
14,4.5,1,1,5,1.0,2.0,26,Entire home/apt,4.61512051684126,100.0
7,5.0,1,1,3,1.0,1.0,26,Entire home/apt,4.394449154672439,80.0
3,4.5,1,1,3,1.0,1.0,26,Entire home/apt,4.394449154672439,80.0
61,5.0,1,1,6,2.0,3.0,26,Entire home/apt,5.1298987149230735,168.0
3,5.0,1,1,4,3.0,2.0,26,Entire home/apt,5.638354669333745,280.0
26,5.0,1,1,2,1.0,1.0,26,Entire home/apt,4.330733340286331,75.0
61,5.0,1,1,2,1.0,1.0,26,Private room,4.189654742026425,65.0
87,5.0,1,1,5,2.0,2.0,26,Entire home/apt,5.293304824724492,198.0
18,4.5,1,1,4,1.0,2.0,26,Private room,4.262679877041316,70.0
40,5.0,1,1,2,1.0,0.0,26,Entire home/apt,4.394449154672439,80.0
70,5.0,1,1,9,3.5,3.0,26,Entire home/apt,4.762173934797756,116.0
51,5.0,1,1,2,1.5,1.0,26,Private room,3.295836866004329,26.0
32,5.0,1,1,5,2.0,2.0,26,Entire home/apt,4.709530201312334,110.0
152,5.0,1,1,4,1.0,1.0,26,Entire home/apt,4.04305126783455,56.0
7,5.0,1,1,4,2.0,2.0,26,Entire home/apt,4.564348191467836,95.0
152,4.5,1,1,2,1.0,0.0,26,Entire home/apt,4.060443010546419,57.0
75,5.0,1,1,2,1.0,1.0,26,Private room,3.912023005428146,49.0
204,5.0,1,1,2,1.0,0.0,26,Entire home/apt,4.442651256490317,84.0
32,4.5,1,1,10,2.5,4.0,26,Entire home/apt,5.981414211254481,395.0
15,5.0,1,1,4,1.5,1.0,26,Entire home/apt,4.7535901911063645,115.0
82,5.0,1,1,9,1.5,5.0,26,Entire home/apt,5.003946305945459,148.0
1,5.0,0,1,2,1.0,1.0,27,Private room,3.6635616461296463,38.0
31,5.0,1,1,2,1.0,0.0,26,Entire home/apt,5.655991810819852,285.0
138,4.5,1,1,4,1.0,1.0,26,Entire home/apt,4.700480365792417,109.0
22,5.0,1,1,1,1.0,1.0,26,Private room,3.9318256327243257,50.0
14,4.5,1,1,6,1.0,2.0,26,Entire home/apt,4.795790545596741,120.0
34,5.0,1,1,3,1.0,0.0,26,Entire home/apt,4.605170185988092,99.0
66,5.0,1,1,6,1.0,2.0,26,Entire home/apt,4.499809670330265,89.0
60,5.0,1,1,2,1.0,1.0,26,Private room,3.610917912644224,36.0
15,4.5,1,1,5,2.0,2.0,26,Entire home/apt,5.583496308781699,265.0
33,5.0,1,1,2,1.0,1.0,26,Entire home/apt,4.382026634673881,79.0
51,5.0,1,1,2,1.0,0.0,26,Entire home/apt,4.394449154672439,80.0
7,4.5,1,1,1,2.0,1.0,27,Private room,3.4339872044851463,30.0
144,5.0,1,1,2,1.0,1.0,26,Entire home/apt,4.110873864173311,60.0
130,5.0,1,1,2,1.0,1.0,26,Entire home/apt,4.110873864173311,60.0
33,5.0,1,1,4,1.0,0.0,26,Entire home/apt,5.10594547390058,164.0
117,4.5,1,1,6,2.0,3.0,26,Entire home/apt,4.605170185988092,99.0
119,5.0,1,1,8,2.0,3.0,26,Entire home/apt,4.7535901911063645,115.0
31,5.0,1,1,1,1.0,1.0,27,Private room,3.688879454113936,39.0
73,5.0,1,1,2,1.0,1.0,26,Entire home/apt,3.610917912644224,36.0
30,5.0,1,1,2,1.0,1.0,26,Private room,4.189654742026425,65.0
21,4.5,1,1,5,2.0,2.0,27,Entire home/apt,5.068904202220232,158.0
96,4.5,1,1,6,1.0,2.0,26,Entire home/apt,4.634728988229636,102.0
118,5.0,1,1,4,2.0,1.0,26,Private room,4.248495242049359,69.0
55,5.0,1,1,4,1.0,1.0,26,Entire home/apt,4.663439094112067,105.0
2,5.0,0,1,8,2.0,3.0,26,Entire home/apt,5.525452939131784,250.0
17,5.0,1,1,5,2.0,2.0,26,Entire home/apt,5.111987788356544,165.0
37,5.0,1,1,3,1.0,1.0,26,Private room,4.262679877041316,70.0
116,5.0,1,1,3,1.0,1.0,26,Entire home/apt,4.23410650459726,68.0
46,4.5,1,1,5,1.0,2.0,26,Entire home/apt,4.382026634673881,79.0
10,5.0,1,1,4,1.0,2.0,26,Entire home/apt,4.875197323201151,130.0
110,5.0,1,1,8,1.0,2.0,26,Entire home/apt,4.61512051684126,100.0
6,4.5,1,1,3,2.5,0.0,26,Private room,5.564520407322694,260.0
41,4.5,1,1,2,1.0,1.0,26,Entire home/apt,4.262679877041316,70.0
158,5.0,1,1,4,1.0,1.0,26,Entire home/apt,4.02535169073515,55.0
31,5.0,1,1,3,1.0,1.0,26,Entire home/apt,5.19295685089021,179.0
41,5.0,1,1,3,1.0,1.0,26,Entire home/apt,5.480638923341991,239.0
15,5.0,1,1,3,1.0,1.0,26,Entire home/apt,5.393627546352362,219.0
58,5.0,1,1,4,1.0,1.0,26,Entire home/apt,4.709530201312334,110.0
10,5.0,1,1,6,2.0,2.0,26,Entire home/apt,5.442417710521793,230.0
7,3.5,1,1,5,1.0,2.0,26,Entire home/apt,4.709530201312334,110.0
14,5.0,1,1,2,1.0,1.0,26,Entire home/apt,4.330733340286331,75.0
77,5.0,1,1,2,1.5,1.0,26,Private room,4.248495242049359,69.0
183,4.5,1,1,2,1.0,0.0,26,Entire home/apt,4.110873864173311,60.0
58,5.0,1,1,3,1.0,1.0,26,Private room,4.564348191467836,95.0
71,5.0,1,1,1,1.0,1.0,26,Private room,3.688879454113936,39.0
150,5.0,1,1,2,1.0,1.0,26,Private room,4.330733340286331,75.0
47,5.0,1,1,2,1.0,1.0,26,Private room,3.828641396489095,45.0
42,4.5,1,1,2,1.0,1.0,26,Entire home/apt,4.51085950651685,90.0
110,5.0,1,1,3,1.0,1.0,26,Entire home/apt,4.564348191467836,95.0
4,5.0,1,1,2,1.0,1.0,27,Private room,3.9318256327243257,50.0
40,5.0,1,1,4,1.0,1.0,26,Entire home/apt,4.189654742026425,65.0
50,5.0,1,1,5,1.0,1.0,26,Entire home/apt,4.248495242049359,69.0
71,5.0,1,1,4,1.0,1.0,26,Entire home/apt,5.017279836814924,150.0
7,4.0,1,1,3,1.0,1.0,26,Entire home/apt,5.170483995038151,175.0
22,5.0,1,1,2,1.0,1.0,26,Private room,4.624972813284271,101.0
57,5.0,1,1,2,1.0,1.0,26,Entire home/apt,4.394449154672439,80.0
35,4.5,1,1,2,1.0,1.0,26,Entire home/apt,4.189654742026425,65.0
19,4.5,1,1,2,1.5,1.0,26,Private room,3.258096538021482,25.0
73,5.0,1,1,7,1.0,3.0,26,Entire home/apt,5.860786223465865,350.0
95,5.0,1,1,5,1.5,2.0,26,Entire home/apt,4.584967478670572,97.0
51,5.0,1,1,2,1.0,1.0,26,Entire home/apt,4.110873864173311,60.0
91,5.0,1,1,8,1.0,2.0,26,Entire home/apt,4.02535169073515,55.0
5,5.0,1,1,8,2.0,4.0,26,Entire home/apt,5.902633333401366,365.0
23,5.0,1,1,6,1.0,2.0,26,Entire home/apt,5.225746673713202,185.0
77,4.5,1,1,3,1.0,1.0,26,Entire home/apt,4.51085950651685,90.0
63,5.0,1,1,3,1.0,0.0,26,Entire home/apt,4.330733340286331,75.0
36,5.0,1,1,2,1.0,1.0,26,Entire home/apt,4.330733340286331,75.0
29,5.0,1,1,4,1.0,2.0,26,Entire home/apt,4.454347296253507,85.0
9,5.0,1,1,6,3.0,3.0,26,Entire home/apt,5.707110264748875,300.0
10,3.0,1,1,5,1.0,1.0,26,Entire home/apt,4.653960350157523,104.0
3,5.0,1,1,3,1.0,2.0,26,Entire home/apt,4.983606621708336,145.0
164,4.5,1,1,2,1.0,1.0,26,Entire home/apt,4.02535169073515,55.0
17,5.0,1,1,7,2.0,3.0,26,Entire home/apt,5.075173815233827,159.0
34,4.5,1,1,2,1.0,1.0,26,Entire home/apt,4.867534450455582,129.0
21,5.0,1,1,2,1.0,1.0,27,Private room,4.394449154672439,80.0
4,5.0,1,1,10,3.0,4.0,26,Entire home/apt,5.298317366548036,199.0
9,5.0,1,1,1,1.0,1.0,26,Private room,4.330733340286331,75.0
51,5.0,1,1,6,2.0,2.0,26,Entire home/apt,5.068904202220232,158.0
14,5.0,1,1,4,2.0,2.0,26,Entire home/apt,5.583496308781699,265.0
106,5.0,1,1,2,1.0,0.0,29,Entire home/apt,4.532599493153256,92.0
53,5.0,1,1,3,1.0,1.0,26,Entire home/apt,4.330733340286331,75.0
80,5.0,1,1,4,1.0,1.0,26,Entire home/apt,4.812184355372417,122.0
88,5.0,1,1,4,1.0,1.0,26,Entire home/apt,3.912023005428146,49.0
25,5.0,1,1,5,1.0,2.0,26,Entire home/apt,4.836281906951478,125.0
85,5.0,1,1,8,2.0,4.0,26,Entire home/apt,5.017279836814924,150.0
86,5.0,1,1,4,1.0,1.0,26,Entire home/apt,4.663439094112067,105.0
15,5.0,1,1,2,1.0,1.0,27,Entire home/apt,4.61512051684126,100.0
25,5.0,1,1,2,1.0,1.0,26,Entire home/apt,4.605170185988092,99.0
8,5.0,1,1,2,1.0,1.0,26,Entire home/apt,4.867534450455582,129.0
144,5.0,1,1,3,1.0,0.0,26,Entire home/apt,4.060443010546419,57.0
0,5.0,0,0,2,2.0,1.0,27,Private room,4.07753744390572,58.0
113,5.0,1,1,2,1.0,0.0,26,Entire home/apt,3.8918202981106265,48.0
4,3.5,1,1,3,1.0,1.0,26,Entire home/apt,4.394449154672439,80.0
4,4.5,1,1,3,1.0,1.0,26,Entire home/apt,4.394449154672439,80.0
4,4.0,1,1,3,1.0,1.0,26,Entire home/apt,4.394449154672439,80.0
9,4.0,1,1,3,1.0,1.0,26,Entire home/apt,4.394449154672439,80.0
16,5.0,1,1,1,1.0,1.0,26,Private room,3.9318256327243257,50.0
14,4.5,1,1,5,1.0,2.0,26,Entire home/apt,4.61512051684126,100.0
26,5.0,1,1,8,3.5,4.0,26,Entire home/apt,5.525452939131784,250.0
89,5.0,1,1,6,1.0,2.0,26,Entire home/apt,4.948759890378168,140.0
24,4.5,1,1,2,1.0,1.0,26,Entire home/apt,3.7612001156935615,42.0
155,5.0,1,1,2,1.0,1.0,26,Entire home/apt,4.110873864173311,60.0
41,5.0,1,1,5,1.0,1.0,26,Entire home/apt,4.770684624465665,117.0
88,4.5,1,1,2,2.0,1.0,26,Private room,3.4339872044851463,30.0
50,5.0,1,1,2,1.0,1.0,26,Entire home/apt,4.605170185988092,99.0
19,5.0,1,1,3,1.5,2.0,26,Entire home/apt,5.081404364984463,160.0
0,5.0,0,0,1,1.0,1.0,26,Private room,3.9318256327243257,50.0
3,4.5,1,1,4,1.0,2.0,26,Private room,4.836281906951478,125.0
1,5.0,0,1,4,1.0,2.0,26,Private room,4.330733340286331,75.0
30,5.0,1,1,5,1.0,2.0,26,Entire home/apt,4.795790545596741,120.0
207,4.5,1,1,2,1.0,1.0,26,Entire home/apt,3.912023005428146,49.0
11,5.0,1,1,2,1.0,1.0,26,Private room,4.262679877041316,70.0
124,5.0,1,1,2,1.0,1.0,42,Entire home/apt,4.454347296253507,85.0
80,5.0,1,1,5,1.0,1.0,26,Entire home/apt,4.709530201312334,110.0
8,5.0,1,1,4,1.0,1.0,26,Entire home/apt,4.77912349311153,118.0
13,5.0,1,1,2,1.0,1.0,26,Entire home/apt,4.406719247264253,81.0
41,4.5,1,1,10,2.5,4.0,26,Entire home/apt,5.849324779946859,346.0
126,5.0,1,1,2,1.0,1.0,26,Private room,3.8918202981106265,48.0
9,5.0,1,1,6,2.5,2.0,26,Entire home/apt,5.303304908059076,200.0
65,5.0,1,1,3,1.0,0.0,26,Private room,4.564348191467836,95.0
26,5.0,1,1,2,1.0,0.0,26,Entire home/apt,4.382026634673881,79.0
34,5.0,1,1,4,1.0,1.0,26,Entire home/apt,4.356708826689592,77.0
4,5.0,1,1,2,1.0,1.0,26,Private room,3.9318256327243257,50.0
64,5.0,1,1,6,2.0,3.0,26,Entire home/apt,5.093750200806762,162.0
127,5.0,1,1,3,1.0,1.0,26,Entire home/apt,4.605170185988092,99.0
76,4.5,1,1,2,1.0,0.0,26,Entire home/apt,4.189654742026425,65.0
10,5.0,1,1,2,1.0,1.0,26,Private room,4.0943445622221,59.0
79,5.0,1,1,6,1.0,2.0,26,Entire home/apt,4.61512051684126,100.0
9,5.0,1,1,4,2.0,2.0,32,Entire home/apt,4.875197323201151,130.0
12,5.0,1,1,2,1.0,0.0,26,Entire home/apt,4.8283137373023015,124.0
28,4.5,1,1,2,1.0,1.0,26,Entire home/apt,4.262679877041316,70.0
27,5.0,1,1,5,1.0,1.0,26,Entire home/apt,4.07753744390572,58.0
63,5.0,1,1,2,1.0,1.0,26,Entire home/apt,4.330733340286331,75.0
31,5.0,1,1,8,2.0,4.0,26,Entire home/apt,4.919980925828125,136.0
32,5.0,1,1,3,1.0,1.0,26,Entire home/apt,4.564348191467836,95.0
51,4.5,1,1,4,1.0,2.0,26,Entire home/apt,4.382026634673881,79.0
20,4.5,1,1,12,3.0,4.0,26,Entire home/apt,5.981414211254481,395.0
116,5.0,1,1,4,1.0,1.0,26,Entire home/apt,4.605170185988092,99.0
71,5.0,1,1,6,2.0,2.0,26,Entire home/apt,4.795790545596741,120.0
70,5.0,1,1,2,1.0,1.0,26,Private room,4.262679877041316,70.0
4,4.5,1,1,3,1.0,1.0,26,Entire home/apt,4.394449154672439,80.0
4,4.5,1,1,3,1.0,1.0,26,Entire home/apt,4.477336814478207,87.0
2,5.0,0,1,3,1.0,1.0,26,Entire home/apt,4.394449154672439,80.0
7,4.5,1,1,5,2.0,2.0,26,Entire home/apt,4.61512051684126,100.0
3,4.0,1,1,5,2.0,2.0,26,Entire home/apt,4.61512051684126,100.0
5,5.0,1,1,2,2.0,1.0,26,Private room,4.262679877041316,70.0
4,3.5,1,1,5,2.0,2.0,26,Entire home/apt,4.61512051684126,100.0
18,4.5,1,1,5,2.0,2.0,26,Entire home/apt,5.017279836814924,150.0
9,4.5,1,1,5,2.0,2.0,26,Entire home/apt,4.77912349311153,118.0
16,4.5,1,1,7,2.0,3.0,26,Entire home/apt,5.204006687076795,181.0
4,5.0,1,1,5,2.0,2.0,26,Entire home/apt,4.77912349311153,118.0
6,4.0,1,1,5,2.0,2.0,26,Entire home/apt,4.90527477843843,134.0
8,5.0,1,1,7,2.0,3.0,26,Entire home/apt,5.204006687076795,181.0
1,5.0,0,1,5,2.0,2.0,26,Entire home/apt,4.77912349311153,118.0
2,5.0,0,1,4,1.0,1.0,26,Entire home/apt,4.418840607796598,82.0
13,4.5,1,1,6,2.0,2.0,26,Entire home/apt,4.691347882229144,108.0
1,5.0,0,1,6,2.0,2.0,26,Entire home/apt,4.976733742420574,144.0
1,5.0,0,1,6,2.0,2.0,26,Entire home/apt,4.691347882229144,108.0
1,5.0,0,1,6,2.0,2.0,26,Entire home/apt,4.976733742420574,144.0
1,5.0,0,1,6,2.0,2.0,26,Entire home/apt,4.77912349311153,118.0
3,4.5,1,1,6,2.0,2.0,26,Entire home/apt,4.844187086458591,126.0
2,5.0,0,1,6,2.0,2.0,26,Entire home/apt,4.820281565605037,123.0
2,5.0,0,1,6,2.0,2.0,26,Entire home/apt,4.691347882229144,108.0
2,5.0,0,1,4,1.0,1.0,26,Entire home/apt,4.48863636973214,88.0
1,5.0,0,1,3,1.0,1.0,26,Entire home/apt,4.3694478524670215,78.0
2,5.0,0,1,3,1.0,1.0,26,Entire home/apt,4.3694478524670215,78.0
0,5.0,0,0,6,2.0,2.0,26,Entire home/apt,4.976733742420574,144.0
2,5.0,0,1,6,2.0,2.0,26,Entire home/apt,4.691347882229144,108.0
2,5.0,0,1,6,2.0,2.0,26,Entire home/apt,4.962844630259907,142.0
10,4.0,1,1,6,2.0,2.0,26,Entire home/apt,4.867534450455582,129.0
14,4.5,1,1,7,2.0,3.0,26,Entire home/apt,5.313205979041787,202.0
2,5.0,0,1,6,2.0,2.0,26,Entire home/apt,5.147494476813453,171.0
3,4.5,1,1,3,1.0,1.0,26,Entire home/apt,4.3694478524670215,78.0
0,5.0,0,0,6,2.0,2.0,26,Entire home/apt,4.844187086458591,126.0
10,4.5,1,1,5,2.0,2.0,26,Entire home/apt,4.709530201312334,110.0
4,5.0,1,1,7,2.0,3.0,26,Entire home/apt,5.313205979041787,202.0
3,3.5,1,1,4,1.0,1.0,26,Entire home/apt,4.418840607796598,82.0
75,4.5,1,1,14,3.0,5.0,27,Entire home/apt,5.2832037287379885,196.0
37,4.5,1,1,2,1.0,1.0,25,Entire home/apt,4.762173934797756,116.0
22,5.0,1,1,2,1.0,1.0,26,Entire home/apt,4.7535901911063645,115.0
9,5.0,1,1,6,1.0,2.0,26,Entire home/apt,6.2166061010848646,500.0
0,5.0,0,0,4,2.0,2.0,26,Entire home/apt,5.198497031265826,180.0
17,5.0,1,1,6,2.0,3.0,26,Entire home/apt,5.25227342804663,190.0
36,5.0,1,1,4,1.0,1.0,26,Entire home/apt,4.770684624465665,117.0
45,5.0,1,1,4,1.0,1.0,32,Entire home/apt,4.605170185988092,99.0
120,5.0,1,1,6,1.0,2.0,26,Entire home/apt,5.170483995038151,175.0
14,4.5,1,1,4,1.0,1.0,26,Private room,5.075173815233827,159.0
55,5.0,1,1,2,1.0,1.0,27,Private room,4.564348191467836,95.0
9,4.5,1,1,5,1.0,2.0,27,Entire home/apt,5.049856007249537,155.0
23,5.0,1,1,2,1.0,1.0,26,Private room,3.80666248977032,44.0
79,5.0,1,1,4,1.0,1.0,26,Entire home/apt,4.477336814478207,87.0
67,5.0,1,1,4,1.0,2.0,27,Entire home/apt,4.605170185988092,99.0
7,5.0,1,1,3,1.0,1.0,27,Private room,4.07753744390572,58.0
79,5.0,1,1,2,1.0,1.0,26,Entire home/apt,4.6443908991413725,103.0
90,5.0,1,1,5,2.0,2.0,26,Entire home/apt,4.61512051684126,100.0
70,4.5,1,1,4,1.0,1.0,26,Entire home/apt,3.9318256327243257,50.0
40,5.0,1,1,6,1.5,2.0,26,Entire home/apt,4.912654885736052,135.0
42,5.0,1,1,5,1.0,2.0,26,Entire home/apt,5.303304908059076,200.0
58,4.5,1,1,2,1.0,0.0,26,Entire home/apt,4.394449154672439,80.0
92,5.0,1,1,2,1.0,0.0,26,Entire home/apt,4.262679877041316,70.0
75,4.5,1,1,3,1.0,1.0,26,Entire home/apt,4.23410650459726,68.0
9,5.0,1,1,2,1.0,1.0,26,Entire home/apt,4.330733340286331,75.0
120,5.0,1,1,4,1.0,1.0,26,Entire home/apt,4.653960350157523,104.0
17,5.0,1,1,3,1.0,1.0,26,Entire home/apt,4.7535901911063645,115.0
43,5.0,1,1,5,2.0,2.0,26,Entire home/apt,4.948759890378168,140.0
48,5.0,1,1,2,1.0,1.0,26,Entire home/apt,4.189654742026425,65.0
55,5.0,1,1,2,1.0,1.0,32,Private room,4.605170185988092,99.0
103,5.0,1,1,2,1.0,1.0,32,Entire home/apt,4.394449154672439,80.0
101,5.0,1,1,3,1.0,1.0,26,Entire home/apt,4.060443010546419,57.0
32,5.0,1,1,4,1.0,2.0,26,Entire home/apt,5.225746673713202,185.0
15,4.0,1,1,6,1.0,1.0,26,Entire home/apt,4.04305126783455,56.0
0,5.0,0,0,3,1.0,2.0,26,Entire home/apt,4.382026634673881,79.0
3,3.5,1,1,3,1.0,1.0,26,Entire home/apt,4.394449154672439,80.0
1,5.0,0,1,3,1.0,1.0,26,Entire home/apt,4.394449154672439,80.0
2,5.0,0,1,3,1.0,1.0,26,Entire home/apt,4.394449154672439,80.0
1,5.0,0,1,5,2.0,2.0,26,Entire home/apt,4.61512051684126,100.0
2,5.0,0,1,3,1.0,0.0,26,Entire home/apt,4.634728988229636,102.0
2,5.0,0,1,5,2.0,2.0,26,Entire home/apt,4.61512051684126,100.0
1,5.0,0,1,3,1.0,1.0,26,Entire home/apt,4.394449154672439,80.0
3,4.5,1,1,3,1.0,1.0,26,Entire home/apt,4.394449154672439,80.0
114,5.0,1,1,4,1.0,2.0,26,Entire home/apt,4.04305126783455,56.0
50,4.5,1,1,2,1.0,1.0,26,Private room,3.9318256327243257,50.0
121,4.5,1,1,3,1.0,0.0,26,Entire home/apt,4.143134726391533,62.0
72,5.0,1,1,4,1.0,2.0,26,Entire home/apt,4.564348191467836,95.0
48,5.0,1,1,6,1.5,3.0,26,Entire home/apt,5.420534999272286,225.0
2,5.0,0,1,3,1.0,1.0,26,Entire home/apt,4.394449154672439,80.0
3,5.0,1,1,3,1.0,1.0,26,Entire home/apt,4.394449154672439,80.0
3,4.5,1,1,3,1.0,1.0,26,Entire home/apt,4.394449154672439,80.0
0,5.0,0,0,3,1.0,1.0,26,Entire home/apt,4.584967478670572,97.0
2,5.0,0,1,3,1.0,1.0,26,Entire home/apt,4.394449154672439,80.0
8,5.0,1,1,3,1.0,1.0,26,Entire home/apt,4.394449154672439,80.0
82,5.0,1,1,2,1.0,1.0,27,Entire home/apt,4.23410650459726,68.0
101,5.0,1,1,2,1.0,1.0,26,Private room,4.605170185988092,99.0
64,5.0,1,1,4,1.0,1.0,26,Entire home/apt,4.574710978503383,96.0
4,4.5,1,1,1,1.0,1.0,27,Private room,3.828641396489095,45.0
92,5.0,1,1,2,1.0,1.0,26,Private room,3.713572066704308,40.0
79,5.0,1,1,2,1.0,1.0,26,Private room,3.713572066704308,40.0
31,4.5,1,1,5,4.0,5.0,26,Entire home/apt,4.934473933130692,138.0
128,5.0,1,1,10,3.5,4.0,26,Entire home/apt,4.61512051684126,100.0
64,5.0,1,1,4,1.0,1.0,26,Entire home/apt,4.532599493153256,92.0
32,5.0,1,1,2,1.0,1.0,26,Private room,4.262679877041316,70.0
91,5.0,1,1,2,1.0,1.0,26,Private room,3.80666248977032,44.0
54,5.0,1,1,3,1.0,1.0,27,Entire home/apt,4.564348191467836,95.0
112,5.0,1,1,3,1.0,0.0,26,Entire home/apt,4.248495242049359,69.0
116,5.0,1,1,3,1.0,1.0,26,Entire home/apt,4.30406509320417,73.0
85,5.0,1,1,3,1.0,0.0,26,Entire home/apt,4.330733340286331,75.0
8,4.5,1,1,2,1.0,1.0,26,Entire home/apt,4.836281906951478,125.0
93,4.5,1,1,5,1.0,2.0,26,Entire home/apt,4.454347296253507,85.0
42,5.0,1,1,2,1.0,1.0,26,Private room,4.394449154672439,80.0
68,5.0,1,1,16,3.5,5.0,26,Entire home/apt,5.521460917862246,249.0
98,5.0,1,1,4,1.0,1.0,26,Entire home/apt,4.343805421853684,76.0
83,5.0,1,1,1,1.0,1.0,26,Private room,4.143134726391533,62.0
84,5.0,1,1,8,2.0,2.0,26,Entire home/apt,4.897839799950911,133.0
50,5.0,1,1,3,1.0,0.0,26,Entire home/apt,4.61512051684126,100.0
63,5.0,1,1,4,1.0,2.0,26,Private room,4.0943445622221,59.0
11,5.0,1,1,7,2.0,4.0,26,Entire home/apt,5.988961416889864,398.0
55,5.0,1,1,12,2.0,3.0,26,Entire home/apt,5.420534999272286,225.0
1,5.0,0,1,10,2.0,3.0,26,Entire home/apt,5.857933154483459,349.0
11,5.0,1,1,4,1.0,1.0,26,Entire home/apt,5.010635294096256,149.0
14,4.5,1,1,6,1.0,2.0,26,Entire home/apt,5.247024072160486,189.0
68,5.0,1,1,4,1.0,1.0,26,Entire home/apt,4.584967478670572,97.0
21,5.0,1,1,2,1.0,1.0,26,Entire home/apt,5.081404364984463,160.0
78,4.5,1,1,6,2.0,3.0,26,Entire home/apt,5.525452939131784,250.0
1,5.0,0,1,2,1.0,1.0,26,Private room,4.060443010546419,57.0
83,5.0,1,1,4,1.0,1.0,26,Entire home/apt,4.6443908991413725,103.0
70,5.0,1,1,2,1.0,1.0,26,Private room,4.454347296253507,85.0
81,5.0,1,1,4,1.0,1.0,26,Entire home/apt,4.934473933130692,138.0
50,5.0,1,1,2,1.0,1.0,26,Private room,4.48863636973214,88.0
148,5.0,1,1,2,1.0,1.0,26,Private room,3.9318256327243257,50.0
126,4.5,1,1,4,1.0,2.0,26,Entire home/apt,4.189654742026425,65.0
2,5.0,0,1,5,2.0,2.0,26,Entire home/apt,4.820281565605037,123.0
1,5.0,0,1,6,1.0,2.0,26,Entire home/apt,5.0238805208462765,151.0
1,5.0,0,1,6,2.0,2.0,26,Entire home/apt,4.976733742420574,144.0
9,5.0,1,1,2,1.0,1.0,26,Private room,4.61512051684126,100.0
45,5.0,1,1,2,1.0,0.0,26,Entire home/apt,4.382026634673881,79.0
128,5.0,1,1,4,1.0,1.0,26,Entire home/apt,4.61512051684126,100.0
114,5.0,1,1,4,1.0,1.0,26,Entire home/apt,4.0943445622221,59.0
14,5.0,1,1,1,1.0,1.0,27,Private room,4.61512051684126,100.0
45,4.5,1,1,2,1.0,1.0,26,Entire home/apt,4.394449154672439,80.0
3,4.5,1,1,1,1.0,1.0,27,Private room,3.688879454113936,39.0
23,5.0,1,1,3,1.0,0.0,26,Entire home/apt,4.442651256490317,84.0
21,5.0,1,1,10,1.0,3.0,27,Entire home/apt,4.844187086458591,126.0
20,5.0,1,1,3,1.0,1.0,27,Private room,4.23410650459726,68.0
0,5.0,0,0,1,1.0,1.0,26,Private room,3.58351893845611,35.0
73,5.0,1,1,2,1.0,0.0,26,Entire home/apt,4.330733340286331,75.0
38,5.0,1,1,4,1.0,1.0,26,Entire home/apt,4.499809670330265,89.0
17,5.0,1,1,10,3.5,5.0,26,Entire home/apt,6.2166061010848646,500.0
37,5.0,1,1,3,1.0,1.0,26,Entire home/apt,4.564348191467836,95.0
130,5.0,1,1,4,1.0,1.0,26,Entire home/apt,4.6443908991413725,103.0
69,5.0,1,1,2,1.0,0.0,26,Entire home/apt,4.330733340286331,75.0
20,5.0,1,1,13,2.5,5.0,26,Entire home/apt,6.206575926724928,495.0
65,5.0,1,1,4,1.0,1.0,26,Entire home/apt,4.394449154672439,80.0
3,5.0,1,1,5,2.5,2.0,26,Entire home/apt,5.525452939131784,250.0
12,5.0,1,1,2,1.0,0.0,26,Private room,5.017279836814924,150.0
53,5.0,1,1,3,1.0,0.0,26,Entire home/apt,4.394449154672439,80.0
6,5.0,1,1,2,1.0,1.0,26,Entire home/apt,5.170483995038151,175.0
84,5.0,1,1,4,1.0,0.0,26,Entire home/apt,4.948759890378168,140.0
70,5.0,1,1,5,1.0,2.0,26,Entire home/apt,4.248495242049359,69.0
39,4.5,1,1,2,1.5,1.0,26,Private room,4.02535169073515,55.0
5,5.0,1,1,7,2.0,3.0,26,Entire home/apt,5.303304908059076,200.0
71,5.0,1,1,6,1.0,2.0,26,Entire home/apt,4.0943445622221,59.0
182,5.0,1,1,4,1.0,2.0,26,Entire home/apt,4.23410650459726,68.0
8,5.0,1,1,2,1.5,1.0,26,Private room,4.07753744390572,58.0
129,5.0,1,1,4,1.0,1.0,26,Entire home/apt,4.543294782270004,93.0
23,4.5,1,1,1,1.0,1.0,27,Private room,3.688879454113936,39.0
149,5.0,1,1,2,1.0,0.0,26,Entire home/apt,4.04305126783455,56.0
110,5.0,1,1,4,1.0,2.0,26,Entire home/apt,4.110873864173311,60.0
55,5.0,1,1,8,1.5,4.0,26,Entire home/apt,5.247024072160486,189.0
11,4.5,1,1,6,2.5,3.0,26,Entire home/apt,5.170483995038151,175.0
39,5.0,1,1,4,1.0,1.0,26,Entire home/apt,4.795790545596741,120.0
3,5.0,1,1,4,1.0,0.0,26,Entire home/apt,4.59511985013459,98.0
46,5.0,1,1,3,1.0,0.0,26,Entire home/apt,4.382026634673881,79.0
85,5.0,1,1,2,1.0,1.0,26,Private room,3.58351893845611,35.0
24,5.0,1,1,4,1.5,1.0,26,Private room,4.23410650459726,68.0
26,5.0,1,1,2,1.0,1.0,26,Private room,4.174387269895637,64.0
62,5.0,1,1,3,1.0,1.0,26,Entire home/apt,4.330733340286331,75.0
6,5.0,1,1,2,1.0,0.0,26,Entire home/apt,4.912654885736052,135.0
85,5.0,1,1,2,1.0,0.0,26,Entire home/apt,4.262679877041316,70.0
72,5.0,1,1,3,1.0,0.0,26,Entire home/apt,4.48863636973214,88.0
17,4.5,1,1,9,2.5,2.0,26,Entire home/apt,5.049856007249537,155.0
28,5.0,1,1,4,1.0,1.0,26,Entire home/apt,4.532599493153256,92.0
122,5.0,1,1,4,1.0,1.0,26,Entire home/apt,4.454347296253507,85.0
22,5.0,1,1,4,1.0,2.0,26,Entire home/apt,4.605170185988092,99.0
36,4.5,1,1,4,1.5,1.0,26,Entire home/apt,4.836281906951478,125.0
0,5.0,0,0,4,2.5,3.0,26,Entire home/apt,5.278114659230517,195.0
88,5.0,1,1,5,1.0,2.0,26,Entire home/apt,4.912654885736052,135.0
49,5.0,1,1,7,1.0,2.0,26,Entire home/apt,4.605170185988092,99.0
95,5.0,1,1,4,1.0,2.0,26,Entire home/apt,4.663439094112067,105.0
30,5.0,1,1,2,1.0,2.0,26,Entire home/apt,5.225746673713202,185.0
23,5.0,1,1,6,1.0,2.0,26,Entire home/apt,4.787491742782046,119.0
109,5.0,1,1,2,1.0,0.0,26,Entire home/apt,3.9318256327243257,50.0
6,4.0,1,1,2,1.0,1.0,26,Private room,5.521460917862246,249.0
57,5.0,1,1,5,1.0,1.0,26,Entire home/apt,4.912654885736052,135.0
23,5.0,1,1,16,4.0,6.0,26,Entire home/apt,5.860786223465865,350.0
40,5.0,1,1,2,1.0,1.0,26,Entire home/apt,4.934473933130692,138.0
27,5.0,1,1,4,1.0,2.0,26,Entire home/apt,4.61512051684126,100.0
40,5.0,1,1,2,1.0,1.0,26,Private room,3.9318256327243257,50.0
29,4.5,1,1,10,2.0,3.0,26,Entire home/apt,5.991464547107982,399.0
56,5.0,1,1,2,1.0,1.0,26,Private room,3.784189633918261,43.0
33,4.5,1,1,2,1.0,1.0,26,Private room,4.454347296253507,85.0
60,4.5,1,1,2,2.0,1.0,26,Private room,3.4339872044851463,30.0
24,5.0,1,1,10,2.0,3.0,26,Entire home/apt,5.991464547107982,399.0
19,5.0,1,1,2,2.5,1.0,26,Private room,3.784189633918261,43.0
28,4.5,1,1,10,2.0,3.0,28,Entire home/apt,4.543294782270004,93.0
46,5.0,1,1,4,1.0,1.0,26,Entire home/apt,4.189654742026425,65.0
3,5.0,1,1,4,1.5,4.0,26,Entire home/apt,5.62040086571715,275.0
26,5.0,1,1,2,1.0,0.0,26,Entire home/apt,5.081404364984463,160.0
124,5.0,1,1,3,1.0,0.0,26,Entire home/apt,3.9889840465642745,53.0
17,4.5,1,1,2,1.0,1.0,26,Private room,4.356708826689592,77.0
29,5.0,1,1,6,1.0,2.0,26,Entire home/apt,4.955827057601261,141.0
13,5.0,1,1,2,1.0,1.0,26,Private room,4.174387269895637,64.0
60,4.5,1,1,2,1.0,0.0,26,Entire home/apt,4.605170185988092,99.0
16,4.5,1,1,5,2.0,2.0,27,Entire home/apt,5.135798437050262,169.0
37,5.0,1,1,4,1.0,2.0,26,Entire home/apt,4.836281906951478,125.0
80,5.0,1,1,6,1.0,2.0,26,Entire home/apt,4.110873864173311,60.0
55,5.0,1,1,2,1.0,0.0,26,Entire home/apt,4.394449154672439,80.0
52,5.0,1,1,2,1.0,1.0,26,Entire home/apt,4.7535901911063645,115.0
19,5.0,1,1,2,1.0,1.0,26,Private room,4.382026634673881,79.0
82,4.5,1,1,4,1.0,1.0,26,Entire home/apt,4.204692619390966,66.0
10,5.0,1,1,1,1.0,1.0,26,Private room,4.110873864173311,60.0
11,5.0,1,1,6,1.5,2.0,26,Entire home/apt,4.976733742420574,144.0
21,4.5,1,1,6,2.0,2.0,26,Entire home/apt,4.912654885736052,135.0
7,4.5,1,1,5,2.0,2.0,26,Entire home/apt,4.7535901911063645,115.0
55,5.0,1,1,4,1.0,1.0,26,Entire home/apt,4.454347296253507,85.0
40,5.0,1,1,6,2.0,2.0,26,Entire home/apt,5.170483995038151,175.0
100,5.0,1,1,3,1.0,1.0,26,Entire home/apt,4.912654885736052,135.0
13,5.0,1,1,6,2.0,3.0,26,Entire home/apt,4.584967478670572,97.0
100,5.0,1,1,2,1.0,1.0,26,Private room,4.0943445622221,59.0
8,4.5,1,1,2,1.0,1.0,27,Entire home/apt,4.248495242049359,69.0
58,5.0,1,1,3,1.0,1.0,26,Entire home/apt,4.23410650459726,68.0
12,5.0,1,1,4,1.0,1.0,26,Entire home/apt,4.795790545596741,120.0
81,5.0,1,1,2,1.0,1.0,26,Private room,5.017279836814924,150.0
43,5.0,1,1,2,1.0,1.0,26,Entire home/apt,4.0943445622221,59.0
116,4.5,1,1,3,1.0,0.0,26,Entire home/apt,4.02535169073515,55.0
49,5.0,1,1,5,1.0,2.0,26,Entire home/apt,4.787491742782046,119.0
73,5.0,1,1,2,1.0,1.0,26,Private room,3.713572066704308,40.0
3,5.0,1,1,2,1.0,1.0,26,Entire home/apt,4.663439094112067,105.0
7,4.5,1,1,4,1.0,1.0,26,Entire home/apt,4.61512051684126,100.0
33,5.0,1,1,6,1.0,2.0,26,Entire home/apt,4.663439094112067,105.0
2,5.0,0,1,4,2.0,2.0,26,Entire home/apt,5.525452939131784,250.0
45,5.0,1,1,2,1.0,0.0,26,Entire home/apt,4.23410650459726,68.0
79,4.5,1,1,4,1.0,1.0,26,Entire home/apt,4.0943445622221,59.0
53,5.0,1,1,4,1.0,1.0,26,Entire home/apt,4.499809670330265,89.0
8,5.0,1,1,1,1.0,1.0,27,Private room,3.4011973816621555,29.0
1,5.0,0,1,1,1.0,1.0,27,Private room,3.9318256327243257,50.0
113,5.0,1,1,2,1.0,1.0,27,Entire home/apt,4.07753744390572,58.0
60,5.0,1,1,5,2.0,2.0,27,Entire home/apt,4.948759890378168,140.0
1,5.0,0,1,2,1.0,0.0,26,Private room,3.9318256327243257,50.0
8,4.5,1,1,2,1.0,1.0,26,Private room,4.48863636973214,88.0
49,5.0,1,1,2,1.0,1.0,26,Private room,4.110873864173311,60.0
21,5.0,1,1,2,1.0,1.0,27,Private room,3.7612001156935615,42.0
57,4.5,1,1,8,2.5,3.0,27,Entire home/apt,5.638354669333745,280.0
23,5.0,1,1,6,2.5,2.0,26,Entire home/apt,5.298317366548036,199.0
110,5.0,1,1,5,1.5,2.0,26,Private room,3.9318256327243257,50.0
94,5.0,1,1,4,1.0,1.0,26,Entire home/apt,3.9318256327243257,50.0
3,4.0,1,1,2,1.0,0.0,26,Entire home/apt,4.189654742026425,65.0
13,5.0,1,1,2,1.0,0.0,26,Entire home/apt,4.110873864173311,60.0
5,4.5,1,1,2,1.0,0.0,26,Entire home/apt,4.795790545596741,120.0
4,5.0,1,1,2,1.0,0.0,26,Entire home/apt,4.189654742026425,65.0
6,4.5,1,1,6,1.0,2.0,26,Entire home/apt,5.19295685089021,179.0
52,5.0,1,1,4,1.0,1.0,26,Entire home/apt,4.418840607796598,82.0
26,5.0,1,1,8,3.0,3.0,26,Entire home/apt,6.2166061010848646,500.0
24,5.0,1,1,3,1.0,1.0,26,Entire home/apt,4.189654742026425,65.0
0,5.0,0,0,6,1.5,3.0,26,Entire home/apt,5.786897381366708,325.0
79,5.0,1,1,3,1.0,2.0,26,Entire home/apt,4.836281906951478,125.0
77,4.5,1,1,4,1.0,2.0,26,Entire home/apt,4.262679877041316,70.0
26,5.0,1,1,3,1.0,1.0,26,Entire home/apt,4.875197323201151,130.0
15,5.0,1,1,6,2.0,3.0,27,Entire home/apt,5.303304908059076,200.0
10,4.5,1,1,2,1.0,1.0,26,Entire home/apt,4.61512051684126,100.0
51,5.0,1,1,3,1.0,1.0,26,Entire home/apt,4.394449154672439,80.0
10,5.0,1,1,3,1.0,0.0,26,Entire home/apt,4.454347296253507,85.0
19,4.5,1,1,8,2.0,3.0,26,Entire home/apt,4.0943445622221,59.0
6,5.0,1,1,3,1.0,1.0,26,Entire home/apt,5.327876168789581,205.0
29,4.5,1,1,5,1.0,2.0,26,Entire home/apt,3.8918202981106265,48.0
12,5.0,1,1,6,2.0,3.0,26,Entire home/apt,4.110873864173311,60.0
66,5.0,1,1,8,2.5,3.0,26,Entire home/apt,5.525452939131784,250.0
15,4.5,1,1,6,2.0,2.0,26,Entire home/apt,4.983606621708336,145.0
132,5.0,1,1,2,1.0,0.0,26,Entire home/apt,4.110873864173311,60.0
183,5.0,1,1,5,1.0,1.0,26,Entire home/apt,4.68213122712422,107.0
3,3.5,1,1,3,1.0,1.0,26,Entire home/apt,4.394449154672439,80.0
9,4.0,1,1,5,1.0,2.0,26,Entire home/apt,4.61512051684126,100.0
17,5.0,1,1,5,1.5,1.0,26,Entire home/apt,5.170483995038151,175.0
7,4.5,1,1,4,1.5,3.0,28,Entire home/apt,5.017279836814924,150.0
45,4.5,1,1,2,1.0,1.0,26,Private room,4.330733340286331,75.0
3,5.0,1,1,6,2.5,4.0,26,Entire home/apt,5.771441123130016,320.0
3,5.0,1,1,8,3.0,4.0,32,Entire home/apt,5.955837369464831,385.0
65,4.5,1,1,4,1.0,2.0,26,Entire home/apt,4.23410650459726,68.0
4,5.0,1,1,3,1.0,1.0,26,Entire home/apt,4.7535901911063645,115.0
27,5.0,1,1,2,1.0,1.0,26,Entire home/apt,4.61512051684126,100.0
60,5.0,1,1,9,1.5,3.0,26,Entire home/apt,5.19295685089021,179.0
44,5.0,1,1,4,1.0,1.0,26,Entire home/apt,4.248495242049359,69.0
4,4.5,1,1,1,1.0,1.0,26,Private room,4.330733340286331,75.0
123,5.0,1,1,3,1.0,0.0,26,Entire home/apt,4.276666119016055,71.0
64,4.5,1,1,2,1.0,0.0,26,Entire home/apt,4.189654742026425,65.0
36,5.0,1,1,8,2.5,4.0,26,Entire home/apt,5.484796933490655,240.0
39,5.0,1,1,4,1.0,1.0,26,Entire home/apt,5.017279836814924,150.0
88,4.5,1,1,2,1.0,1.0,26,Private room,3.367295829986474,28.0
104,5.0,1,1,4,1.0,2.0,26,Private room,4.382026634673881,79.0
48,5.0,1,1,4,1.0,1.0,26,Entire home/apt,4.382026634673881,79.0
140,4.5,1,1,16,2.0,5.0,26,Entire home/apt,4.290459441148391,72.0
4,5.0,1,1,4,1.0,1.0,26,Entire home/apt,4.61512051684126,100.0
7,4.5,1,1,6,3.0,3.0,26,Entire home/apt,5.420534999272286,225.0
31,5.0,1,1,4,1.0,2.0,28,Private room,3.7612001156935615,42.0
9,4.5,1,1,6,1.0,2.0,26,Entire home/apt,4.867534450455582,129.0
41,5.0,1,1,6,2.0,2.0,26,Entire home/apt,5.093750200806762,162.0
43,5.0,1,1,2,1.0,1.0,26,Entire home/apt,4.110873864173311,60.0
24,4.5,1,1,4,1.0,2.0,26,Entire home/apt,4.406719247264253,81.0
110,4.5,1,1,4,2.0,1.0,26,Private room,3.258096538021482,25.0
36,5.0,1,1,3,1.0,1.0,26,Entire home/apt,4.61512051684126,100.0
23,5.0,1,1,2,2.0,2.0,27,Entire home/apt,5.170483995038151,175.0
43,5.0,1,1,4,1.5,1.0,26,Private room,4.02535169073515,55.0
25,5.0,1,1,4,2.0,2.0,26,Entire home/apt,5.525452939131784,250.0
34,4.5,1,1,3,1.0,1.0,27,Entire home/apt,3.713572066704308,40.0
5,5.0,1,1,7,2.0,4.0,26,Entire home/apt,5.703782474656201,299.0
38,5.0,1,1,6,2.5,3.0,26,Entire home/apt,5.69035945432406,295.0
11,4.5,1,1,6,3.0,4.0,26,Entire home/apt,5.313205979041787,202.0
6,4.0,1,1,3,1.0,1.0,26,Entire home/apt,4.605170185988092,99.0
108,4.5,1,1,2,1.5,1.0,26,Private room,3.58351893845611,35.0
51,5.0,1,1,2,1.0,1.0,26,Private room,4.02535169073515,55.0
39,5.0,1,1,2,1.0,1.0,26,Entire home/apt,4.394449154672439,80.0
48,5.0,1,1,2,1.0,1.0,26,Entire home/apt,4.248495242049359,69.0
77,4.5,1,1,2,1.0,1.0,26,Private room,4.836281906951478,125.0
52,5.0,1,1,2,1.0,0.0,26,Entire home/apt,4.262679877041316,70.0
64,5.0,1,1,4,1.0,2.0,26,Entire home/apt,4.875197323201151,130.0
132,5.0,1,1,5,1.0,1.0,26,Entire home/apt,4.07753744390572,58.0
18,4.5,1,1,2,2.0,1.0,26,Private room,3.912023005428146,49.0
17,5.0,1,1,4,1.0,1.0,26,Entire home/apt,5.017279836814924,150.0
42,5.0,1,1,4,1.0,2.0,26,Entire home/apt,4.330733340286331,75.0
34,5.0,1,1,4,1.0,2.0,26,Entire home/apt,4.795790545596741,120.0
43,5.0,1,1,1,1.0,1.0,26,Private room,4.143134726391533,62.0
29,5.0,1,1,2,2.0,1.0,26,Shared room,4.248495242049359,69.0
83,5.0,1,1,4,1.0,1.0,26,Entire home/apt,4.51085950651685,90.0
52,5.0,1,1,4,1.0,2.0,40,Entire home/apt,5.081404364984463,160.0
3,5.0,1,1,2,1.0,1.0,26,Entire home/apt,4.564348191467836,95.0
17,5.0,1,1,4,1.0,2.0,26,Entire home/apt,5.247024072160486,189.0
65,5.0,1,1,2,1.0,0.0,26,Private room,3.9318256327243257,50.0
53,5.0,1,1,5,2.0,2.0,26,Entire home/apt,4.934473933130692,138.0
1,5.0,0,1,8,3.0,4.0,26,Entire home/apt,6.2166061010848646,500.0
5,4.5,1,1,1,1.0,1.0,26,Private room,4.189654742026425,65.0
130,5.0,1,1,4,1.0,1.0,26,Entire home/apt,4.691347882229144,108.0
0,5.0,0,0,6,2.0,2.0,26,Private room,5.25227342804663,190.0
72,5.0,1,1,6,2.5,2.0,26,Entire home/apt,4.820281565605037,123.0
21,4.5,1,1,5,1.0,2.0,27,Private room,4.663439094112067,105.0
46,5.0,1,1,2,1.0,1.0,26,Private room,4.0943445622221,59.0
68,5.0,1,1,2,1.0,0.0,26,Entire home/apt,4.330733340286331,75.0
124,5.0,1,1,2,1.0,1.0,26,Private room,4.143134726391533,62.0
22,5.0,1,1,1,1.0,1.0,26,Private room,4.330733340286331,75.0
6,5.0,1,1,4,2.0,1.0,26,Private room,4.189654742026425,65.0
7,5.0,1,1,10,2.5,4.0,27,Entire home/apt,5.680172609017068,292.0
21,5.0,1,1,6,2.0,3.0,26,Entire home/apt,5.010635294096256,149.0
24,4.5,1,1,2,1.0,1.0,26,Private room,3.4339872044851463,30.0
70,5.0,1,1,4,1.0,1.0,26,Entire home/apt,4.499809670330265,89.0
12,5.0,1,1,2,1.5,1.0,26,Private room,4.330733340286331,75.0
1,5.0,0,1,8,4.0,4.0,32,Entire home/apt,5.602118820879701,270.0
17,5.0,1,1,3,1.0,2.0,26,Entire home/apt,5.017279836814924,150.0
141,5.0,1,1,2,1.0,0.0,26,Entire home/apt,4.189654742026425,65.0
119,5.0,1,1,2,1.0,1.0,26,Private room,3.912023005428146,49.0
26,5.0,1,1,2,1.0,1.0,26,Entire home/apt,5.111987788356544,165.0
81,5.0,1,1,2,1.0,1.0,26,Entire home/apt,4.836281906951478,125.0
12,5.0,1,1,2,1.0,1.0,26,Entire home/apt,5.111987788356544,165.0
117,5.0,1,1,4,1.0,2.0,26,Entire home/apt,4.465908118654584,86.0
18,4.5,1,1,6,2.5,3.0,26,Entire home/apt,5.525452939131784,250.0
77,5.0,1,1,4,1.0,1.0,26,Entire home/apt,4.61512051684126,100.0
9,5.0,1,1,2,1.0,1.0,26,Private room,4.189654742026425,65.0
46,4.5,1,1,7,2.0,3.0,26,Entire home/apt,4.912654885736052,135.0
26,4.5,1,1,1,1.0,1.0,26,Private room,4.110873864173311,60.0
45,5.0,1,1,2,1.0,1.0,26,Private room,3.828641396489095,45.0
26,5.0,1,1,9,3.5,4.0,26,Entire home/apt,5.857933154483459,349.0
8,5.0,1,1,4,1.0,0.0,26,Entire home/apt,3.713572066704308,40.0
40,5.0,1,1,4,1.0,1.0,26,Entire home/apt,4.890349128221754,132.0
6,5.0,1,1,3,1.0,1.0,26,Entire home/apt,5.14166355650266,170.0
92,5.0,1,1,4,1.0,1.0,26,Entire home/apt,4.0943445622221,59.0
29,5.0,1,1,2,1.0,1.0,26,Private room,3.970291913552122,52.0
76,5.0,1,1,2,1.0,1.0,26,Private room,4.189654742026425,65.0
39,5.0,1,1,2,1.0,1.0,26,Private room,3.9318256327243257,50.0
38,5.0,1,1,2,1.0,1.0,26,Private room,4.007333185232471,54.0
2,5.0,0,1,4,1.0,1.0,26,Entire home/apt,4.912654885736052,135.0
31,4.5,1,1,2,1.0,1.0,26,Private room,3.258096538021482,25.0
9,5.0,1,1,2,1.0,1.0,26,Private room,4.7535901911063645,115.0
135,5.0,1,1,2,1.0,1.0,26,Entire home/apt,4.394449154672439,80.0
1,5.0,0,1,2,1.0,1.0,26,Private room,4.61512051684126,100.0
8,4.5,1,1,3,1.0,1.0,26,Entire home/apt,4.394449154672439,80.0
15,5.0,1,1,4,1.0,2.0,32,Private room,5.017279836814924,150.0
91,5.0,1,1,8,1.5,3.0,26,Entire home/apt,5.187385805840755,178.0
22,5.0,1,1,8,2.5,3.0,26,Entire home/apt,5.225746673713202,185.0
1,5.0,0,1,2,1.0,1.0,26,Private room,4.262679877041316,70.0
53,5.0,1,1,3,1.0,1.0,26,Entire home/apt,5.602118820879701,270.0
176,5.0,1,1,2,1.0,1.0,26,Private room,3.713572066704308,40.0
8,4.5,1,1,2,1.0,1.0,26,Private room,4.330733340286331,75.0
105,5.0,1,1,2,1.0,1.0,26,Private room,3.555348061489413,34.0
85,4.5,1,1,3,1.0,2.0,26,Entire home/apt,4.454347296253507,85.0
62,5.0,1,1,4,1.0,0.0,26,Entire home/apt,4.787491742782046,119.0
4,5.0,1,1,2,1.0,1.0,26,Private room,3.258096538021482,25.0
29,5.0,1,1,4,1.0,1.0,27,Entire home/apt,4.248495242049359,69.0
65,5.0,1,1,2,1.0,0.0,26,Entire home/apt,4.23410650459726,68.0
70,5.0,1,1,2,1.0,1.0,26,Entire home/apt,4.262679877041316,70.0
15,4.5,1,1,3,1.0,0.0,26,Entire home/apt,4.8283137373023015,124.0
161,5.0,1,1,2,1.0,1.0,26,Private room,3.9889840465642745,53.0
43,4.5,1,1,2,1.0,1.0,26,Private room,4.189654742026425,65.0
17,4.5,1,1,2,1.0,1.0,26,Private room,3.58351893845611,35.0
25,5.0,1,1,2,1.0,1.0,27,Entire home/apt,5.111987788356544,165.0
137,5.0,1,1,6,1.0,2.0,26,Entire home/apt,4.343805421853684,76.0
40,5.0,1,1,4,2.0,2.0,26,Entire home/apt,5.176149732573829,176.0
161,5.0,1,1,4,1.0,2.0,26,Entire home/apt,3.871201010907891,47.0
80,5.0,1,1,3,1.0,1.0,26,Entire home/apt,4.330733340286331,75.0
98,5.0,1,1,2,1.0,1.0,26,Private room,4.23410650459726,68.0
25,5.0,1,1,4,1.0,1.0,26,Entire home/apt,4.532599493153256,92.0
0,5.0,0,0,1,1.0,1.0,26,Private room,3.4339872044851463,30.0
77,5.0,1,1,4,1.0,1.0,26,Entire home/apt,4.248495242049359,69.0
82,5.0,1,1,6,1.0,1.0,26,Entire home/apt,4.564348191467836,95.0
129,5.0,1,1,3,1.0,0.0,26,Entire home/apt,4.700480365792417,109.0
12,4.5,1,1,4,2.0,2.0,26,Entire home/apt,4.624972813284271,101.0
108,5.0,1,1,3,1.0,1.0,26,Private room,3.828641396489095,45.0
1,5.0,0,1,1,3.0,1.0,26,Private room,3.258096538021482,25.0
56,5.0,1,1,3,1.0,1.0,26,Private room,3.9318256327243257,50.0
16,5.0,1,1,8,2.0,3.0,26,Entire home/apt,5.8888779583328805,360.0
106,5.0,1,1,2,1.0,1.0,26,Entire home/apt,4.23410650459726,68.0
48,5.0,1,1,2,1.0,1.0,26,Private room,5.303304908059076,200.0
5,5.0,1,1,9,2.5,3.0,26,Entire home/apt,5.081404364984463,160.0
21,5.0,1,1,2,1.0,1.0,26,Entire home/apt,4.61512051684126,100.0
7,5.0,1,1,8,3.5,3.0,26,Entire home/apt,6.2166061010848646,500.0
3,5.0,1,1,4,2.0,2.0,26,Private room,5.10594547390058,164.0
131,4.5,1,1,1,1.0,1.0,26,Private room,3.9318256327243257,50.0
60,5.0,1,1,5,1.0,2.0,27,Entire home/apt,4.248495242049359,69.0
7,4.5,1,1,6,1.0,2.0,26,Entire home/apt,4.927253685157205,137.0
28,4.5,1,1,6,2.5,3.0,26,Entire home/apt,5.1647859739235145,174.0
19,4.5,1,1,8,2.0,3.0,26,Entire home/apt,5.220355825078324,184.0
6,4.0,1,1,4,1.0,1.0,26,Entire home/apt,4.543294782270004,93.0
5,5.0,1,1,6,1.0,2.0,26,Entire home/apt,5.043425116919247,154.0
32,4.5,1,1,6,2.0,2.0,26,Entire home/apt,5.513428746164983,247.0
6,5.0,1,1,4,2.0,2.0,26,Entire home/apt,5.043425116919247,154.0
6,4.5,1,1,4,1.0,1.0,26,Entire home/apt,4.605170185988092,99.0
27,5.0,1,1,9,2.5,4.0,26,Entire home/apt,5.780743515792329,323.0
9,4.5,1,1,4,1.0,1.0,26,Entire home/apt,4.948759890378168,140.0
40,5.0,1,1,6,2.0,2.0,26,Entire home/apt,5.556828061699537,258.0
27,5.0,1,1,10,2.5,3.0,26,Entire home/apt,6.0867747269123065,439.0
11,4.5,1,1,6,2.0,2.0,26,Entire home/apt,5.424950017481403,226.0
16,5.0,1,1,7,2.5,2.0,26,Entire home/apt,5.552959584921617,257.0
11,5.0,1,1,4,1.0,1.0,26,Entire home/apt,4.804021044733257,121.0
15,5.0,1,1,6,1.0,2.0,26,Entire home/apt,4.990432586778736,146.0
12,4.5,1,1,6,1.0,2.0,26,Entire home/apt,5.043425116919247,154.0
6,5.0,1,1,6,2.0,3.0,26,Entire home/apt,5.043425116919247,154.0
0,5.0,0,0,4,1.0,1.0,26,Entire home/apt,4.605170185988092,99.0
10,4.5,1,1,4,1.0,2.0,26,Entire home/apt,4.867534450455582,129.0
42,4.5,1,1,4,1.0,2.0,26,Entire home/apt,4.852030263919617,127.0
6,5.0,1,1,6,2.0,2.0,26,Entire home/apt,5.598421958998375,269.0
17,4.5,1,1,8,2.0,3.0,26,Entire home/apt,5.872117789475416,354.0
4,5.0,1,1,4,1.0,2.0,26,Entire home/apt,4.948759890378168,140.0
7,4.5,1,1,8,3.0,3.0,26,Entire home/apt,5.872117789475416,354.0
12,4.5,1,1,4,1.0,1.0,26,Entire home/apt,4.605170185988092,99.0
4,5.0,1,1,4,1.0,1.0,26,Entire home/apt,4.605170185988092,99.0
16,5.0,1,1,6,2.0,2.0,26,Entire home/apt,5.170483995038151,175.0
9,5.0,1,1,4,1.5,1.0,26,Entire home/apt,4.605170185988092,99.0
5,5.0,1,1,6,2.0,2.0,26,Entire home/apt,5.41164605185504,223.0
19,5.0,1,1,7,2.5,3.0,26,Entire home/apt,5.1647859739235145,174.0
14,5.0,1,1,3,1.0,1.0,26,Entire home/apt,4.442651256490317,84.0
2,5.0,0,1,2,1.5,1.0,26,Entire home/apt,5.043425116919247,154.0
11,5.0,1,1,8,2.5,3.0,26,Entire home/apt,5.272999558563747,194.0
5,5.0,1,1,8,2.0,3.0,26,Entire home/apt,5.327876168789581,205.0
15,5.0,1,1,6,2.0,2.0,26,Entire home/apt,5.220355825078324,184.0
1,5.0,0,1,6,1.0,2.0,26,Entire home/apt,6.2166061010848646,500.0
25,5.0,1,1,2,1.0,0.0,26,Entire home/apt,4.605170185988092,99.0
18,5.0,1,1,2,2.0,2.0,27,Entire home/apt,5.170483995038151,175.0
14,4.5,1,1,7,2.5,4.0,32,Entire home/apt,5.525452939131784,250.0
27,5.0,1,1,2,1.0,1.0,27,Entire home/apt,4.727387818712341,112.0
38,5.0,1,1,2,1.0,1.0,26,Private room,4.189654742026425,65.0
87,5.0,1,1,3,1.0,1.0,26,Private room,4.0943445622221,59.0
133,5.0,1,1,4,1.0,0.0,26,Entire home/apt,4.691347882229144,108.0
39,4.5,1,1,2,1.0,0.0,26,Entire home/apt,4.189654742026425,65.0
88,5.0,1,1,6,2.0,2.0,26,Entire home/apt,4.48863636973214,88.0
45,4.5,1,1,8,2.5,3.0,27,Entire home/apt,4.927253685157205,137.0
3,4.5,1,1,2,1.0,1.0,26,Entire home/apt,4.330733340286331,75.0
24,5.0,1,1,4,1.0,1.0,26,Entire home/apt,5.220355825078324,184.0
31,5.0,1,1,2,1.0,0.0,26,Entire home/apt,4.382026634673881,79.0
3,5.0,1,1,9,2.5,3.0,26,Entire home/apt,6.111467339502679,450.0
154,5.0,1,1,4,2.0,2.0,26,Entire home/apt,4.605170185988092,99.0
40,5.0,1,1,2,1.0,1.0,26,Private room,4.51085950651685,90.0
38,5.0,1,1,1,1.0,1.0,26,Private room,3.58351893845611,35.0
44,5.0,1,1,1,1.0,1.0,26,Private room,3.58351893845611,35.0
38,5.0,1,1,5,2.5,3.0,26,Entire home/apt,5.010635294096256,149.0
20,5.0,1,1,2,1.0,1.0,26,Private room,4.51085950651685,90.0
35,5.0,1,1,6,2.5,3.0,26,Entire home/apt,5.049856007249537,155.0
5,4.5,1,1,4,1.0,1.0,27,Private room,3.58351893845611,35.0
0,5.0,0,0,4,1.0,1.0,26,Entire home/apt,5.703782474656201,299.0
63,5.0,1,1,2,1.0,0.0,26,Entire home/apt,4.795790545596741,120.0
2,5.0,0,1,4,2.0,2.0,26,Entire home/apt,5.62040086571715,275.0
1,5.0,0,1,2,1.0,1.0,26,Entire home/apt,4.330733340286331,75.0
0,5.0,0,0,2,1.0,1.0,26,Entire home/apt,4.330733340286331,75.0
70,5.0,1,1,3,1.0,1.0,26,Entire home/apt,4.709530201312334,110.0
27,4.5,1,1,2,1.0,1.0,26,Entire home/apt,3.6635616461296463,38.0
87,4.5,1,1,2,1.0,1.0,26,Entire home/apt,4.262679877041316,70.0
99,5.0,1,1,4,1.0,2.0,26,Entire home/apt,4.110873864173311,60.0
51,5.0,1,1,2,1.0,1.0,26,Private room,3.8918202981106265,48.0
0,5.0,0,0,14,3.0,6.0,26,Entire home/apt,5.198497031265826,180.0
51,5.0,1,1,3,1.0,0.0,26,Entire home/apt,4.454347296253507,85.0
16,5.0,1,1,4,1.0,1.0,26,Entire home/apt,5.19295685089021,179.0
141,5.0,1,1,6,1.0,2.0,26,Entire home/apt,4.477336814478207,87.0
22,5.0,1,1,2,2.0,1.0,27,Private room,3.58351893845611,35.0
16,4.5,1,1,6,2.0,2.0,26,Entire home/apt,5.3471075307174685,209.0
17,4.5,1,1,4,1.5,2.0,26,Entire home/apt,5.135798437050262,169.0
33,5.0,1,1,2,1.0,0.0,26,Entire home/apt,4.709530201312334,110.0
6,5.0,1,1,2,1.5,1.0,26,Private room,4.394449154672439,80.0
2,5.0,0,1,2,1.0,0.0,26,Entire home/apt,4.356708826689592,77.0
73,5.0,1,1,3,1.0,1.0,26,Entire home/apt,4.394449154672439,80.0
52,5.0,1,1,4,1.0,1.0,26,Entire home/apt,4.23410650459726,68.0
3,4.5,1,1,9,2.5,3.0,27,Entire home/apt,5.525452939131784,250.0
30,5.0,1,1,2,1.0,1.0,26,Private room,4.189654742026425,65.0
1,5.0,0,1,1,1.5,1.0,26,Private room,4.6443908991413725,103.0
1,5.0,0,1,2,2.0,2.0,27,Private room,4.110873864173311,60.0
55,5.0,1,1,4,1.0,2.0,26,Entire home/apt,4.663439094112067,105.0
9,5.0,1,1,4,2.0,1.0,27,Entire home/apt,5.123963979403259,167.0
5,4.0,1,1,1,1.0,1.0,27,Private room,3.49650756146648,32.0
50,5.0,1,1,10,2.0,5.0,26,Entire home/apt,4.262679877041316,70.0
45,5.0,1,1,2,1.0,1.0,26,Entire home/apt,4.875197323201151,130.0
156,5.0,1,1,4,1.0,0.0,26,Entire home/apt,3.4339872044851463,30.0
14,5.0,1,1,2,1.0,1.0,26,Private room,4.605170185988092,99.0
48,5.0,1,1,6,1.0,1.0,26,Entire home/apt,4.499809670330265,89.0
84,4.5,1,1,5,1.0,1.0,26,Entire home/apt,4.02535169073515,55.0
76,5.0,1,1,5,1.0,1.0,26,Entire home/apt,4.718498871295094,111.0
134,5.0,1,1,1,1.0,1.0,26,Private room,3.828641396489095,45.0
45,5.0,1,1,2,1.0,1.0,26,Private room,4.276666119016055,71.0
0,5.0,0,0,4,0.5,1.0,26,Private room,3.6635616461296463,38.0
10,4.5,1,1,4,1.0,1.0,26,Private room,3.58351893845611,35.0
15,4.5,1,1,2,0.5,1.0,26,Private room,3.58351893845611,35.0
55,5.0,1,1,4,1.0,1.0,26,Entire home/apt,4.564348191467836,95.0
7,5.0,1,1,6,3.0,3.0,26,Entire home/apt,5.442417710521793,230.0
18,5.0,1,1,2,1.5,1.0,26,Private room,4.394449154672439,80.0
2,5.0,0,1,1,1.0,2.0,26,Private room,3.912023005428146,49.0
72,5.0,1,1,2,1.0,1.0,26,Private room,4.0943445622221,59.0
25,5.0,1,1,3,1.0,1.0,26,Entire home/apt,4.564348191467836,95.0
21,5.0,1,1,13,3.5,5.0,26,Entire home/apt,5.87493073085203,355.0
9,5.0,1,1,2,1.0,1.0,26,Private room,3.9318256327243257,50.0
99,5.0,1,1,4,1.0,1.0,26,Entire home/apt,4.406719247264253,81.0
90,5.0,1,1,6,2.5,2.0,26,Entire home/apt,5.049856007249537,155.0
77,5.0,1,1,2,1.0,1.0,26,Private room,4.454347296253507,85.0
22,5.0,1,1,2,1.0,1.0,26,Entire home/apt,4.553876891600541,94.0
76,5.0,1,1,4,1.0,1.0,26,Entire home/apt,4.787491742782046,119.0
8,5.0,1,1,2,1.0,1.0,26,Entire home/apt,4.787491742782046,119.0
42,5.0,1,1,3,1.0,1.0,26,Entire home/apt,4.564348191467836,95.0
5,5.0,1,1,3,1.0,1.0,26,Entire home/apt,4.564348191467836,95.0
24,5.0,1,1,3,1.0,1.0,26,Entire home/apt,4.564348191467836,95.0
24,5.0,1,1,3,1.0,1.0,26,Entire home/apt,4.564348191467836,95.0
90,5.0,1,1,2,1.0,0.0,26,Entire home/apt,4.499809670330265,89.0
190,5.0,1,1,4,1.0,1.0,26,Entire home/apt,4.189654742026425,65.0
13,4.5,1,1,2,2.0,1.0,26,Private room,4.382026634673881,79.0
82,5.0,1,1,2,1.0,1.0,26,Private room,3.4339872044851463,30.0
65,5.0,1,1,2,1.0,0.0,26,Entire home/apt,4.382026634673881,79.0
25,4.5,1,1,2,1.0,1.0,26,Private room,3.58351893845611,35.0
51,4.5,1,1,2,1.0,1.0,26,Private room,4.02535169073515,55.0
4,4.5,1,1,2,1.0,1.0,26,Entire home/apt,4.330733340286331,75.0
1,5.0,0,1,2,1.0,1.0,26,Entire home/apt,5.303304908059076,200.0
6,4.5,1,1,6,2.0,3.0,26,Entire home/apt,4.465908118654584,86.0
31,5.0,1,1,1,2.0,1.0,26,Private room,3.8918202981106265,48.0
40,5.0,1,1,6,2.5,2.0,26,Entire home/apt,5.25227342804663,190.0
9,5.0,1,1,4,1.0,2.0,26,Private room,5.099866427824199,163.0
41,4.5,1,1,2,1.0,1.0,26,Private room,3.9318256327243257,50.0
18,5.0,1,1,6,2.5,3.0,26,Entire home/apt,5.247024072160486,189.0
92,5.0,1,1,2,1.0,1.0,26,Private room,4.02535169073515,55.0
173,5.0,1,1,2,1.0,0.0,26,Entire home/apt,4.382026634673881,79.0
81,5.0,1,1,2,1.5,1.0,26,Private room,3.828641396489095,45.0
0,5.0,0,0,2,1.0,1.0,26,Entire home/apt,4.262679877041316,70.0
4,5.0,1,1,1,2.0,1.0,26,Private room,3.9318256327243257,50.0
9,5.0,1,1,3,1.0,2.0,26,Entire home/apt,4.7535901911063645,115.0
11,5.0,1,1,6,2.0,3.0,26,Entire home/apt,5.707110264748875,300.0
22,5.0,1,1,3,1.0,1.0,26,Entire home/apt,5.278114659230517,195.0
73,5.0,1,1,5,1.0,2.0,26,Entire home/apt,4.867534450455582,129.0
38,5.0,1,1,2,1.5,1.0,26,Private room,4.02535169073515,55.0
21,5.0,1,1,1,1.0,1.0,26,Private room,3.912023005428146,49.0
42,5.0,1,1,4,1.0,1.0,26,Entire home/apt,4.51085950651685,90.0
57,5.0,1,1,2,1.5,1.0,26,Private room,3.828641396489095,45.0
14,5.0,1,1,2,1.0,1.0,26,Private room,3.828641396489095,45.0
65,5.0,1,1,2,1.0,1.0,26,Entire home/apt,4.02535169073515,55.0
4,5.0,1,1,5,1.0,3.0,26,Entire home/apt,5.247024072160486,189.0
62,5.0,1,1,2,1.0,1.0,26,Entire home/apt,4.143134726391533,62.0
66,5.0,1,1,2,1.0,1.0,26,Private room,4.499809670330265,89.0
27,5.0,1,1,6,2.5,2.0,26,Entire home/apt,5.703782474656201,299.0
7,5.0,1,1,2,1.0,2.0,26,Entire home/apt,4.499809670330265,89.0
38,5.0,1,1,4,1.0,1.0,26,Entire home/apt,4.709530201312334,110.0
73,5.0,1,1,2,1.0,0.0,29,Entire home/apt,4.584967478670572,97.0
28,5.0,1,1,6,1.0,2.0,26,Entire home/apt,4.394449154672439,80.0
36,5.0,1,1,4,1.0,2.0,26,Entire home/apt,4.51085950651685,90.0
9,5.0,1,1,2,1.0,1.0,26,Private room,4.564348191467836,95.0
61,5.0,1,1,4,1.0,0.0,26,Entire home/apt,4.795790545596741,120.0
6,5.0,1,1,4,2.0,2.0,27,Entire home/apt,4.969813299576001,143.0
95,5.0,1,1,6,1.0,2.0,26,Entire home/apt,4.499809670330265,89.0
94,4.5,1,1,4,1.0,1.0,26,Entire home/apt,4.406719247264253,81.0
34,5.0,1,1,6,1.0,2.0,26,Entire home/apt,4.912654885736052,135.0
0,5.0,0,0,12,6.0,6.0,26,Entire home/apt,6.2166061010848646,500.0
68,5.0,1,1,4,1.0,0.0,26,Entire home/apt,4.795790545596741,120.0
31,5.0,1,1,4,1.0,1.0,26,Entire home/apt,4.672828834461906,106.0
13,5.0,1,1,4,1.0,1.0,26,Entire home/apt,4.189654742026425,65.0
94,5.0,1,1,2,1.0,0.0,26,Entire home/apt,4.605170185988092,99.0
10,4.5,1,1,5,1.0,2.0,27,Entire home/apt,5.003946305945459,148.0
26,5.0,1,1,4,1.0,1.0,32,Entire home/apt,4.61512051684126,100.0
66,5.0,1,1,1,1.0,1.0,26,Private room,3.58351893845611,35.0
57,5.0,1,1,4,1.5,1.0,26,Entire home/apt,4.158883083359672,63.0
113,5.0,1,1,8,2.5,3.0,26,Entire home/apt,4.248495242049359,69.0
22,5.0,1,1,4,1.0,1.0,26,Entire home/apt,4.61512051684126,100.0
135,5.0,1,1,2,1.0,0.0,26,Entire home/apt,4.248495242049359,69.0
46,5.0,1,1,2,1.5,1.0,25,Private room,3.688879454113936,39.0
29,5.0,1,1,2,1.0,0.0,26,Entire home/apt,4.6443908991413725,103.0
19,5.0,1,1,3,1.0,1.0,26,Entire home/apt,4.330733340286331,75.0
4,5.0,1,1,2,1.0,1.0,26,Entire home/apt,4.564348191467836,95.0
93,5.0,1,1,2,1.0,1.0,26,Entire home/apt,4.189654742026425,65.0
88,5.0,1,1,3,1.5,1.0,26,Private room,3.713572066704308,40.0
27,5.0,1,1,2,1.0,0.0,26,Entire home/apt,4.330733340286331,75.0
40,5.0,1,1,4,1.0,2.0,26,Private room,4.499809670330265,89.0
99,5.0,1,1,2,1.0,1.0,26,Entire home/apt,4.418840607796598,82.0
17,5.0,1,1,4,1.0,2.0,26,Entire home/apt,5.017279836814924,150.0
5,4.0,1,1,2,1.0,1.0,27,Private room,4.564348191467836,95.0
120,4.5,1,1,3,1.0,0.0,26,Entire home/apt,3.9318256327243257,50.0
60,5.0,1,1,4,1.0,1.0,26,Entire home/apt,4.564348191467836,95.0
52,4.5,1,1,4,1.0,1.0,26,Entire home/apt,4.51085950651685,90.0
81,5.0,1,1,4,1.0,1.0,26,Entire home/apt,4.394449154672439,80.0
87,5.0,1,1,2,1.0,1.0,26,Private room,4.02535169073515,55.0
61,5.0,1,1,2,1.0,1.0,26,Entire home/apt,4.624972813284271,101.0
52,5.0,1,1,2,1.0,1.0,26,Private room,4.143134726391533,62.0
73,5.0,1,1,2,1.5,1.0,26,Private room,3.4339872044851463,30.0
24,5.0,1,1,5,1.0,2.0,26,Entire home/apt,4.718498871295094,111.0
31,5.0,1,1,2,1.0,1.0,26,Entire home/apt,4.454347296253507,85.0
130,5.0,1,1,2,1.0,1.0,26,Private room,4.02535169073515,55.0
68,4.5,1,1,3,1.0,1.0,26,Entire home/apt,3.688879454113936,39.0
42,5.0,1,1,2,1.0,1.0,26,Entire home/apt,4.07753744390572,58.0
49,4.5,1,1,7,2.0,3.0,26,Entire home/apt,4.564348191467836,95.0
42,5.0,1,1,2,1.0,1.0,26,Entire home/apt,4.330733340286331,75.0
62,5.0,1,1,4,1.0,2.0,26,Entire home/apt,4.605170185988092,99.0
124,4.5,1,1,3,1.0,0.0,26,Entire home/apt,4.02535169073515,55.0
88,5.0,1,1,4,1.0,1.0,26,Entire home/apt,4.454347296253507,85.0
3,4.0,1,1,5,1.0,1.0,26,Entire home/apt,4.663439094112067,105.0
102,5.0,1,1,2,1.0,1.0,26,Private room,3.6635616461296463,38.0
21,5.0,1,1,2,1.0,1.0,26,Entire home/apt,4.605170185988092,99.0
56,5.0,1,1,4,1.0,1.0,26,Private room,3.555348061489413,34.0
50,5.0,1,1,2,1.0,1.0,26,Entire home/apt,4.564348191467836,95.0
28,5.0,1,1,8,2.5,3.0,26,Entire home/apt,5.62040086571715,275.0
59,5.0,1,1,4,1.0,1.0,26,Private room,3.9318256327243257,50.0
24,4.5,1,1,3,1.0,1.0,26,Private room,4.394449154672439,80.0
11,5.0,1,1,2,1.0,1.0,26,Private room,3.7612001156935615,42.0
64,5.0,1,1,4,1.0,1.0,26,Private room,3.80666248977032,44.0
37,5.0,1,1,4,1.0,0.0,26,Entire home/apt,4.61512051684126,100.0
7,4.5,1,1,5,1.0,1.0,26,Entire home/apt,4.663439094112067,105.0
34,5.0,1,1,16,4.0,7.0,26,Entire home/apt,6.16541785423142,475.0
84,5.0,1,1,5,1.0,2.0,26,Entire home/apt,4.290459441148391,72.0
63,5.0,1,1,2,1.0,0.0,26,Entire home/apt,4.454347296253507,85.0
5,4.5,1,1,8,3.0,3.0,26,Entire home/apt,5.030437921392435,152.0
3,3.5,1,1,6,2.0,3.0,26,Entire home/apt,5.37989735354046,216.0
4,5.0,1,1,6,2.5,3.0,26,Entire home/apt,4.882801922586371,131.0
24,5.0,1,1,4,1.0,1.0,26,Entire home/apt,4.787491742782046,119.0
22,4.5,1,1,4,2.0,2.0,26,Entire home/apt,5.075173815233827,159.0
3,3.5,1,1,6,2.0,3.0,26,Entire home/apt,5.220355825078324,184.0
1,5.0,0,1,6,2.5,3.0,26,Entire home/apt,5.648974238161206,283.0
1,5.0,0,1,4,1.0,2.0,26,Entire home/apt,4.770684624465665,117.0
18,5.0,1,1,6,2.0,3.0,26,Entire home/apt,5.43372200355424,228.0
28,5.0,1,1,2,1.5,1.0,25,Private room,3.688879454113936,39.0
0,5.0,0,0,2,1.0,1.0,27,Private room,5.123963979403259,167.0
97,4.5,1,1,2,1.0,0.0,26,Entire home/apt,4.3694478524670215,78.0
20,5.0,1,1,2,1.0,1.0,26,Private room,4.605170185988092,99.0
106,5.0,1,1,3,1.0,0.0,26,Entire home/apt,4.02535169073515,55.0
11,4.5,1,1,10,2.0,4.0,27,Entire home/apt,5.828945617610208,339.0
5,4.5,1,1,6,1.5,2.0,27,Entire home/apt,4.859812404361672,128.0
11,5.0,1,1,5,1.0,2.0,27,Entire home/apt,5.068904202220232,158.0
83,4.5,1,1,10,1.0,3.0,26,Entire home/apt,4.605170185988092,99.0
11,5.0,1,1,2,1.0,1.0,26,Private room,3.4339872044851463,30.0
8,5.0,1,1,6,2.0,3.0,26,Entire home/apt,5.786897381366708,325.0
36,5.0,1,1,3,1.0,1.0,26,Private room,4.663439094112067,105.0
71,4.5,1,1,4,1.0,0.0,26,Entire home/apt,4.110873864173311,60.0
6,5.0,1,1,12,2.5,4.0,25,Entire home/apt,5.707110264748875,300.0
43,4.5,1,1,4,1.0,1.0,26,Entire home/apt,3.9318256327243257,50.0
20,5.0,1,1,4,2.0,2.0,26,Entire home/apt,4.820281565605037,123.0
112,4.5,1,1,5,1.0,2.0,26,Entire home/apt,4.442651256490317,84.0
75,4.5,1,1,6,1.0,2.0,26,Entire home/apt,4.394449154672439,80.0
3,5.0,1,1,2,1.0,1.0,27,Private room,4.02535169073515,55.0
24,5.0,1,1,8,2.0,2.0,26,Entire home/apt,5.303304908059076,200.0
69,5.0,1,1,2,1.0,1.0,26,Entire home/apt,3.871201010907891,47.0
42,5.0,1,1,2,1.5,1.0,26,Private room,3.58351893845611,35.0
53,5.0,1,1,6,1.0,1.0,26,Entire home/apt,4.709530201312334,110.0
33,4.5,1,1,2,1.0,0.0,26,Entire home/apt,4.394449154672439,80.0
83,4.5,1,1,2,1.5,1.0,26,Private room,3.4339872044851463,30.0
102,4.5,1,1,2,1.5,1.0,26,Private room,3.4339872044851463,30.0
34,4.0,1,1,2,1.0,1.0,26,Private room,3.258096538021482,25.0
88,4.5,1,1,2,1.5,1.0,26,Private room,3.258096538021482,25.0
15,5.0,1,1,3,1.0,0.0,26,Entire home/apt,5.707110264748875,300.0
33,5.0,1,1,4,1.5,1.0,25,Private room,3.688879454113936,39.0
16,5.0,1,1,4,1.0,1.0,26,Private room,3.58351893845611,35.0
59,5.0,1,1,3,1.0,2.0,26,Entire home/apt,4.02535169073515,55.0
2,5.0,0,1,1,0.5,1.0,26,Private room,3.49650756146648,32.0
42,4.5,1,1,3,1.0,1.0,26,Entire home/apt,4.31748811353631,74.0
9,5.0,1,1,5,1.0,2.0,26,Entire home/apt,4.762173934797756,116.0
72,5.0,1,1,4,1.0,2.0,26,Entire home/apt,4.634728988229636,102.0
7,5.0,1,1,5,2.5,2.0,26,Entire home/apt,5.707110264748875,300.0
16,4.5,1,1,2,1.5,1.0,26,Private room,4.189654742026425,65.0
8,5.0,1,1,8,2.5,3.0,26,Entire home/apt,5.929589143389895,375.0
77,5.0,1,1,4,1.0,1.0,26,Entire home/apt,4.454347296253507,85.0
6,4.5,1,1,2,1.0,1.0,26,Entire home/apt,4.836281906951478,125.0
2,5.0,0,1,12,2.0,5.0,26,Entire home/apt,6.2166061010848646,500.0
1,5.0,0,1,4,1.0,2.0,26,Entire home/apt,5.420534999272286,225.0
2,5.0,0,1,4,1.0,2.0,26,Private room,5.010635294096256,149.0
118,4.5,1,1,5,1.0,2.0,26,Entire home/apt,4.442651256490317,84.0
4,5.0,1,1,8,1.0,4.0,26,Entire home/apt,6.025865973825314,413.0
2,5.0,0,1,1,1.0,1.0,26,Private room,3.80666248977032,44.0
4,5.0,1,1,2,1.0,1.0,26,Private room,4.290459441148391,72.0
53,5.0,1,1,4,1.0,1.0,26,Entire home/apt,4.59511985013459,98.0
85,5.0,1,1,4,1.0,1.0,26,Entire home/apt,4.248495242049359,69.0
13,5.0,1,1,5,2.5,3.0,26,Entire home/apt,5.860786223465865,350.0
16,5.0,1,1,2,1.0,1.0,26,Private room,4.330733340286331,75.0
114,4.5,1,1,4,1.0,0.0,26,Entire home/apt,4.02535169073515,55.0
28,5.0,1,1,2,2.5,1.0,27,Private room,4.02535169073515,55.0
54,5.0,1,1,4,1.0,2.0,26,Entire home/apt,4.836281906951478,125.0
1,5.0,0,1,2,1.0,1.0,26,Private room,4.61512051684126,100.0
29,4.5,1,1,9,2.0,4.0,26,Entire home/apt,4.955827057601261,141.0
5,4.5,1,1,5,2.0,2.0,27,Entire home/apt,5.991464547107982,399.0
95,5.0,1,1,2,1.0,1.0,26,Private room,3.713572066704308,40.0
67,5.0,1,1,8,3.5,3.0,26,Entire home/apt,4.836281906951478,125.0
122,5.0,1,1,4,1.0,1.0,26,Entire home/apt,4.394449154672439,80.0
119,5.0,1,1,2,1.0,1.0,26,Entire home/apt,3.871201010907891,47.0
39,5.0,1,1,3,1.0,2.0,26,Entire home/apt,4.836281906951478,125.0
37,5.0,1,1,2,1.0,1.0,26,Entire home/apt,4.330733340286331,75.0
25,5.0,1,1,4,1.0,1.0,26,Entire home/apt,4.3694478524670215,78.0
2,5.0,0,1,2,1.0,1.0,26,Entire home/apt,4.927253685157205,137.0
13,4.5,1,1,9,2.0,4.0,27,Entire home/apt,5.068904202220232,158.0
11,5.0,1,1,1,1.0,1.0,26,Private room,3.49650756146648,32.0
34,5.0,1,1,3,1.0,1.0,26,Entire home/apt,4.394449154672439,80.0
0,5.0,0,0,1,1.0,0.0,26,Private room,4.110873864173311,60.0
85,5.0,1,1,2,1.0,0.0,26,Entire home/apt,4.04305126783455,56.0
103,5.0,1,1,3,1.0,1.0,26,Entire home/apt,4.060443010546419,57.0
100,5.0,1,1,3,1.0,1.0,26,Entire home/apt,3.951243718581428,51.0
97,5.0,1,1,3,1.0,1.0,26,Entire home/apt,3.912023005428146,49.0
86,5.0,1,1,7,1.0,2.0,26,Entire home/apt,4.110873864173311,60.0
23,5.0,1,1,2,1.0,1.0,26,Private room,3.4657359027997265,31.0
3,3.5,1,1,6,1.0,2.0,26,Entire home/apt,4.691347882229144,108.0
30,5.0,1,1,2,1.0,1.0,26,Entire home/apt,4.31748811353631,74.0
23,5.0,1,1,5,3.0,3.0,26,Entire home/apt,5.3981627015177525,220.0
21,5.0,1,1,2,1.0,1.0,26,Shared room,3.4339872044851463,30.0
40,5.0,1,1,4,1.5,1.0,32,Entire home/apt,4.941642422609304,139.0
39,5.0,1,1,8,1.0,2.0,26,Entire home/apt,4.663439094112067,105.0
59,5.0,1,1,2,1.0,1.0,26,Entire home/apt,4.406719247264253,81.0
28,5.0,1,1,3,1.0,0.0,26,Entire home/apt,4.454347296253507,85.0
42,5.0,1,1,4,1.0,1.0,26,Entire home/apt,4.330733340286331,75.0
1,5.0,0,1,2,1.0,0.0,26,Entire home/apt,4.330733340286331,75.0
8,5.0,1,1,2,1.0,0.0,26,Entire home/apt,4.330733340286331,75.0
1,5.0,0,1,2,1.0,1.0,26,Entire home/apt,4.330733340286331,75.0
0,5.0,0,0,1,1.0,1.0,26,Entire home/apt,5.170483995038151,175.0
23,4.5,1,1,2,1.0,1.0,26,Private room,4.02535169073515,55.0
8,5.0,1,1,1,1.0,1.0,27,Private room,4.454347296253507,85.0
32,4.5,1,1,2,1.0,2.0,26,Private room,4.110873864173311,60.0
60,5.0,1,1,6,2.5,3.0,26,Entire home/apt,5.860786223465865,350.0
43,5.0,1,1,2,1.0,1.0,26,Entire home/apt,4.663439094112067,105.0
85,5.0,1,1,4,1.5,1.0,26,Entire home/apt,4.59511985013459,98.0
58,4.5,1,1,2,1.0,1.0,26,Private room,3.828641396489095,45.0
1,5.0,0,1,4,1.0,2.0,26,Entire home/apt,4.795790545596741,120.0
30,4.5,1,1,6,1.0,2.0,26,Entire home/apt,4.394449154672439,80.0
29,5.0,1,1,2,1.0,1.0,26,Private room,4.060443010546419,57.0
26,5.0,1,1,3,1.0,1.0,26,Entire home/apt,4.7535901911063645,115.0
28,5.0,1,1,6,2.0,3.0,26,Entire home/apt,5.298317366548036,199.0
108,4.5,1,1,16,3.0,5.0,26,Entire home/apt,4.836281906951478,125.0
32,5.0,1,1,2,1.0,1.0,27,Private room,4.189654742026425,65.0
15,5.0,1,1,2,1.0,1.0,26,Private room,4.499809670330265,89.0
53,5.0,1,1,4,1.0,1.0,26,Entire home/apt,4.700480365792417,109.0
26,5.0,1,1,4,1.0,1.0,26,Entire home/apt,4.700480365792417,109.0
44,5.0,1,1,2,1.0,0.0,26,Entire home/apt,4.189654742026425,65.0
84,5.0,1,1,13,2.5,3.0,26,Entire home/apt,5.123963979403259,167.0
34,5.0,1,1,4,1.0,2.0,26,Entire home/apt,4.499809670330265,89.0
19,5.0,1,1,4,1.0,1.0,26,Private room,4.189654742026425,65.0
65,4.5,1,1,2,1.0,1.0,26,Private room,3.9318256327243257,50.0
74,5.0,1,1,4,1.0,0.0,26,Entire home/apt,4.143134726391533,62.0
23,5.0,1,1,4,1.0,1.0,26,Entire home/apt,4.564348191467836,95.0
75,5.0,1,1,2,1.0,1.0,26,Private room,3.9318256327243257,50.0
53,4.5,1,1,2,1.0,1.0,26,Private room,3.258096538021482,25.0
7,5.0,1,1,6,2.0,2.0,26,Entire home/apt,5.703782474656201,299.0
44,5.0,1,1,2,1.5,1.0,26,Private room,4.394449154672439,80.0
54,4.5,1,1,2,1.0,1.0,26,Private room,3.713572066704308,40.0
3,5.0,1,1,6,2.0,2.0,26,Entire home/apt,4.624972813284271,101.0
2,5.0,0,1,4,2.5,2.0,26,Entire home/apt,5.303304908059076,200.0
37,5.0,1,1,2,1.0,0.0,26,Entire home/apt,4.394449154672439,80.0
48,5.0,1,1,4,1.0,1.0,26,Entire home/apt,4.330733340286331,75.0
7,4.5,1,1,2,1.0,1.0,26,Private room,3.367295829986474,28.0
4,5.0,1,1,4,1.0,2.0,27,Entire home/apt,5.525452939131784,250.0
52,5.0,1,1,2,1.0,0.0,26,Entire home/apt,4.605170185988092,99.0
61,4.5,1,1,4,1.0,2.0,26,Entire home/apt,4.31748811353631,74.0
45,5.0,1,1,3,1.0,1.0,26,Entire home/apt,4.454347296253507,85.0
36,5.0,1,1,4,1.0,1.0,26,Entire home/apt,4.709530201312334,110.0
62,5.0,1,1,4,1.0,1.0,26,Entire home/apt,4.330733340286331,75.0
1,5.0,0,1,4,2.5,2.0,26,Entire home/apt,6.2166061010848646,500.0
7,4.0,1,1,4,1.0,2.0,26,Entire home/apt,5.017279836814924,150.0
23,5.0,1,1,2,1.0,1.0,26,Entire home/apt,4.262679877041316,70.0
36,5.0,1,1,4,1.0,0.0,26,Entire home/apt,4.23410650459726,68.0
72,5.0,1,1,2,1.0,1.0,26,Entire home/apt,4.262679877041316,70.0
36,5.0,1,1,4,1.0,1.0,26,Entire home/apt,4.795790545596741,120.0
39,5.0,1,1,8,3.5,3.0,26,Entire home/apt,4.406719247264253,81.0
34,5.0,1,1,2,1.0,1.0,26,Private room,4.143134726391533,62.0
0,5.0,0,0,2,1.0,1.0,26,Private room,4.836281906951478,125.0
2,5.0,0,1,5,2.5,2.0,26,Entire home/apt,5.278114659230517,195.0
26,5.0,1,1,4,1.0,1.0,26,Entire home/apt,4.330733340286331,75.0
137,5.0,1,1,2,1.0,1.0,26,Entire home/apt,4.07753744390572,58.0
95,5.0,1,1,3,1.0,0.0,26,Entire home/apt,4.127134385045092,61.0
120,5.0,1,1,3,1.0,0.0,26,Entire home/apt,4.0943445622221,59.0
0,5.0,0,0,5,2.0,2.0,26,Entire home/apt,5.198497031265826,180.0
38,5.0,1,1,2,1.0,0.0,26,Entire home/apt,4.110873864173311,60.0
26,5.0,1,1,4,1.0,2.0,26,Entire home/apt,4.442651256490317,84.0
23,5.0,1,1,2,1.0,1.0,26,Entire home/apt,4.262679877041316,70.0
33,4.5,1,1,2,1.0,0.0,26,Entire home/apt,4.262679877041316,70.0
114,4.5,1,1,3,1.0,0.0,26,Entire home/apt,4.465908118654584,86.0
29,5.0,1,1,2,1.0,1.0,26,Private room,3.828641396489095,45.0
85,4.5,1,1,2,1.5,1.0,26,Private room,3.258096538021482,25.0
22,5.0,1,1,6,2.0,2.0,26,Entire home/apt,5.093750200806762,162.0
13,5.0,1,1,4,1.0,1.0,26,Entire home/apt,4.941642422609304,139.0
15,5.0,1,1,2,1.0,1.0,25,Private room,3.9318256327243257,50.0
40,5.0,1,1,2,1.0,1.0,26,Private room,3.713572066704308,40.0
15,4.5,1,1,4,1.0,2.0,26,Entire home/apt,5.017279836814924,150.0
83,5.0,1,1,9,2.5,4.0,26,Entire home/apt,4.90527477843843,134.0
89,4.5,1,1,6,0.5,1.0,26,Private room,3.713572066704308,40.0
8,5.0,1,1,2,1.0,1.0,26,Entire home/apt,4.248495242049359,69.0
5,4.5,1,1,4,1.5,2.0,26,Private room,4.795790545596741,120.0
9,5.0,1,1,2,1.0,1.0,26,Entire home/apt,4.605170185988092,99.0
131,5.0,1,1,4,1.0,1.0,26,Entire home/apt,3.828641396489095,45.0
85,4.5,1,1,4,1.0,2.0,26,Entire home/apt,5.017279836814924,150.0
106,5.0,1,1,2,1.0,1.0,26,Entire home/apt,4.219507705176107,67.0
5,5.0,1,1,1,1.0,1.0,27,Private room,3.9318256327243257,50.0
0,5.0,0,0,6,2.0,2.0,26,Entire home/apt,4.844187086458591,126.0
57,4.5,1,1,5,1.0,1.0,26,Entire home/apt,4.553876891600541,94.0
14,4.5,1,1,5,2.0,2.0,26,Entire home/apt,5.62040086571715,275.0
24,5.0,1,1,7,2.0,3.0,26,Entire home/apt,5.981414211254481,395.0
6,4.5,1,1,2,1.0,1.0,27,Private room,3.49650756146648,32.0
13,5.0,1,1,4,1.0,2.0,26,Entire home/apt,4.61512051684126,100.0
69,5.0,1,1,2,1.0,0.0,26,Entire home/apt,4.189654742026425,65.0
36,5.0,1,1,7,2.0,3.0,27,Entire home/apt,4.262679877041316,70.0
55,5.0,1,1,2,1.0,0.0,26,Entire home/apt,4.189654742026425,65.0
60,5.0,1,1,4,1.0,1.0,26,Entire home/apt,4.795790545596741,120.0
109,5.0,1,1,4,1.0,2.0,26,Entire home/apt,4.382026634673881,79.0
53,5.0,1,1,4,1.0,2.0,26,Entire home/apt,4.0943445622221,59.0
25,5.0,1,1,4,1.0,1.0,26,Private room,4.02535169073515,55.0
60,5.0,1,1,4,1.0,0.0,26,Entire home/apt,4.61512051684126,100.0
9,4.0,1,1,1,1.0,1.0,26,Shared room,3.258096538021482,25.0
19,5.0,1,1,5,1.0,2.0,32,Private room,3.9318256327243257,50.0
44,5.0,1,1,1,1.0,1.0,26,Private room,3.713572066704308,40.0
28,4.0,1,1,1,1.0,1.0,26,Shared room,3.258096538021482,25.0
19,4.5,1,1,1,1.0,1.0,26,Shared room,3.258096538021482,25.0
43,5.0,1,1,2,1.0,1.0,32,Private room,3.8918202981106265,48.0
18,4.0,1,1,3,1.0,1.0,26,Entire home/apt,4.51085950651685,90.0
2,5.0,0,1,3,1.0,1.0,26,Entire home/apt,3.713572066704308,40.0
4,4.5,1,1,3,1.0,1.0,26,Entire home/apt,3.9318256327243257,50.0
2,5.0,0,1,3,1.0,1.0,26,Entire home/apt,3.713572066704308,40.0
3,4.5,1,1,3,1.0,1.0,26,Entire home/apt,3.9318256327243257,50.0
7,5.0,1,1,3,1.0,1.0,26,Entire home/apt,4.394449154672439,80.0
44,5.0,1,1,2,1.0,0.0,26,Entire home/apt,4.394449154672439,80.0
0,5.0,0,0,3,1.0,1.0,26,Entire home/apt,4.394449154672439,80.0
51,5.0,1,1,4,1.0,2.0,26,Private room,4.59511985013459,98.0
0,5.0,0,0,3,1.0,1.0,26,Entire home/apt,3.713572066704308,40.0
0,5.0,0,0,3,1.0,1.0,26,Entire home/apt,3.713572066704308,40.0
10,4.5,1,1,3,1.0,1.0,26,Entire home/apt,4.110873864173311,60.0
1,5.0,0,1,3,1.0,1.0,26,Entire home/apt,3.9318256327243257,50.0
4,5.0,1,1,3,1.0,1.0,26,Entire home/apt,3.9318256327243257,50.0
76,4.5,1,1,7,3.5,3.0,26,Entire home/apt,5.111987788356544,165.0
24,5.0,1,1,7,2.0,3.0,26,Entire home/apt,6.054439346269371,425.0
3,5.0,1,1,16,6.0,8.0,26,Entire home/apt,6.2166061010848646,500.0
34,5.0,1,1,2,1.0,1.0,32,Private room,3.8918202981106265,48.0
6,4.0,1,1,3,1.0,1.0,26,Entire home/apt,3.713572066704308,40.0
2,5.0,0,1,3,1.0,1.0,26,Entire home/apt,3.9318256327243257,50.0
10,5.0,1,1,3,1.0,1.0,26,Entire home/apt,3.9318256327243257,50.0
12,5.0,1,1,3,1.0,1.0,26,Entire home/apt,3.9318256327243257,50.0
1,5.0,0,1,3,1.0,1.0,26,Entire home/apt,3.9318256327243257,50.0
4,5.0,1,1,3,1.0,1.0,26,Entire home/apt,3.713572066704308,40.0
4,5.0,1,1,3,1.0,1.0,26,Entire home/apt,3.713572066704308,40.0
1,5.0,0,1,3,1.0,1.0,26,Entire home/apt,3.9318256327243257,50.0
2,5.0,0,1,3,1.0,1.0,26,Entire home/apt,3.9318256327243257,50.0
0,5.0,0,0,4,2.5,2.0,26,Entire home/apt,4.709530201312334,110.0
1,5.0,0,1,3,1.0,1.0,26,Entire home/apt,3.713572066704308,40.0
6,5.0,1,1,3,1.0,1.0,26,Entire home/apt,3.9318256327243257,50.0
10,5.0,1,1,10,2.5,5.0,26,Entire home/apt,6.2166061010848646,500.0
51,5.0,1,1,7,2.0,4.0,26,Entire home/apt,5.111987788356544,165.0
24,5.0,1,1,3,1.0,1.0,26,Entire home/apt,4.663439094112067,105.0
34,5.0,1,1,4,1.0,2.0,26,Entire home/apt,4.499809670330265,89.0
5,5.0,1,1,2,1.0,1.0,26,Entire home/apt,4.454347296253507,85.0
57,5.0,1,1,2,1.0,1.0,32,Private room,3.9889840465642745,53.0
67,5.0,1,1,2,1.0,1.0,26,Entire home/apt,3.828641396489095,45.0
93,5.0,1,1,2,1.0,1.0,26,Private room,4.110873864173311,60.0
1,5.0,0,1,6,3.0,4.0,26,Entire home/apt,5.993961427306569,400.0
14,4.5,1,1,1,1.0,1.0,27,Private room,3.9318256327243257,50.0
1,5.0,0,1,1,1.0,1.0,26,Private room,4.174387269895637,64.0
72,5.0,1,1,6,1.0,1.0,26,Entire home/apt,4.189654742026425,65.0
97,5.0,1,1,3,1.0,1.0,26,Entire home/apt,4.330733340286331,75.0
38,5.0,1,1,2,1.0,1.0,26,Private room,3.8918202981106265,48.0
140,5.0,1,1,2,1.0,0.0,26,Entire home/apt,4.0943445622221,59.0
31,5.0,1,1,4,2.0,3.0,26,Entire home/apt,4.430816798843313,83.0
11,5.0,1,1,1,1.0,1.0,26,Private room,4.02535169073515,55.0
25,5.0,1,1,4,1.0,2.0,26,Private room,4.499809670330265,89.0
74,5.0,1,1,4,1.0,1.0,26,Entire home/apt,4.919980925828125,136.0
81,4.5,1,1,3,1.0,0.0,26,Entire home/apt,4.04305126783455,56.0
6,4.5,1,1,7,3.0,3.0,26,Entire home/apt,5.220355825078324,184.0
65,5.0,1,1,2,1.0,1.0,26,Private room,3.828641396489095,45.0
41,5.0,1,1,8,1.5,4.0,26,Entire home/apt,5.525452939131784,250.0
0,5.0,0,0,4,1.5,2.0,26,Entire home/apt,4.948759890378168,140.0
2,5.0,0,1,1,1.0,1.0,26,Private room,3.828641396489095,45.0
10,4.0,1,1,5,1.0,2.0,25,Entire home/apt,4.77912349311153,118.0
42,5.0,1,1,2,1.0,1.0,26,Private room,4.189654742026425,65.0
19,5.0,1,1,2,1.0,1.0,26,Private room,4.02535169073515,55.0
69,5.0,1,1,4,1.0,0.0,26,Entire home/apt,4.110873864173311,60.0
9,5.0,1,1,2,1.5,2.0,26,Entire home/apt,4.564348191467836,95.0
59,4.5,1,1,7,2.0,2.0,26,Entire home/apt,4.836281906951478,125.0
42,5.0,1,1,4,1.5,2.0,26,Entire home/apt,4.948759890378168,140.0
2,5.0,0,1,2,1.0,1.0,26,Entire home/apt,4.709530201312334,110.0
6,5.0,1,1,2,1.0,1.0,26,Private room,4.454347296253507,85.0
2,5.0,0,1,2,1.0,1.0,26,Entire home/apt,4.430816798843313,83.0
130,5.0,1,1,2,1.0,1.0,26,Private room,3.332204510175204,27.0
42,5.0,1,1,2,1.0,1.0,26,Entire home/apt,3.828641396489095,45.0
104,4.5,1,1,2,1.0,0.0,26,Entire home/apt,4.330733340286331,75.0
5,4.0,1,1,2,1.0,1.0,26,Entire home/apt,4.836281906951478,125.0
61,5.0,1,1,3,1.0,1.0,27,Private room,3.713572066704308,40.0
11,5.0,1,1,10,3.0,5.0,26,Entire home/apt,6.054439346269371,425.0
100,5.0,1,1,5,2.0,2.0,26,Entire home/apt,4.762173934797756,116.0
83,5.0,1,1,6,1.0,2.0,26,Entire home/apt,4.564348191467836,95.0
3,5.0,1,1,2,1.0,1.0,26,Entire home/apt,4.976733742420574,144.0
120,5.0,1,1,4,1.0,1.0,26,Entire home/apt,4.700480365792417,109.0
15,4.5,1,1,2,1.0,1.0,26,Private room,5.170483995038151,175.0
57,5.0,1,1,4,1.0,1.0,26,Entire home/apt,3.9318256327243257,50.0
43,4.5,1,1,4,1.0,1.0,26,Entire home/apt,4.262679877041316,70.0
36,5.0,1,1,4,2.0,2.0,26,Entire home/apt,4.983606621708336,145.0
56,5.0,1,1,2,1.0,1.0,26,Entire home/apt,4.330733340286331,75.0
17,5.0,1,1,5,1.0,2.0,26,Entire home/apt,5.303304908059076,200.0
0,5.0,0,0,4,1.0,1.0,26,Entire home/apt,5.017279836814924,150.0
42,5.0,1,1,4,1.0,2.0,26,Entire home/apt,5.017279836814924,150.0
65,5.0,1,1,2,1.0,0.0,26,Entire home/apt,4.330733340286331,75.0
2,5.0,0,1,2,1.0,1.0,26,Private room,5.017279836814924,150.0
96,5.0,1,1,2,1.0,1.0,26,Entire home/apt,4.143134726391533,62.0
43,5.0,1,1,16,3.5,6.0,26,Entire home/apt,5.3981627015177525,220.0
1,5.0,0,1,6,1.5,3.0,26,Entire home/apt,5.017279836814924,150.0
36,5.0,1,1,6,1.0,2.0,26,Entire home/apt,4.7535901911063645,115.0
44,5.0,1,1,2,1.0,1.0,26,Entire home/apt,4.499809670330265,89.0
56,5.0,1,1,5,1.0,2.0,26,Entire home/apt,4.61512051684126,100.0
8,5.0,1,1,8,3.5,4.0,27,Entire home/apt,6.2166061010848646,500.0
2,5.0,0,1,4,2.0,2.0,26,Entire home/apt,4.736198448394496,113.0
0,5.0,0,0,5,1.0,3.0,26,Entire home/apt,4.418840607796598,82.0
72,5.0,1,1,4,1.0,1.0,26,Entire home/apt,4.262679877041316,70.0
6,5.0,1,1,6,2.0,3.0,26,Entire home/apt,5.420534999272286,225.0
120,5.0,1,1,2,1.0,1.0,26,Private room,3.828641396489095,45.0
36,5.0,1,1,6,1.5,3.0,26,Entire home/apt,4.709530201312334,110.0
3,5.0,1,1,2,1.0,1.0,25,Private room,4.110873864173311,60.0
102,5.0,1,1,3,1.0,1.0,26,Entire home/apt,4.04305126783455,56.0
29,5.0,1,1,3,1.0,1.0,27,Entire home/apt,4.330733340286331,75.0
11,4.5,1,1,2,1.0,1.0,26,Entire home/apt,4.189654742026425,65.0
8,5.0,1,1,5,2.0,2.0,26,Entire home/apt,4.718498871295094,111.0
56,5.0,1,1,2,1.0,1.0,26,Private room,4.02535169073515,55.0
62,5.0,1,1,2,1.0,1.0,26,Entire home/apt,4.330733340286331,75.0
15,4.5,1,1,4,1.0,2.0,26,Entire home/apt,4.836281906951478,125.0
19,5.0,1,1,2,1.5,1.0,26,Private room,3.688879454113936,39.0
3,5.0,1,1,4,1.5,2.0,26,Entire home/apt,4.3694478524670215,78.0
13,5.0,1,1,6,1.0,2.0,26,Entire home/apt,5.017279836814924,150.0
1,5.0,0,1,7,1.5,2.0,26,Entire home/apt,5.017279836814924,150.0
2,5.0,0,1,1,1.0,1.0,27,Private room,3.713572066704308,40.0
31,5.0,1,1,1,1.5,1.0,27,Private room,3.713572066704308,40.0
2,5.0,0,1,4,1.0,1.0,26,Entire home/apt,4.624972813284271,101.0
12,5.0,1,1,2,1.0,1.0,28,Entire home/apt,4.912654885736052,135.0
45,5.0,1,1,4,1.0,1.0,26,Entire home/apt,4.0943445622221,59.0
2,5.0,0,1,4,1.0,2.0,26,Entire home/apt,4.663439094112067,105.0
35,5.0,1,1,6,1.5,2.0,26,Entire home/apt,4.61512051684126,100.0
32,5.0,1,1,1,1.0,1.0,26,Private room,3.713572066704308,40.0
30,4.5,1,1,3,0.5,1.0,26,Entire home/apt,4.110873864173311,60.0
95,4.5,1,1,2,1.0,0.0,26,Entire home/apt,4.189654742026425,65.0
39,5.0,1,1,4,1.5,2.0,26,Entire home/apt,4.499809670330265,89.0
66,5.0,1,1,2,1.0,1.0,26,Private room,4.189654742026425,65.0
4,5.0,1,1,8,3.0,4.0,26,Entire home/apt,6.214608098422191,499.0
26,5.0,1,1,2,1.0,0.0,26,Entire home/apt,4.564348191467836,95.0
4,4.5,1,1,6,2.0,2.0,26,Entire home/apt,5.081404364984463,160.0
31,5.0,1,1,2,1.0,1.0,26,Entire home/apt,4.605170185988092,99.0
43,5.0,1,1,3,1.0,0.0,26,Entire home/apt,4.499809670330265,89.0
12,4.5,1,1,4,1.0,2.0,26,Entire home/apt,4.499809670330265,89.0
4,5.0,1,1,6,2.5,3.0,26,Entire home/apt,5.659482215759621,286.0
5,4.5,1,1,6,2.0,3.0,26,Entire home/apt,4.875197323201151,130.0
83,4.5,1,1,3,1.0,0.0,26,Entire home/apt,4.290459441148391,72.0
79,4.5,1,1,3,1.0,0.0,26,Entire home/apt,4.0943445622221,59.0
0,5.0,0,0,2,1.5,1.0,26,Private room,4.7535901911063645,115.0
95,5.0,1,1,3,1.0,1.0,26,Entire home/apt,4.499809670330265,89.0
27,5.0,1,1,2,1.0,1.0,26,Private room,3.912023005428146,49.0
48,5.0,1,1,12,2.5,5.0,26,Entire home/apt,5.564520407322694,260.0
1,5.0,0,1,7,1.0,3.0,26,Entire home/apt,4.394449154672439,80.0
5,5.0,1,1,4,1.0,1.0,26,Entire home/apt,4.836281906951478,125.0
8,5.0,1,1,4,1.0,2.0,27,Entire home/apt,4.499809670330265,89.0
12,4.5,1,1,5,1.0,2.0,26,Entire home/apt,4.564348191467836,95.0
3,5.0,1,1,2,1.0,1.0,26,Entire home/apt,4.795790545596741,120.0
54,4.5,1,1,7,1.0,1.0,26,Entire home/apt,3.6635616461296463,38.0
37,5.0,1,1,5,1.0,2.0,26,Entire home/apt,5.049856007249537,155.0
62,5.0,1,1,8,2.0,3.0,26,Entire home/apt,5.170483995038151,175.0
50,5.0,1,1,6,1.0,3.0,26,Entire home/apt,4.795790545596741,120.0
4,5.0,1,1,3,1.0,0.0,26,Entire home/apt,4.394449154672439,80.0
72,5.0,1,1,4,1.0,1.0,26,Entire home/apt,4.795790545596741,120.0
8,5.0,1,1,4,1.0,1.0,26,Entire home/apt,4.394449154672439,80.0
43,5.0,1,1,4,1.0,1.0,26,Entire home/apt,4.382026634673881,79.0
7,5.0,1,1,3,1.0,1.0,26,Entire home/apt,4.158883083359672,63.0
34,4.5,1,1,2,1.0,1.0,26,Private room,3.610917912644224,36.0
35,5.0,1,1,4,1.0,2.0,26,Entire home/apt,4.882801922586371,131.0
4,4.5,1,1,2,1.0,1.0,26,Entire home/apt,4.330733340286331,75.0
45,5.0,1,1,2,1.0,1.0,26,Entire home/apt,4.499809670330265,89.0
51,5.0,1,1,8,2.5,3.0,26,Entire home/apt,4.934473933130692,138.0
6,5.0,1,1,4,2.5,2.0,26,Entire home/apt,4.912654885736052,135.0
36,5.0,1,1,8,1.0,1.0,26,Entire home/apt,3.828641396489095,45.0
32,5.0,1,1,1,1.0,1.0,27,Private room,3.58351893845611,35.0
59,5.0,1,1,3,1.0,2.0,26,Entire home/apt,5.707110264748875,300.0
17,5.0,1,1,2,1.5,1.0,26,Entire home/apt,4.48863636973214,88.0
4,5.0,1,1,2,1.0,1.0,26,Entire home/apt,4.394449154672439,80.0
5,5.0,1,1,2,1.0,0.0,26,Entire home/apt,4.605170185988092,99.0
3,5.0,1,1,6,2.0,3.0,26,Entire home/apt,5.525452939131784,250.0
0,5.0,0,0,5,1.0,2.0,26,Entire home/apt,6.2166061010848646,500.0
58,4.5,1,1,3,1.0,0.0,26,Entire home/apt,4.51085950651685,90.0
27,4.5,1,1,3,1.0,0.0,26,Entire home/apt,4.110873864173311,60.0
55,5.0,1,1,2,1.0,0.0,26,Entire home/apt,4.262679877041316,70.0
5,5.0,1,1,5,2.0,2.0,26,Entire home/apt,4.61512051684126,100.0
1,5.0,0,1,3,1.0,1.0,26,Entire home/apt,4.394449154672439,80.0
3,4.5,1,1,3,1.0,0.0,26,Entire home/apt,4.262679877041316,70.0
30,5.0,1,1,5,1.0,2.0,26,Private room,4.382026634673881,79.0
30,5.0,1,1,4,1.5,2.0,26,Entire home/apt,4.890349128221754,132.0
62,4.5,1,1,2,2.0,1.0,25,Private room,3.4339872044851463,30.0
3,4.0,1,1,6,2.5,4.0,26,Entire home/apt,5.525452939131784,250.0
8,5.0,1,1,2,1.0,0.0,26,Entire home/apt,3.688879454113936,39.0
2,5.0,0,1,1,1.5,1.0,26,Shared room,4.262679877041316,70.0
6,4.5,1,1,5,1.0,2.0,26,Entire home/apt,4.875197323201151,130.0
1,5.0,0,1,1,1.0,1.0,26,Shared room,4.262679877041316,70.0
35,4.5,1,1,4,1.0,2.0,26,Entire home/apt,4.61512051684126,100.0
46,4.5,1,1,7,1.0,3.0,26,Entire home/apt,4.7535901911063645,115.0
85,5.0,1,1,6,1.0,2.0,26,Entire home/apt,4.605170185988092,99.0
16,5.0,1,1,6,2.0,3.0,26,Entire home/apt,4.912654885736052,135.0
61,5.0,1,1,2,1.0,1.0,26,Entire home/apt,4.51085950651685,90.0
9,5.0,1,1,2,1.0,1.0,27,Private room,4.110873864173311,60.0
14,4.5,1,1,4,1.0,1.0,26,Entire home/apt,5.081404364984463,160.0
63,5.0,1,1,2,1.0,1.0,26,Private room,3.58351893845611,35.0
55,5.0,1,1,3,1.0,0.0,26,Entire home/apt,4.330733340286331,75.0
98,5.0,1,1,2,1.0,1.0,26,Private room,3.784189633918261,43.0
5,5.0,1,1,4,2.5,2.0,26,Entire home/apt,5.017279836814924,150.0
19,5.0,1,1,3,1.0,1.0,26,Entire home/apt,4.330733340286331,75.0
43,5.0,1,1,5,2.0,1.0,25,Private room,3.713572066704308,40.0
1,5.0,0,1,2,1.0,1.0,26,Entire home/apt,4.110873864173311,60.0
3,5.0,1,1,4,2.0,2.0,26,Entire home/apt,5.19295685089021,179.0
3,3.5,1,1,3,1.0,1.0,26,Entire home/apt,4.61512051684126,100.0
22,5.0,1,1,3,1.0,1.0,26,Entire home/apt,4.61512051684126,100.0
10,4.5,1,1,3,1.0,1.0,26,Entire home/apt,4.61512051684126,100.0
17,4.5,1,1,2,1.0,1.0,26,Entire home/apt,4.948759890378168,140.0
19,4.5,1,1,2,1.0,1.0,26,Entire home/apt,4.700480365792417,109.0
18,4.5,1,1,5,1.5,2.0,26,Entire home/apt,5.19295685089021,179.0
18,4.5,1,1,2,1.0,1.0,26,Entire home/apt,4.31748811353631,74.0
11,5.0,1,1,2,1.5,1.0,26,Entire home/apt,4.31748811353631,74.0
8,5.0,1,1,2,1.0,1.0,26,Entire home/apt,4.189654742026425,65.0
4,4.5,1,1,2,1.0,1.0,26,Entire home/apt,4.189654742026425,65.0
35,5.0,1,1,2,1.5,2.0,26,Entire home/apt,5.017279836814924,150.0
4,5.0,1,1,2,1.5,1.0,28,Private room,3.6635616461296463,38.0
57,5.0,1,1,4,1.0,2.0,26,Entire home/apt,4.859812404361672,128.0
30,5.0,1,1,2,1.0,1.0,26,Shared room,3.4339872044851463,30.0
7,5.0,1,1,8,2.0,2.0,26,Entire home/apt,5.560681631015528,259.0
28,5.0,1,1,6,1.0,2.0,26,Entire home/apt,5.056245805348308,156.0
59,4.5,1,1,2,1.0,1.0,26,Private room,3.912023005428146,49.0
33,5.0,1,1,2,1.0,0.0,26,Entire home/apt,4.330733340286331,75.0
20,5.0,1,1,8,2.0,3.0,26,Entire home/apt,5.493061443340548,242.0
49,5.0,1,1,6,1.0,0.0,27,Entire home/apt,4.23410650459726,68.0
97,5.0,1,1,2,1.0,1.0,26,Private room,3.912023005428146,49.0
34,5.0,1,1,2,1.0,1.0,26,Private room,4.02535169073515,55.0
6,5.0,1,1,8,2.0,2.0,26,Entire home/apt,5.493061443340548,242.0
46,5.0,1,1,8,2.5,3.0,26,Entire home/apt,5.420534999272286,225.0
91,5.0,1,1,6,1.0,2.0,26,Entire home/apt,4.605170185988092,99.0
4,5.0,1,1,1,1.0,1.0,26,Private room,3.713572066704308,40.0
49,4.0,1,1,2,1.5,1.0,26,Private room,3.258096538021482,25.0
1,5.0,0,1,11,2.5,3.0,26,Entire home/apt,4.454347296253507,85.0
130,5.0,1,1,2,1.0,1.0,26,Private room,4.02535169073515,55.0
10,5.0,1,1,6,2.0,2.0,26,Entire home/apt,5.634789603169249,279.0
0,5.0,0,0,3,1.0,1.0,26,Entire home/apt,4.394449154672439,80.0
31,4.5,1,1,6,1.0,2.0,26,Entire home/apt,4.61512051684126,100.0
21,5.0,1,1,4,1.5,1.0,26,Private room,4.23410650459726,68.0
37,5.0,1,1,4,2.0,1.0,25,Private room,4.02535169073515,55.0
38,5.0,1,1,3,2.0,1.0,25,Private room,3.4339872044851463,30.0
0,5.0,0,0,1,1.0,1.0,26,Private room,4.04305126783455,56.0
19,4.5,1,1,10,1.0,3.0,26,Entire home/apt,5.303304908059076,200.0
26,5.0,1,1,8,2.5,4.0,27,Entire home/apt,4.248495242049359,69.0
50,4.5,1,1,3,1.0,1.0,26,Entire home/apt,4.110873864173311,60.0
1,5.0,0,1,4,1.0,1.0,26,Entire home/apt,4.7535901911063645,115.0
74,5.0,1,1,3,1.5,1.0,26,Private room,4.174387269895637,64.0
2,5.0,0,1,2,1.0,1.0,26,Entire home/apt,4.919980925828125,136.0
4,5.0,1,1,2,1.0,1.0,26,Entire home/apt,4.812184355372417,122.0
5,4.5,1,1,2,1.0,1.0,26,Entire home/apt,4.51085950651685,90.0
0,5.0,0,0,4,2.0,3.0,26,Entire home/apt,4.795790545596741,120.0
3,4.0,1,1,4,1.0,1.0,26,Entire home/apt,4.672828834461906,106.0
2,5.0,0,1,2,1.0,0.0,26,Entire home/apt,4.709530201312334,110.0
56,5.0,1,1,3,1.0,0.0,26,Entire home/apt,4.110873864173311,60.0
1,5.0,0,1,4,1.0,1.0,26,Entire home/apt,4.624972813284271,101.0
0,5.0,0,0,2,1.0,0.0,26,Entire home/apt,4.709530201312334,110.0
2,5.0,0,1,2,1.0,0.0,26,Entire home/apt,4.61512051684126,100.0
1,5.0,0,1,2,1.0,0.0,26,Entire home/apt,4.709530201312334,110.0
0,5.0,0,0,4,1.0,1.0,26,Entire home/apt,4.624972813284271,101.0
1,5.0,0,1,2,1.0,0.0,26,Entire home/apt,4.709530201312334,110.0
2,5.0,0,1,4,1.0,1.0,26,Entire home/apt,4.653960350157523,104.0
0,5.0,0,0,4,1.0,1.0,26,Entire home/apt,4.653960350157523,104.0
10,4.0,1,1,6,2.0,2.0,26,Entire home/apt,5.017279836814924,150.0
5,4.5,1,1,6,2.0,2.0,26,Entire home/apt,4.795790545596741,120.0
4,4.0,1,1,6,2.0,2.0,26,Entire home/apt,4.709530201312334,110.0
62,4.5,1,1,2,1.0,1.0,26,Entire home/apt,3.9318256327243257,50.0
88,4.5,1,1,2,1.0,0.0,26,Entire home/apt,4.23410650459726,68.0
93,5.0,1,1,2,1.0,1.0,26,Private room,3.58351893845611,35.0
69,5.0,1,1,4,1.0,2.0,26,Entire home/apt,4.454347296253507,85.0
56,5.0,1,1,4,1.0,1.0,27,Entire home/apt,4.605170185988092,99.0
26,5.0,1,1,2,1.0,1.0,27,Entire home/apt,4.382026634673881,79.0
35,5.0,1,1,3,1.0,0.0,26,Entire home/apt,4.584967478670572,97.0
45,5.0,1,1,4,1.0,0.0,26,Entire home/apt,4.912654885736052,135.0
65,4.5,1,1,2,1.0,0.0,26,Entire home/apt,4.110873864173311,60.0
65,5.0,1,1,2,1.0,1.0,26,Private room,3.9318256327243257,50.0
3,5.0,1,1,1,3.0,1.0,26,Private room,3.4339872044851463,30.0
24,4.5,1,1,2,1.0,1.0,27,Entire home/apt,4.343805421853684,76.0
91,4.5,1,1,2,1.0,0.0,26,Entire home/apt,4.189654742026425,65.0
56,5.0,1,1,2,1.0,1.0,26,Private room,3.4011973816621555,29.0
107,5.0,1,1,3,1.0,1.0,26,Entire home/apt,4.356708826689592,77.0
77,5.0,1,1,3,1.0,1.0,26,Entire home/apt,4.454347296253507,85.0
6,5.0,1,1,2,1.0,0.0,26,Entire home/apt,4.330733340286331,75.0
7,4.0,1,1,2,1.0,0.0,26,Entire home/apt,4.330733340286331,75.0
8,5.0,1,1,4,1.5,2.0,26,Private room,4.61512051684126,100.0
31,4.5,1,1,6,1.0,2.0,26,Entire home/apt,4.605170185988092,99.0
2,5.0,0,1,2,1.0,1.0,26,Entire home/apt,4.454347296253507,85.0
117,5.0,1,1,2,2.0,1.0,25,Private room,3.4339872044851463,30.0
0,5.0,0,0,2,1.0,1.0,26,Entire home/apt,4.442651256490317,84.0
1,5.0,0,1,2,1.0,1.0,26,Entire home/apt,4.442651256490317,84.0
3,2.5,1,1,2,1.0,1.0,26,Entire home/apt,4.442651256490317,84.0
6,5.0,1,1,4,1.0,1.0,26,Entire home/apt,4.553876891600541,94.0
30,5.0,1,1,5,1.0,1.0,26,Entire home/apt,4.382026634673881,79.0
24,5.0,1,1,2,1.0,1.0,26,Entire home/apt,4.330733340286331,75.0
22,4.5,1,1,2,1.0,1.0,27,Private room,4.382026634673881,79.0
43,5.0,1,1,7,2.0,2.0,26,Entire home/apt,5.420534999272286,225.0
45,4.5,1,1,7,1.5,3.0,26,Entire home/apt,4.867534450455582,129.0
4,5.0,1,1,4,1.0,2.0,26,Entire home/apt,4.812184355372417,122.0
55,5.0,1,1,3,1.0,1.0,26,Entire home/apt,3.713572066704308,40.0
27,5.0,1,1,12,2.0,3.0,27,Entire home/apt,4.795790545596741,120.0
26,4.5,1,1,2,1.0,1.0,26,Private room,3.258096538021482,25.0
42,4.5,1,1,2,1.0,0.0,26,Entire home/apt,3.9318256327243257,50.0
8,5.0,1,1,2,1.0,1.0,27,Entire home/apt,4.564348191467836,95.0
74,4.5,1,1,2,1.0,0.0,26,Entire home/apt,4.007333185232471,54.0
5,5.0,1,1,4,1.0,1.0,26,Entire home/apt,5.225746673713202,185.0
54,4.5,1,1,10,2.0,5.0,26,Entire home/apt,5.556828061699537,258.0
29,5.0,1,1,2,1.0,1.0,26,Private room,3.912023005428146,49.0
101,4.5,1,1,4,1.0,0.0,26,Entire home/apt,4.110873864173311,60.0
51,5.0,1,1,2,1.0,0.0,26,Entire home/apt,4.02535169073515,55.0
6,4.5,1,1,4,1.0,1.0,26,Entire home/apt,4.61512051684126,100.0
5,4.5,1,1,2,1.0,1.0,26,Entire home/apt,4.442651256490317,84.0
21,5.0,1,1,7,1.0,2.0,26,Entire home/apt,4.382026634673881,79.0
34,5.0,1,1,2,1.0,1.0,26,Private room,4.330733340286331,75.0
80,5.0,1,1,2,1.0,0.0,26,Entire home/apt,3.951243718581428,51.0
16,5.0,1,1,4,1.0,1.0,26,Entire home/apt,4.51085950651685,90.0
0,5.0,0,0,6,2.0,2.0,26,Entire home/apt,4.820281565605037,123.0
2,5.0,0,1,3,1.0,1.0,26,Entire home/apt,3.713572066704308,40.0
102,4.5,1,1,2,1.0,0.0,26,Entire home/apt,4.189654742026425,65.0
0,5.0,0,0,3,1.0,1.0,26,Entire home/apt,4.394449154672439,80.0
1,5.0,0,1,3,1.0,1.0,26,Entire home/apt,3.713572066704308,40.0
0,5.0,0,0,3,1.0,1.0,26,Entire home/apt,4.394449154672439,80.0
0,5.0,0,0,3,1.0,1.0,26,Entire home/apt,4.875197323201151,130.0
1,5.0,0,1,3,1.0,1.0,26,Entire home/apt,4.394449154672439,80.0
34,5.0,1,1,2,1.5,1.0,26,Private room,3.688879454113936,39.0
12,5.0,1,1,6,1.5,2.0,26,Entire home/apt,5.375278407684165,215.0
24,5.0,1,1,6,2.0,2.0,26,Entire home/apt,4.605170185988092,99.0
9,5.0,1,1,2,1.0,1.0,26,Entire home/apt,4.709530201312334,110.0
90,5.0,1,1,5,1.0,2.0,26,Entire home/apt,3.912023005428146,49.0
1,5.0,0,1,1,1.0,1.0,26,Private room,3.58351893845611,35.0
65,5.0,1,1,4,1.0,2.0,26,Entire home/apt,3.9318256327243257,50.0
2,5.0,0,1,3,1.0,1.0,26,Entire home/apt,3.713572066704308,40.0
2,5.0,0,1,3,1.0,1.0,26,Entire home/apt,3.713572066704308,40.0
11,4.5,1,1,3,1.0,1.0,26,Entire home/apt,3.713572066704308,40.0
1,5.0,0,1,1,1.0,1.0,26,Private room,3.828641396489095,45.0
7,4.0,1,1,3,1.0,1.0,26,Entire home/apt,3.9318256327243257,50.0
3,5.0,1,1,2,1.0,1.0,26,Entire home/apt,5.298317366548036,199.0
7,4.5,1,1,3,1.0,1.0,26,Entire home/apt,3.9318256327243257,50.0
7,4.5,1,1,3,1.0,1.0,26,Entire home/apt,3.713572066704308,40.0
0,5.0,0,0,3,1.0,1.0,26,Entire home/apt,4.394449154672439,80.0
27,5.0,1,1,3,1.0,1.0,26,Entire home/apt,4.836281906951478,125.0
29,5.0,1,1,4,1.0,1.0,26,Entire home/apt,4.248495242049359,69.0
20,4.5,1,1,6,2.5,4.0,26,Entire home/apt,5.081404364984463,160.0
4,5.0,1,1,6,3.5,4.0,32,Entire home/apt,5.707110264748875,300.0
0,5.0,0,0,3,1.0,1.0,26,Entire home/apt,3.713572066704308,40.0
24,5.0,1,1,3,1.0,1.0,26,Entire home/apt,4.394449154672439,80.0
34,5.0,1,1,8,2.5,4.0,26,Entire home/apt,5.525452939131784,250.0
4,5.0,1,1,3,1.0,1.0,26,Entire home/apt,4.394449154672439,80.0
0,5.0,0,0,3,1.0,1.0,26,Entire home/apt,3.9318256327243257,50.0
53,5.0,1,1,1,1.0,1.0,26,Private room,3.555348061489413,34.0
39,5.0,1,1,2,1.0,0.0,26,Entire home/apt,4.110873864173311,60.0
3,4.5,1,1,2,1.0,1.0,26,Entire home/apt,4.127134385045092,61.0
6,5.0,1,1,4,1.0,1.0,26,Entire home/apt,4.709530201312334,110.0
14,5.0,1,1,5,1.0,2.0,26,Entire home/apt,4.795790545596741,120.0
53,5.0,1,1,4,1.0,2.0,26,Entire home/apt,4.454347296253507,85.0
25,5.0,1,1,2,1.0,1.0,26,Entire home/apt,4.948759890378168,140.0
39,5.0,1,1,3,1.0,1.0,26,Private room,4.02535169073515,55.0
2,5.0,0,1,4,2.0,2.0,26,Entire home/apt,5.723585101952381,305.0
27,5.0,1,1,8,2.0,3.0,26,Entire home/apt,5.303304908059076,200.0
29,5.0,1,1,1,1.0,1.0,26,Private room,3.4339872044851463,30.0
71,5.0,1,1,2,1.0,0.0,26,Entire home/apt,3.951243718581428,51.0
82,4.5,1,1,2,1.0,0.0,26,Entire home/apt,4.262679877041316,70.0
47,4.0,1,1,2,1.0,1.0,27,Private room,3.367295829986474,28.0
18,5.0,1,1,10,3.5,5.0,26,Entire home/apt,5.525452939131784,250.0
3,5.0,1,1,2,1.0,0.0,26,Entire home/apt,4.912654885736052,135.0
5,4.5,1,1,3,1.0,1.0,26,Entire home/apt,4.394449154672439,80.0
51,5.0,1,1,6,2.0,3.0,26,Entire home/apt,4.77912349311153,118.0
4,5.0,1,1,2,1.0,1.0,26,Entire home/apt,4.663439094112067,105.0
41,5.0,1,1,9,3.0,4.0,32,Entire home/apt,5.525452939131784,250.0
11,3.5,1,1,1,1.0,1.0,26,Shared room,3.258096538021482,25.0
5,4.5,1,1,4,2.0,3.0,26,Private room,5.017279836814924,150.0
12,4.5,1,1,1,1.0,1.0,26,Shared room,3.258096538021482,25.0
20,5.0,1,1,10,2.0,4.0,26,Entire home/apt,5.802118375377063,330.0
9,4.5,1,1,2,1.0,1.0,26,Private room,4.262679877041316,70.0
54,5.0,1,1,2,1.0,0.0,26,Entire home/apt,4.61512051684126,100.0
54,5.0,1,1,6,1.0,2.0,26,Entire home/apt,4.406719247264253,81.0
49,5.0,1,1,2,1.0,0.0,26,Entire home/apt,4.262679877041316,70.0
102,5.0,1,1,3,1.0,1.0,26,Entire home/apt,4.23410650459726,68.0
40,4.5,1,1,2,1.0,0.0,26,Entire home/apt,3.9318256327243257,50.0
50,4.5,1,1,2,1.0,0.0,26,Entire home/apt,4.110873864173311,60.0
77,4.5,1,1,2,1.0,0.0,26,Entire home/apt,4.262679877041316,70.0
16,5.0,1,1,4,1.5,1.0,26,Entire home/apt,4.605170185988092,99.0
80,5.0,1,1,6,1.0,2.0,26,Entire home/apt,4.330733340286331,75.0
60,5.0,1,1,2,1.5,1.0,26,Entire home/apt,4.330733340286331,75.0
54,4.5,1,1,2,1.0,1.0,26,Entire home/apt,4.248495242049359,69.0
29,4.5,1,1,2,1.0,1.0,26,Private room,4.189654742026425,65.0
9,4.5,1,1,2,1.0,1.0,28,Private room,4.02535169073515,55.0
10,5.0,1,1,4,1.0,2.0,26,Entire home/apt,4.394449154672439,80.0
4,5.0,1,1,10,2.5,3.0,26,Entire home/apt,6.126869184114185,457.0
2,5.0,0,1,4,1.0,1.0,26,Entire home/apt,4.605170185988092,99.0
11,5.0,1,1,6,1.0,2.0,26,Entire home/apt,5.7899601708972535,326.0
10,5.0,1,1,9,3.0,4.0,30,Entire home/apt,5.857933154483459,349.0
46,5.0,1,1,5,2.0,2.0,26,Entire home/apt,5.488937726156687,241.0
17,5.0,1,1,2,1.0,1.0,26,Entire home/apt,4.330733340286331,75.0
65,4.5,1,1,4,1.0,0.0,26,Entire home/apt,3.9318256327243257,50.0
49,4.5,1,1,5,1.0,0.0,26,Entire home/apt,3.9318256327243257,50.0
0,5.0,0,0,15,4.0,4.0,26,Entire home/apt,5.786897381366708,325.0
1,5.0,0,1,5,1.0,1.0,26,Private room,4.0943445622221,59.0
0,5.0,0,0,2,1.0,1.0,26,Private room,4.02535169073515,55.0
1,5.0,0,1,3,1.0,1.0,26,Private room,4.0943445622221,59.0
2,5.0,0,1,3,1.0,1.0,26,Private room,4.0943445622221,59.0
28,4.5,1,1,6,1.5,2.0,26,Entire home/apt,4.736198448394496,113.0
42,5.0,1,1,2,1.0,1.0,26,Private room,3.6375861597263857,37.0
36,5.0,1,1,2,1.0,1.0,26,Private room,3.6375861597263857,37.0
8,4.5,1,1,2,1.0,1.0,26,Entire home/apt,4.61512051684126,100.0
0,5.0,0,0,2,1.0,1.0,27,Private room,4.330733340286331,75.0
31,5.0,1,1,2,1.0,1.0,27,Private room,4.110873864173311,60.0
40,5.0,1,1,4,1.0,2.0,26,Entire home/apt,4.543294782270004,93.0
15,5.0,1,1,2,1.0,1.0,26,Entire home/apt,4.189654742026425,65.0
39,5.0,1,1,2,1.0,1.0,26,Entire home/apt,4.564348191467836,95.0
10,5.0,1,1,5,2.0,2.0,26,Entire home/apt,4.941642422609304,139.0
9,5.0,1,1,4,1.0,1.0,26,Entire home/apt,4.330733340286331,75.0
48,5.0,1,1,4,2.5,2.0,26,Entire home/apt,5.438079308923196,229.0
21,5.0,1,1,2,1.0,0.0,26,Entire home/apt,4.454347296253507,85.0
30,5.0,1,1,2,1.0,1.0,26,Private room,4.110873864173311,60.0
69,4.5,1,1,4,1.0,1.0,26,Entire home/apt,4.442651256490317,84.0
23,5.0,1,1,2,1.0,1.0,26,Private room,3.737669618283368,41.0
48,5.0,1,1,2,1.0,1.0,26,Private room,3.7612001156935615,42.0
26,5.0,1,1,2,1.5,1.0,26,Private room,3.951243718581428,51.0
0,5.0,0,0,4,1.0,0.0,26,Entire home/apt,5.043425116919247,154.0
0,5.0,0,0,4,1.0,0.0,26,Entire home/apt,5.043425116919247,154.0
36,5.0,1,1,7,2.5,3.0,26,Entire home/apt,5.111987788356544,165.0
53,5.0,1,1,2,1.0,1.0,26,Private room,4.127134385045092,61.0
94,5.0,1,1,2,1.0,1.0,26,Entire home/apt,3.912023005428146,49.0
18,5.0,1,1,2,1.0,1.0,26,Entire home/apt,4.7535901911063645,115.0
6,5.0,1,1,1,1.0,1.0,26,Private room,3.4339872044851463,30.0
26,5.0,1,1,2,1.0,0.0,26,Entire home/apt,4.394449154672439,80.0
34,5.0,1,1,10,3.5,4.0,26,Entire home/apt,5.6240175061873385,276.0
0,5.0,0,0,7,4.0,3.0,26,Entire home/apt,5.525452939131784,250.0
6,4.5,1,1,5,1.0,2.0,27,Entire home/apt,4.499809670330265,89.0
54,5.0,1,1,2,1.0,0.0,26,Entire home/apt,4.61512051684126,100.0
73,4.5,1,1,2,1.0,1.0,26,Entire home/apt,4.110873864173311,60.0
48,4.5,1,1,3,1.0,1.0,26,Entire home/apt,3.9318256327243257,50.0
2,5.0,0,1,4,1.0,2.0,26,Entire home/apt,5.117993812416755,166.0
75,5.0,1,1,5,2.0,2.0,26,Entire home/apt,4.51085950651685,90.0
7,5.0,1,1,7,2.0,3.0,26,Entire home/apt,5.170483995038151,175.0
54,5.0,1,1,2,1.0,1.0,26,Entire home/apt,4.795790545596741,120.0
16,4.5,1,1,2,1.0,1.0,26,Entire home/apt,4.394449154672439,80.0
2,5.0,0,1,2,1.0,1.0,27,Private room,3.9318256327243257,50.0
67,5.0,1,1,4,1.0,1.0,26,Entire home/apt,4.406719247264253,81.0
29,5.0,1,1,6,2.5,3.0,26,Entire home/apt,5.198497031265826,180.0
20,5.0,1,1,2,1.0,0.0,26,Entire home/apt,4.51085950651685,90.0
0,5.0,0,0,1,1.0,1.0,27,Private room,4.330733340286331,75.0
17,4.5,1,1,4,1.0,2.0,26,Entire home/apt,4.77912349311153,118.0
46,4.5,1,1,6,1.0,2.0,26,Entire home/apt,4.04305126783455,56.0
17,5.0,1,1,2,1.0,1.0,26,Private room,3.80666248977032,44.0
0,5.0,0,0,4,1.0,2.0,26,Private room,4.867534450455582,129.0
2,5.0,0,1,2,1.0,1.0,26,Entire home/apt,5.298317366548036,199.0
74,5.0,1,1,3,1.0,1.0,26,Entire home/apt,4.0943445622221,59.0
42,4.5,1,1,8,2.0,2.0,26,Entire home/apt,5.010635294096256,149.0
11,4.5,1,1,3,1.0,1.0,26,Entire home/apt,4.406719247264253,81.0
3,3.5,1,1,3,1.0,1.0,26,Entire home/apt,4.406719247264253,81.0
2,5.0,0,1,3,1.0,1.0,26,Entire home/apt,4.406719247264253,81.0
4,4.5,1,1,3,1.0,1.0,26,Entire home/apt,4.406719247264253,81.0
29,4.5,1,1,7,1.0,2.0,26,Entire home/apt,4.394449154672439,80.0
108,5.0,1,1,4,1.0,0.0,26,Entire home/apt,4.394449154672439,80.0
31,4.5,1,1,8,2.5,3.0,26,Entire home/apt,5.293304824724492,198.0
55,5.0,1,1,2,1.0,1.0,26,Private room,3.912023005428146,49.0
0,5.0,0,0,3,1.0,1.0,26,Entire home/apt,4.51085950651685,90.0
21,5.0,1,1,14,3.0,6.0,28,Entire home/apt,6.133398042996649,460.0
54,5.0,1,1,2,1.0,1.0,26,Entire home/apt,4.189654742026425,65.0
69,5.0,1,1,4,2.0,2.0,26,Entire home/apt,4.605170185988092,99.0
30,5.0,1,1,2,1.0,1.0,26,Entire home/apt,4.330733340286331,75.0
65,5.0,1,1,4,1.0,2.0,26,Entire home/apt,4.605170185988092,99.0
4,5.0,1,1,2,1.0,1.0,26,Entire home/apt,4.61512051684126,100.0
1,5.0,0,1,5,2.0,2.0,26,Entire home/apt,5.017279836814924,150.0
1,5.0,0,1,5,2.0,2.0,26,Entire home/apt,5.017279836814924,150.0
3,4.5,1,1,5,2.0,2.0,26,Entire home/apt,5.017279836814924,150.0
4,4.0,1,1,5,2.0,2.0,26,Entire home/apt,5.017279836814924,150.0
4,3.5,1,1,5,2.0,2.0,26,Entire home/apt,5.017279836814924,150.0
10,5.0,1,1,2,1.0,1.0,27,Entire home/apt,4.454347296253507,85.0
5,5.0,1,1,2,1.0,1.0,26,Entire home/apt,3.9889840465642745,53.0
70,4.5,1,1,3,1.0,1.0,26,Entire home/apt,4.394449154672439,80.0
0,5.0,0,0,5,1.0,2.0,26,Entire home/apt,4.61512051684126,100.0
0,5.0,0,0,3,1.0,1.0,26,Entire home/apt,4.262679877041316,70.0
0,5.0,0,0,3,1.0,1.0,26,Entire home/apt,4.262679877041316,70.0
0,5.0,0,0,3,1.0,1.0,26,Entire home/apt,4.262679877041316,70.0
1,5.0,0,1,3,1.0,1.0,26,Entire home/apt,4.262679877041316,70.0
30,5.0,1,1,4,2.5,2.0,27,Entire home/apt,4.941642422609304,139.0
2,5.0,0,1,3,1.0,1.0,26,Entire home/apt,4.262679877041316,70.0
0,5.0,0,0,5,2.0,2.0,26,Entire home/apt,4.61512051684126,100.0
2,5.0,0,1,5,2.0,2.0,26,Entire home/apt,4.61512051684126,100.0
0,5.0,0,0,3,1.0,1.0,26,Entire home/apt,4.262679877041316,70.0
2,5.0,0,1,5,2.0,2.0,26,Entire home/apt,4.61512051684126,100.0
4,5.0,1,1,3,1.0,1.0,26,Entire home/apt,4.262679877041316,70.0
0,5.0,0,0,5,2.0,2.0,26,Entire home/apt,5.799092654460526,329.0
0,5.0,0,0,5,2.0,2.0,26,Entire home/apt,4.61512051684126,100.0
0,5.0,0,0,5,2.0,2.0,26,Entire home/apt,4.61512051684126,100.0
0,5.0,0,0,3,1.0,1.0,26,Entire home/apt,4.262679877041316,70.0
0,5.0,0,0,3,1.0,1.0,26,Entire home/apt,4.262679877041316,70.0
1,5.0,0,1,5,1.0,2.0,26,Entire home/apt,4.61512051684126,100.0
1,5.0,0,1,3,1.0,1.0,26,Entire home/apt,4.262679877041316,70.0
0,5.0,0,0,5,2.0,2.0,26,Entire home/apt,5.298317366548036,199.0
0,5.0,0,0,3,1.0,1.0,26,Entire home/apt,4.262679877041316,70.0
1,5.0,0,1,3,1.0,1.0,26,Entire home/apt,4.262679877041316,70.0
0,5.0,0,0,3,1.0,1.0,26,Entire home/apt,4.262679877041316,70.0
0,5.0,0,0,3,1.0,1.0,26,Entire home/apt,4.262679877041316,70.0
1,5.0,0,1,3,1.0,1.0,26,Entire home/apt,4.276666119016055,71.0
1,5.0,0,1,3,1.0,0.0,26,Entire home/apt,4.262679877041316,70.0
1,5.0,0,1,3,1.0,0.0,26,Entire home/apt,4.262679877041316,70.0
0,5.0,0,0,3,1.0,1.0,26,Entire home/apt,4.262679877041316,70.0
2,5.0,0,1,3,1.0,0.0,26,Entire home/apt,4.262679877041316,70.0
0,5.0,0,0,3,1.0,1.0,26,Entire home/apt,4.262679877041316,70.0
1,5.0,0,1,5,2.0,2.0,26,Entire home/apt,4.6443908991413725,103.0
0,5.0,0,0,3,1.0,1.0,26,Entire home/apt,4.262679877041316,70.0
24,4.5,1,1,4,1.0,2.0,26,Entire home/apt,4.795790545596741,120.0
62,5.0,1,1,10,2.0,3.0,26,Entire home/apt,4.890349128221754,132.0
12,5.0,1,1,6,2.5,3.0,28,Entire home/apt,5.666426688112432,288.0
95,5.0,1,1,3,1.0,1.0,26,Private room,3.58351893845611,35.0
21,5.0,1,1,4,1.0,2.0,26,Entire home/apt,4.836281906951478,125.0
10,5.0,1,1,4,1.0,0.0,26,Entire home/apt,4.454347296253507,85.0
15,5.0,1,1,2,1.0,1.0,26,Entire home/apt,4.61512051684126,100.0
9,5.0,1,1,2,1.0,1.0,26,Entire home/apt,4.189654742026425,65.0
26,5.0,1,1,2,1.0,1.0,26,Entire home/apt,4.330733340286331,75.0
12,5.0,1,1,2,1.0,1.0,26,Entire home/apt,4.477336814478207,87.0
46,5.0,1,1,2,1.0,1.0,25,Entire home/apt,3.912023005428146,49.0
26,5.0,1,1,5,2.0,1.0,26,Entire home/apt,4.23410650459726,68.0
23,5.0,1,1,2,1.0,1.0,26,Entire home/apt,4.394449154672439,80.0
7,5.0,1,1,2,1.0,1.0,26,Entire home/apt,4.262679877041316,70.0
67,5.0,1,1,2,1.0,1.0,26,Entire home/apt,4.110873864173311,60.0
4,5.0,1,1,2,1.0,1.0,26,Entire home/apt,4.663439094112067,105.0
6,4.5,1,1,12,2.5,4.0,26,Entire home/apt,4.867534450455582,129.0
41,4.5,1,1,6,1.0,2.0,26,Entire home/apt,4.454347296253507,85.0
11,5.0,1,1,6,2.0,3.0,26,Entire home/apt,4.59511985013459,98.0
76,5.0,1,1,4,2.0,2.0,26,Entire home/apt,5.010635294096256,149.0
46,5.0,1,1,2,1.0,1.0,26,Private room,4.110873864173311,60.0
49,5.0,1,1,2,1.0,1.0,26,Private room,4.262679877041316,70.0
0,5.0,0,0,3,1.0,1.0,26,Entire home/apt,4.51085950651685,90.0
0,5.0,0,0,3,1.0,1.0,26,Entire home/apt,4.51085950651685,90.0
0,5.0,0,0,3,1.0,1.0,26,Entire home/apt,4.51085950651685,90.0
0,5.0,0,0,3,1.0,1.0,26,Entire home/apt,4.51085950651685,90.0
47,4.5,1,1,3,1.0,0.0,26,Entire home/apt,4.48863636973214,88.0
0,5.0,0,0,3,1.0,1.0,26,Entire home/apt,4.262679877041316,70.0
2,5.0,0,1,3,1.0,1.0,26,Entire home/apt,4.262679877041316,70.0
1,5.0,0,1,3,1.0,1.0,26,Entire home/apt,4.262679877041316,70.0
0,5.0,0,0,3,1.0,1.0,26,Entire home/apt,4.262679877041316,70.0
0,5.0,0,0,3,1.0,1.0,26,Entire home/apt,4.262679877041316,70.0
0,5.0,0,0,3,1.0,1.0,26,Entire home/apt,4.262679877041316,70.0
2,5.0,0,1,3,1.0,1.0,26,Entire home/apt,4.262679877041316,70.0
0,5.0,0,0,3,1.0,1.0,26,Entire home/apt,4.262679877041316,70.0
0,5.0,0,0,3,1.0,1.0,26,Entire home/apt,4.262679877041316,70.0
1,5.0,0,1,3,1.0,1.0,26,Entire home/apt,4.262679877041316,70.0
0,5.0,0,0,3,1.0,1.0,26,Entire home/apt,4.330733340286331,75.0
0,5.0,0,0,3,1.0,1.0,26,Entire home/apt,4.330733340286331,75.0
0,5.0,0,0,3,1.0,1.0,26,Entire home/apt,4.262679877041316,70.0
0,5.0,0,0,3,1.0,1.0,26,Entire home/apt,4.262679877041316,70.0
0,5.0,0,0,5,2.0,2.0,26,Entire home/apt,5.298317366548036,199.0
0,5.0,0,0,3,1.0,1.0,26,Entire home/apt,4.262679877041316,70.0
0,5.0,0,0,3,1.0,1.0,26,Entire home/apt,4.262679877041316,70.0
0,5.0,0,0,3,1.0,1.0,26,Entire home/apt,4.262679877041316,70.0
1,5.0,0,1,3,1.0,1.0,26,Entire home/apt,4.262679877041316,70.0
4,5.0,1,1,5,1.0,2.0,26,Entire home/apt,4.61512051684126,100.0
2,5.0,0,1,3,1.0,1.0,26,Entire home/apt,4.262679877041316,70.0
1,5.0,0,1,5,1.0,2.0,26,Entire home/apt,4.61512051684126,100.0
0,5.0,0,0,3,1.0,1.0,26,Entire home/apt,4.762173934797756,116.0
3,5.0,1,1,5,2.0,2.0,26,Entire home/apt,4.804021044733257,121.0
12,5.0,1,1,3,1.0,0.0,26,Entire home/apt,4.262679877041316,70.0
0,5.0,0,0,3,1.0,1.0,26,Entire home/apt,4.477336814478207,87.0
0,5.0,0,0,3,1.0,1.0,26,Entire home/apt,4.477336814478207,87.0
0,5.0,0,0,3,1.0,1.0,26,Entire home/apt,4.262679877041316,70.0
0,5.0,0,0,5,2.0,2.0,26,Entire home/apt,4.61512051684126,100.0
1,5.0,0,1,5,2.0,2.0,26,Entire home/apt,4.61512051684126,100.0
1,5.0,0,1,5,2.0,2.0,26,Entire home/apt,4.6443908991413725,103.0
0,5.0,0,0,3,1.0,1.0,26,Entire home/apt,4.406719247264253,81.0
1,5.0,0,1,5,2.0,2.0,26,Entire home/apt,4.6443908991413725,103.0
0,5.0,0,0,3,1.0,1.0,26,Entire home/apt,4.406719247264253,81.0
0,5.0,0,0,3,1.0,1.0,26,Entire home/apt,4.262679877041316,70.0
1,5.0,0,1,3,1.0,1.0,26,Entire home/apt,4.31748811353631,74.0
1,5.0,0,1,3,1.0,1.0,26,Entire home/apt,4.31748811353631,74.0
2,5.0,0,1,3,1.0,1.0,26,Entire home/apt,4.31748811353631,74.0
0,5.0,0,0,3,1.0,1.0,26,Entire home/apt,4.31748811353631,74.0
0,5.0,0,0,3,1.0,1.0,26,Entire home/apt,4.262679877041316,70.0
1,5.0,0,1,3,1.0,1.0,26,Entire home/apt,4.262679877041316,70.0
0,5.0,0,0,5,2.0,2.0,26,Entire home/apt,4.61512051684126,100.0
1,5.0,0,1,5,2.0,2.0,26,Entire home/apt,4.61512051684126,100.0
0,5.0,0,0,5,2.0,2.0,26,Entire home/apt,4.6443908991413725,103.0
2,5.0,0,1,5,2.0,2.0,26,Entire home/apt,4.61512051684126,100.0
3,5.0,1,1,3,1.0,1.0,26,Entire home/apt,4.262679877041316,70.0
0,5.0,0,0,3,1.0,1.0,26,Entire home/apt,4.262679877041316,70.0
0,5.0,0,0,3,1.0,1.0,26,Entire home/apt,4.262679877041316,70.0
0,5.0,0,0,3,1.0,1.0,26,Entire home/apt,4.262679877041316,70.0
0,5.0,0,0,3,1.0,1.0,26,Entire home/apt,4.262679877041316,70.0
0,5.0,0,0,3,1.0,1.0,26,Entire home/apt,4.262679877041316,70.0
1,5.0,0,1,5,1.0,2.0,26,Entire home/apt,4.61512051684126,100.0
0,5.0,0,0,3,1.0,1.0,26,Entire home/apt,4.262679877041316,70.0
2,5.0,0,1,3,1.0,1.0,26,Entire home/apt,4.262679877041316,70.0
0,5.0,0,0,3,1.0,1.0,26,Entire home/apt,4.262679877041316,70.0
0,5.0,0,0,3,1.0,1.0,26,Entire home/apt,4.262679877041316,70.0
0,5.0,0,0,3,1.0,1.0,26,Entire home/apt,4.262679877041316,70.0
0,5.0,0,0,5,2.0,2.0,26,Entire home/apt,4.61512051684126,100.0
1,5.0,0,1,5,2.0,2.0,26,Entire home/apt,4.61512051684126,100.0
1,5.0,0,1,3,1.0,1.0,26,Entire home/apt,4.262679877041316,70.0
0,5.0,0,0,3,1.0,1.0,26,Entire home/apt,4.262679877041316,70.0
0,5.0,0,0,3,1.0,1.0,26,Entire home/apt,4.262679877041316,70.0
1,5.0,0,1,3,1.0,1.0,26,Entire home/apt,4.262679877041316,70.0
1,5.0,0,1,3,1.0,1.0,26,Entire home/apt,4.262679877041316,70.0
0,5.0,0,0,3,1.0,1.0,26,Entire home/apt,4.262679877041316,70.0
1,5.0,0,1,3,1.0,0.0,26,Entire home/apt,4.262679877041316,70.0
0,5.0,0,0,5,2.0,2.0,26,Entire home/apt,4.61512051684126,100.0
0,5.0,0,0,3,1.0,1.0,26,Entire home/apt,4.262679877041316,70.0
0,5.0,0,0,3,1.0,1.0,26,Entire home/apt,4.262679877041316,70.0
1,5.0,0,1,3,1.0,1.0,26,Entire home/apt,4.262679877041316,70.0
0,5.0,0,0,3,1.0,1.0,26,Entire home/apt,4.276666119016055,71.0
0,5.0,0,0,3,1.0,1.0,26,Entire home/apt,4.262679877041316,70.0
1,5.0,0,1,3,1.0,1.0,26,Entire home/apt,4.262679877041316,70.0
0,5.0,0,0,3,1.0,1.0,26,Entire home/apt,4.262679877041316,70.0
2,5.0,0,1,5,1.0,2.0,26,Entire home/apt,4.61512051684126,100.0
0,5.0,0,0,3,1.0,1.0,26,Entire home/apt,4.262679877041316,70.0
3,4.0,1,1,3,1.0,0.0,26,Entire home/apt,4.262679877041316,70.0
4,5.0,1,1,5,2.0,2.0,26,Entire home/apt,4.61512051684126,100.0
0,5.0,0,0,3,1.0,1.0,26,Entire home/apt,4.31748811353631,74.0
5,4.5,1,1,3,1.0,1.0,26,Entire home/apt,4.31748811353631,74.0
4,5.0,1,1,3,1.0,1.0,26,Entire home/apt,4.262679877041316,70.0
1,5.0,0,1,3,1.0,1.0,26,Entire home/apt,4.262679877041316,70.0
0,5.0,0,0,3,1.0,1.0,26,Entire home/apt,4.262679877041316,70.0
0,5.0,0,0,3,1.0,1.0,26,Entire home/apt,4.262679877041316,70.0
3,4.5,1,1,3,1.0,1.0,26,Entire home/apt,4.262679877041316,70.0
2,5.0,0,1,5,1.0,2.0,26,Entire home/apt,4.61512051684126,100.0
0,5.0,0,0,3,1.0,1.0,26,Entire home/apt,4.262679877041316,70.0
0,5.0,0,0,5,2.0,2.0,26,Entire home/apt,4.61512051684126,100.0
54,5.0,1,1,3,1.0,1.0,26,Entire home/apt,4.262679877041316,70.0
41,5.0,1,1,5,1.0,0.0,26,Entire home/apt,4.04305126783455,56.0
23,4.0,1,1,4,1.0,2.0,26,Entire home/apt,4.836281906951478,125.0
112,5.0,1,1,1,2.0,1.0,26,Private room,3.49650756146648,32.0
34,4.5,1,1,5,1.0,2.0,26,Entire home/apt,4.564348191467836,95.0
39,4.5,1,1,6,2.0,2.0,26,Entire home/apt,4.836281906951478,125.0
117,5.0,1,1,3,1.0,1.0,26,Entire home/apt,4.663439094112067,105.0
113,5.0,1,1,2,2.0,1.0,26,Private room,3.688879454113936,39.0
14,5.0,1,1,2,1.0,1.0,26,Entire home/apt,4.430816798843313,83.0
70,5.0,1,1,6,1.0,2.0,26,Entire home/apt,4.290459441148391,72.0
0,5.0,0,0,2,1.0,1.0,26,Private room,3.713572066704308,40.0
41,5.0,1,1,5,2.0,3.0,26,Entire home/apt,4.795790545596741,120.0
41,5.0,1,1,5,1.0,2.0,26,Entire home/apt,4.394449154672439,80.0
13,4.5,1,1,6,1.0,2.0,26,Entire home/apt,4.691347882229144,108.0
1,5.0,0,1,5,2.0,2.0,26,Entire home/apt,5.049856007249537,155.0
1,5.0,0,1,6,2.0,2.0,26,Entire home/apt,4.867534450455582,129.0
1,5.0,0,1,7,2.0,3.0,26,Entire home/apt,5.313205979041787,202.0
1,5.0,0,1,4,1.0,1.0,26,Entire home/apt,4.418840607796598,82.0
2,5.0,0,1,4,1.0,1.0,26,Entire home/apt,4.418840607796598,82.0
2,5.0,0,1,6,2.5,2.0,26,Entire home/apt,4.787491742782046,119.0
1,5.0,0,1,4,1.0,1.0,26,Entire home/apt,4.624972813284271,101.0
1,5.0,0,1,4,1.0,1.0,26,Entire home/apt,4.418840607796598,82.0
0,5.0,0,0,5,2.0,2.0,26,Entire home/apt,5.049856007249537,155.0
1,5.0,0,1,4,1.0,1.0,26,Entire home/apt,4.418840607796598,82.0
1,5.0,0,1,4,1.0,1.0,26,Entire home/apt,4.418840607796598,82.0
0,5.0,0,0,4,1.0,1.0,26,Entire home/apt,4.691347882229144,108.0
1,5.0,0,1,4,1.0,1.0,26,Entire home/apt,4.90527477843843,134.0
0,5.0,0,0,4,1.0,1.0,26,Entire home/apt,4.584967478670572,97.0
3,4.5,1,1,6,2.0,2.0,26,Entire home/apt,4.77912349311153,118.0
8,5.0,1,1,4,1.0,1.0,26,Entire home/apt,5.3471075307174685,209.0
2,5.0,0,1,4,1.5,2.0,26,Entire home/apt,4.454347296253507,85.0
87,4.5,1,1,6,1.0,2.0,26,Entire home/apt,4.663439094112067,105.0
3,5.0,1,1,1,1.0,1.0,27,Private room,4.02535169073515,55.0
23,5.0,1,1,2,1.0,0.0,26,Entire home/apt,4.262679877041316,70.0
1,5.0,0,1,1,1.0,0.0,26,Entire home/apt,4.61512051684126,100.0
106,5.0,1,1,4,1.0,1.0,26,Entire home/apt,4.465908118654584,86.0
13,4.5,1,1,2,1.0,1.0,26,Private room,4.110873864173311,60.0
13,4.5,1,1,3,1.0,1.0,26,Private room,4.499809670330265,89.0
7,5.0,1,1,8,1.5,3.0,26,Entire home/apt,5.170483995038151,175.0
29,5.0,1,1,2,1.0,1.0,26,Entire home/apt,4.454347296253507,85.0
13,5.0,1,1,3,1.0,1.0,26,Entire home/apt,4.875197323201151,130.0
4,5.0,1,1,2,1.0,0.0,26,Entire home/apt,4.787491742782046,119.0
4,5.0,1,1,4,2.5,2.0,27,Entire home/apt,5.111987788356544,165.0
21,5.0,1,1,2,1.0,1.0,26,Private room,4.248495242049359,69.0
54,5.0,1,1,4,1.0,0.0,26,Entire home/apt,4.262679877041316,70.0
3,5.0,1,1,1,1.0,1.0,26,Private room,4.59511985013459,98.0
26,5.0,1,1,3,1.0,1.0,26,Entire home/apt,4.564348191467836,95.0
16,5.0,1,1,3,1.0,1.0,26,Entire home/apt,4.330733340286331,75.0
0,5.0,0,0,2,1.0,1.0,26,Entire home/apt,4.442651256490317,84.0
2,5.0,0,1,4,1.0,1.0,26,Entire home/apt,4.574710978503383,96.0
3,4.5,1,1,2,1.0,1.0,26,Entire home/apt,4.442651256490317,84.0
3,4.5,1,1,2,1.0,1.0,26,Entire home/apt,4.532599493153256,92.0
53,5.0,1,1,4,1.0,1.0,26,Entire home/apt,4.262679877041316,70.0
17,5.0,1,1,2,1.0,1.0,26,Entire home/apt,4.454347296253507,85.0
4,5.0,1,1,4,2.0,3.0,26,Entire home/apt,4.787491742782046,119.0
5,4.5,1,1,2,1.0,0.0,26,Entire home/apt,3.9318256327243257,50.0
49,5.0,1,1,2,1.0,0.0,26,Entire home/apt,4.564348191467836,95.0
58,5.0,1,1,2,1.0,0.0,26,Entire home/apt,4.02535169073515,55.0
3,5.0,1,1,2,1.0,1.0,26,Entire home/apt,4.770684624465665,117.0
5,4.5,1,1,4,1.0,1.0,26,Entire home/apt,5.087596335232384,161.0
0,5.0,0,0,2,1.0,1.0,26,Entire home/apt,4.836281906951478,125.0
4,5.0,1,1,2,1.0,1.0,26,Entire home/apt,4.454347296253507,85.0
11,5.0,1,1,2,1.0,1.0,26,Private room,4.394449154672439,80.0
40,5.0,1,1,2,1.0,1.0,26,Private room,3.9318256327243257,50.0
0,5.0,0,0,1,1.0,1.0,26,Private room,4.189654742026425,65.0
6,5.0,1,1,2,1.0,1.0,26,Private room,4.51085950651685,90.0
51,4.5,1,1,3,1.0,0.0,26,Entire home/apt,3.9318256327243257,50.0
33,5.0,1,1,2,1.0,1.0,26,Private room,4.330733340286331,75.0
34,4.5,1,1,4,1.0,1.0,26,Entire home/apt,4.727387818712341,112.0
14,4.5,1,1,4,1.0,1.0,26,Entire home/apt,4.3694478524670215,78.0
10,5.0,1,1,2,1.0,1.0,26,Private room,4.51085950651685,90.0
131,4.5,1,1,6,1.0,2.0,26,Entire home/apt,4.248495242049359,69.0
12,5.0,1,1,10,2.0,4.0,26,Entire home/apt,5.111987788356544,165.0
61,5.0,1,1,4,1.0,1.0,26,Private room,4.709530201312334,110.0
105,5.0,1,1,2,1.0,1.0,26,Private room,3.4011973816621555,29.0
2,5.0,0,1,8,1.5,4.0,26,Entire home/apt,5.707110264748875,300.0
14,5.0,1,1,12,2.5,5.0,26,Entire home/apt,5.955837369464831,385.0
1,5.0,0,1,4,1.0,1.0,26,Entire home/apt,4.61512051684126,100.0
0,5.0,0,0,4,1.0,1.0,26,Entire home/apt,4.61512051684126,100.0
4,4.5,1,1,4,1.0,1.0,26,Entire home/apt,4.61512051684126,100.0
1,5.0,0,1,4,1.0,1.0,26,Entire home/apt,4.61512051684126,100.0
0,5.0,0,0,4,1.0,1.0,26,Entire home/apt,4.61512051684126,100.0
1,5.0,0,1,4,1.0,1.0,26,Entire home/apt,4.61512051684126,100.0
2,5.0,0,1,4,1.0,1.0,26,Entire home/apt,4.61512051684126,100.0
1,5.0,0,1,4,1.0,1.0,26,Entire home/apt,4.61512051684126,100.0
3,5.0,1,1,4,1.0,1.0,26,Entire home/apt,4.836281906951478,125.0
3,4.5,1,1,4,1.0,1.0,26,Entire home/apt,4.61512051684126,100.0
3,4.5,1,1,8,3.0,4.0,27,Entire home/apt,5.525452939131784,250.0
25,5.0,1,1,2,1.0,1.0,26,Entire home/apt,4.007333185232471,54.0
49,5.0,1,1,3,1.0,1.0,26,Entire home/apt,4.605170185988092,99.0
8,5.0,1,1,3,1.0,2.0,26,Entire home/apt,4.836281906951478,125.0
75,5.0,1,1,2,1.0,0.0,26,Entire home/apt,4.110873864173311,60.0
79,5.0,1,1,6,1.5,2.0,26,Entire home/apt,4.941642422609304,139.0
70,4.5,1,1,4,1.0,1.0,26,Entire home/apt,4.276666119016055,71.0
45,4.5,1,1,2,1.0,1.0,26,Entire home/apt,3.912023005428146,49.0
0,5.0,0,0,4,1.0,1.0,26,Entire home/apt,4.605170185988092,99.0
6,5.0,1,1,6,1.0,3.0,28,Entire home/apt,4.672828834461906,106.0
12,4.5,1,1,2,2.0,1.0,26,Private room,3.713572066704308,40.0
8,5.0,1,1,2,1.0,1.0,26,Private room,3.58351893845611,35.0
0,5.0,0,0,4,1.0,0.0,26,Entire home/apt,4.59511985013459,98.0
61,4.5,1,1,2,1.0,0.0,26,Entire home/apt,4.189654742026425,65.0
42,5.0,1,1,3,1.0,1.0,26,Entire home/apt,4.875197323201151,130.0
27,5.0,1,1,2,1.0,1.0,26,Private room,3.912023005428146,49.0
36,5.0,1,1,3,1.0,1.0,26,Entire home/apt,4.499809670330265,89.0
2,5.0,0,1,8,4.0,4.0,26,Entire home/apt,6.2166061010848646,500.0
71,5.0,1,1,4,1.0,0.0,26,Entire home/apt,4.836281906951478,125.0
2,5.0,0,1,6,2.5,3.0,26,Entire home/apt,5.303304908059076,200.0
44,5.0,1,1,4,1.0,1.0,26,Entire home/apt,4.248495242049359,69.0
2,5.0,0,1,2,1.0,1.0,26,Entire home/apt,4.454347296253507,85.0
3,4.5,1,1,2,1.0,1.0,26,Entire home/apt,4.454347296253507,85.0
94,5.0,1,1,3,1.0,1.0,26,Entire home/apt,4.7535901911063645,115.0
2,5.0,0,1,2,1.5,1.0,27,Private room,5.159055299214529,173.0
6,5.0,1,1,5,1.0,1.0,26,Entire home/apt,5.14166355650266,170.0
8,4.5,1,1,2,1.0,1.0,28,Private room,4.007333185232471,54.0
46,4.0,1,1,4,1.0,1.0,26,Entire home/apt,4.653960350157523,104.0
5,5.0,1,1,2,1.0,1.0,26,Private room,4.23410650459726,68.0
4,4.5,1,1,3,1.0,1.0,26,Entire home/apt,4.812184355372417,122.0
1,5.0,0,1,8,2.5,4.0,27,Entire home/apt,5.017279836814924,150.0
131,4.5,1,1,2,1.0,1.0,26,Entire home/apt,4.248495242049359,69.0
41,4.0,1,1,2,1.0,1.0,26,Entire home/apt,4.110873864173311,60.0
35,4.5,1,1,4,2.0,2.0,26,Entire home/apt,5.700443573390687,298.0
71,5.0,1,1,2,1.5,1.0,26,Private room,3.258096538021482,25.0
74,5.0,1,1,2,1.5,1.0,26,Private room,3.49650756146648,32.0
5,5.0,1,1,2,1.0,1.0,26,Entire home/apt,4.787491742782046,119.0
67,4.5,1,1,4,1.0,1.0,26,Entire home/apt,4.418840607796598,82.0
20,5.0,1,1,6,1.0,2.0,26,Entire home/apt,4.90527477843843,134.0
19,5.0,1,1,2,1.0,0.0,26,Entire home/apt,4.912654885736052,135.0
63,5.0,1,1,2,1.0,1.0,26,Private room,3.828641396489095,45.0
14,5.0,1,1,2,1.0,1.0,27,Private room,4.02535169073515,55.0
2,5.0,0,1,6,2.5,3.0,26,Entire home/apt,5.0238805208462765,151.0
55,5.0,1,1,2,1.0,1.0,26,Entire home/apt,4.248495242049359,69.0
5,5.0,1,1,2,1.0,1.0,26,Entire home/apt,4.406719247264253,81.0
85,5.0,1,1,2,1.0,1.0,26,Entire home/apt,4.394449154672439,80.0
59,5.0,1,1,4,1.0,2.0,27,Entire home/apt,4.330733340286331,75.0
65,4.5,1,1,2,1.0,1.0,26,Entire home/apt,4.442651256490317,84.0
17,5.0,1,1,2,1.0,1.0,26,Entire home/apt,4.5217885770490405,91.0
11,5.0,1,1,6,2.0,2.0,26,Entire home/apt,4.663439094112067,105.0
0,5.0,0,0,4,2.0,4.0,26,Entire home/apt,4.795790545596741,120.0
55,5.0,1,1,6,2.5,2.0,26,Entire home/apt,4.787491742782046,119.0
0,5.0,0,0,8,2.5,4.0,27,Entire home/apt,5.303304908059076,200.0
45,5.0,1,1,7,1.0,3.0,26,Entire home/apt,4.624972813284271,101.0
42,5.0,1,1,4,1.0,1.0,26,Entire home/apt,4.330733340286331,75.0
12,5.0,1,1,4,1.0,1.0,26,Entire home/apt,4.394449154672439,80.0
27,5.0,1,1,6,2.5,3.0,26,Entire home/apt,5.62040086571715,275.0
4,5.0,1,1,6,1.5,2.0,27,Entire home/apt,5.831882477283517,340.0
9,5.0,1,1,8,2.0,4.0,26,Entire home/apt,5.204006687076795,181.0
56,5.0,1,1,6,3.5,3.0,26,Entire home/apt,5.393627546352362,219.0
21,5.0,1,1,4,2.0,2.0,27,Entire home/apt,4.836281906951478,125.0
29,5.0,1,1,2,2.0,1.0,26,Private room,4.787491742782046,119.0
84,5.0,1,1,2,1.0,1.0,26,Entire home/apt,4.290459441148391,72.0
1,5.0,0,1,6,2.0,2.0,26,Entire home/apt,4.74493212836325,114.0
36,4.5,1,1,3,1.0,1.0,26,Entire home/apt,4.262679877041316,70.0
8,4.5,1,1,2,1.0,1.0,26,Entire home/apt,4.454347296253507,85.0
46,5.0,1,1,3,1.0,1.0,26,Entire home/apt,4.262679877041316,70.0
38,5.0,1,1,4,1.0,1.0,26,Entire home/apt,4.948759890378168,140.0
10,5.0,1,1,4,1.0,1.0,26,Entire home/apt,5.71042701737487,301.0
81,5.0,1,1,2,1.0,1.0,25,Private room,3.6375861597263857,37.0
20,5.0,1,1,2,1.0,1.0,26,Entire home/apt,4.61512051684126,100.0
42,5.0,1,1,2,1.0,1.0,26,Private room,3.9318256327243257,50.0
61,5.0,1,1,6,1.5,3.0,26,Entire home/apt,4.912654885736052,135.0
7,5.0,1,1,2,1.0,1.0,26,Entire home/apt,4.454347296253507,85.0
7,5.0,1,1,2,1.0,1.0,26,Entire home/apt,4.454347296253507,85.0
20,5.0,1,1,4,1.0,1.0,26,Entire home/apt,4.262679877041316,70.0
13,5.0,1,1,2,1.0,1.0,26,Entire home/apt,4.330733340286331,75.0
64,5.0,1,1,2,1.0,1.0,26,Entire home/apt,4.48863636973214,88.0
1,5.0,0,1,2,1.0,1.0,26,Entire home/apt,4.454347296253507,85.0
47,5.0,1,1,4,1.0,2.0,26,Entire home/apt,4.795790545596741,120.0
2,5.0,0,1,6,2.0,2.0,26,Entire home/apt,4.897839799950911,133.0
29,5.0,1,1,3,1.0,1.0,26,Entire home/apt,4.189654742026425,65.0
3,4.5,1,1,7,2.0,3.0,26,Entire home/apt,5.25227342804663,190.0
79,5.0,1,1,3,1.0,1.0,26,Entire home/apt,4.23410650459726,68.0
3,4.5,1,1,5,2.0,2.0,26,Entire home/apt,4.983606621708336,145.0
2,5.0,0,1,2,1.0,1.0,26,Entire home/apt,4.454347296253507,85.0
38,4.5,1,1,6,1.0,3.0,27,Entire home/apt,4.454347296253507,85.0
2,5.0,0,1,2,1.0,1.0,26,Entire home/apt,4.454347296253507,85.0
0,5.0,0,0,2,1.0,1.0,26,Entire home/apt,4.454347296253507,85.0
3,4.5,1,1,2,1.0,1.0,26,Private room,4.007333185232471,54.0
2,5.0,0,1,2,1.0,1.0,26,Private room,3.9318256327243257,50.0
1,5.0,0,1,2,1.0,1.0,26,Entire home/apt,4.454347296253507,85.0
2,5.0,0,1,2,1.0,1.0,26,Entire home/apt,4.454347296253507,85.0
7,5.0,1,1,2,1.0,1.0,26,Entire home/apt,4.454347296253507,85.0
10,5.0,1,1,6,1.5,2.0,26,Entire home/apt,4.912654885736052,135.0
5,5.0,1,1,6,1.5,2.0,26,Private room,4.787491742782046,119.0
24,4.5,1,1,8,1.0,3.0,26,Entire home/apt,5.093750200806762,162.0
8,5.0,1,1,2,1.0,1.0,26,Entire home/apt,4.454347296253507,85.0
1,5.0,0,1,2,1.0,1.0,26,Entire home/apt,4.454347296253507,85.0
2,5.0,0,1,2,1.0,1.0,26,Entire home/apt,4.454347296253507,85.0
1,5.0,0,1,2,1.0,1.0,26,Entire home/apt,4.454347296253507,85.0
1,5.0,0,1,2,1.0,1.0,26,Entire home/apt,4.454347296253507,85.0
0,5.0,0,0,2,1.0,1.0,26,Entire home/apt,4.454347296253507,85.0
13,5.0,1,1,4,1.0,1.0,26,Entire home/apt,4.7535901911063645,115.0
2,5.0,0,1,3,1.0,1.0,26,Entire home/apt,4.59511985013459,98.0
95,5.0,1,1,6,1.0,2.0,26,Entire home/apt,4.51085950651685,90.0
43,5.0,1,1,6,1.0,2.0,26,Entire home/apt,5.017279836814924,150.0
10,5.0,1,1,4,1.0,1.0,28,Entire home/apt,4.454347296253507,85.0
19,5.0,1,1,2,1.0,0.0,26,Entire home/apt,4.553876891600541,94.0
63,5.0,1,1,5,2.0,2.0,26,Entire home/apt,5.170483995038151,175.0
44,5.0,1,1,8,2.0,3.0,26,Entire home/apt,5.0369526024136295,153.0
8,5.0,1,1,8,2.0,2.0,26,Entire home/apt,4.48863636973214,88.0
6,4.5,1,1,5,1.0,1.0,26,Private room,4.02535169073515,55.0
18,5.0,1,1,2,1.0,1.0,26,Entire home/apt,4.110873864173311,60.0
6,4.5,1,1,3,1.0,1.0,26,Private room,4.02535169073515,55.0
0,5.0,0,0,8,1.0,2.0,26,Entire home/apt,5.14166355650266,170.0
3,4.5,1,1,2,1.0,1.0,26,Entire home/apt,4.454347296253507,85.0
65,5.0,1,1,2,1.0,1.0,26,Entire home/apt,4.07753744390572,58.0
3,4.5,1,1,2,1.0,1.0,26,Entire home/apt,4.454347296253507,85.0
9,4.5,1,1,2,1.0,1.0,26,Entire home/apt,4.454347296253507,85.0
0,5.0,0,0,2,1.0,1.0,26,Private room,5.298317366548036,199.0
5,5.0,1,1,2,1.0,1.0,26,Private room,3.828641396489095,45.0
1,5.0,0,1,2,0.0,1.0,26,Private room,5.075173815233827,159.0
0,5.0,0,0,3,0.0,1.0,26,Private room,5.19295685089021,179.0
42,5.0,1,1,4,1.0,1.0,26,Entire home/apt,4.189654742026425,65.0
2,5.0,0,1,2,1.0,1.0,26,Entire home/apt,4.454347296253507,85.0
2,5.0,0,1,2,1.0,1.0,26,Entire home/apt,4.454347296253507,85.0
12,5.0,1,1,2,1.0,1.0,26,Entire home/apt,4.454347296253507,85.0
3,5.0,1,1,2,1.0,1.0,26,Entire home/apt,4.454347296253507,85.0
12,5.0,1,1,2,1.0,1.0,26,Entire home/apt,4.454347296253507,85.0
3,5.0,1,1,2,1.0,1.0,26,Entire home/apt,4.454347296253507,85.0
14,5.0,1,1,2,1.0,1.0,26,Entire home/apt,4.454347296253507,85.0
12,5.0,1,1,2,1.0,1.0,26,Entire home/apt,4.454347296253507,85.0
6,5.0,1,1,2,1.0,1.0,26,Entire home/apt,4.454347296253507,85.0
3,5.0,1,1,2,1.0,1.0,26,Entire home/apt,4.454347296253507,85.0
8,4.5,1,1,2,1.0,1.0,26,Entire home/apt,4.454347296253507,85.0
5,4.5,1,1,2,1.0,1.0,26,Entire home/apt,4.454347296253507,85.0
4,5.0,1,1,2,1.0,1.0,26,Entire home/apt,4.454347296253507,85.0
23,5.0,1,1,2,1.0,1.0,26,Entire home/apt,4.454347296253507,85.0
8,5.0,1,1,2,1.0,0.0,26,Entire home/apt,4.454347296253507,85.0
6,4.5,1,1,4,1.0,2.0,26,Entire home/apt,4.477336814478207,87.0
9,5.0,1,1,3,1.0,0.0,26,Entire home/apt,4.912654885736052,135.0
131,5.0,1,1,2,2.0,1.0,25,Private room,3.332204510175204,27.0
60,5.0,1,1,12,3.0,4.0,26,Entire home/apt,5.303304908059076,200.0
49,5.0,1,1,4,1.0,2.0,26,Entire home/apt,4.0943445622221,59.0
43,5.0,1,1,4,1.0,0.0,26,Entire home/apt,4.174387269895637,64.0
11,5.0,1,1,6,2.0,3.0,26,Entire home/apt,5.860786223465865,350.0
0,5.0,0,0,2,1.0,1.0,26,Entire home/apt,4.454347296253507,85.0
9,4.5,1,1,2,1.0,1.0,26,Entire home/apt,4.454347296253507,85.0
5,5.0,1,1,2,1.0,1.0,26,Entire home/apt,4.454347296253507,85.0
5,4.0,1,1,2,1.0,1.0,26,Entire home/apt,4.454347296253507,85.0
6,4.5,1,1,2,1.0,1.0,26,Entire home/apt,4.454347296253507,85.0
10,5.0,1,1,2,1.0,1.0,26,Entire home/apt,4.454347296253507,85.0
4,5.0,1,1,2,1.0,1.0,26,Entire home/apt,4.454347296253507,85.0
13,5.0,1,1,2,1.0,1.0,26,Entire home/apt,4.454347296253507,85.0
15,4.5,1,1,5,1.0,2.0,26,Entire home/apt,4.262679877041316,70.0
8,5.0,1,1,5,1.0,2.0,26,Entire home/apt,4.394449154672439,80.0
7,5.0,1,1,2,1.0,1.0,26,Entire home/apt,4.454347296253507,85.0
11,5.0,1,1,2,1.0,1.0,26,Entire home/apt,4.454347296253507,85.0
12,4.5,1,1,5,1.0,2.0,26,Entire home/apt,4.394449154672439,80.0
30,5.0,1,1,2,1.0,1.0,26,Entire home/apt,4.262679877041316,70.0
64,5.0,1,1,6,1.0,3.0,26,Entire home/apt,5.017279836814924,150.0
103,5.0,1,1,2,2.0,1.0,26,Private room,3.6635616461296463,38.0
21,5.0,1,1,4,1.5,2.0,26,Entire home/apt,4.672828834461906,106.0
0,5.0,0,0,2,1.0,0.0,26,Entire home/apt,4.51085950651685,90.0
4,5.0,1,1,2,1.0,1.0,26,Entire home/apt,4.795790545596741,120.0
14,5.0,1,1,6,1.0,1.0,26,Private room,3.828641396489095,45.0
30,5.0,1,1,4,1.0,1.0,26,Entire home/apt,4.59511985013459,98.0
26,4.5,1,1,4,1.0,0.0,26,Entire home/apt,4.48863636973214,88.0
60,5.0,1,1,6,2.0,2.0,26,Entire home/apt,5.068904202220232,158.0
1,5.0,0,1,4,2.0,3.0,32,Entire home/apt,4.61512051684126,100.0
45,5.0,1,1,2,1.0,1.0,26,Private room,3.7612001156935615,42.0
3,5.0,1,1,1,1.0,1.0,26,Private room,3.49650756146648,32.0
79,5.0,1,1,2,1.0,1.0,26,Private room,3.912023005428146,49.0
16,4.5,1,1,2,1.0,1.0,26,Entire home/apt,4.189654742026425,65.0
7,4.5,1,1,1,1.0,1.0,26,Private room,4.394449154672439,80.0
4,5.0,1,1,4,1.0,0.0,26,Private room,4.394449154672439,80.0
81,5.0,1,1,2,1.0,0.0,26,Entire home/apt,4.382026634673881,79.0
54,5.0,1,1,2,1.0,0.0,26,Entire home/apt,3.737669618283368,41.0
64,5.0,1,1,2,1.0,1.0,26,Private room,3.4339872044851463,30.0
21,4.5,1,1,6,1.0,2.0,26,Entire home/apt,4.7535901911063645,115.0
72,5.0,1,1,4,1.0,1.0,26,Entire home/apt,4.499809670330265,89.0
9,4.5,1,1,4,2.0,2.0,26,Entire home/apt,4.844187086458591,126.0
22,4.5,1,1,2,1.0,1.0,26,Entire home/apt,4.262679877041316,70.0
12,4.5,1,1,2,1.0,1.0,26,Private room,3.9318256327243257,50.0
15,4.5,1,1,2,1.0,1.0,27,Private room,3.828641396489095,45.0
5,5.0,1,1,10,2.0,3.0,26,Entire home/apt,5.081404364984463,160.0
33,4.5,1,1,2,1.0,1.0,28,Entire home/apt,4.330733340286331,75.0
48,5.0,1,1,3,1.0,1.0,26,Entire home/apt,4.02535169073515,55.0
8,5.0,1,1,4,1.0,2.0,26,Entire home/apt,4.820281565605037,123.0
3,4.5,1,1,5,2.0,2.0,26,Entire home/apt,4.983606621708336,145.0
53,5.0,1,1,3,1.0,1.0,26,Entire home/apt,4.174387269895637,64.0
0,5.0,0,0,4,1.0,1.0,26,Entire home/apt,4.836281906951478,125.0
44,5.0,1,1,2,1.0,1.0,26,Private room,3.9318256327243257,50.0
51,5.0,1,1,2,1.0,1.0,26,Private room,3.258096538021482,25.0
49,5.0,1,1,2,1.0,1.0,26,Private room,3.258096538021482,25.0
34,5.0,1,1,2,1.0,0.0,26,Entire home/apt,4.382026634673881,79.0
50,5.0,1,1,4,1.0,1.0,26,Entire home/apt,4.934473933130692,138.0
21,4.5,1,1,4,1.0,1.0,26,Private room,3.912023005428146,49.0
76,5.0,1,1,2,1.0,0.0,26,Entire home/apt,3.9889840465642745,53.0
18,5.0,1,1,3,1.0,1.0,26,Entire home/apt,4.61512051684126,100.0
3,5.0,1,1,4,1.0,2.0,26,Entire home/apt,4.624972813284271,101.0
31,5.0,1,1,3,1.0,1.0,26,Entire home/apt,4.912654885736052,135.0
52,5.0,1,1,4,1.0,0.0,26,Entire home/apt,4.290459441148391,72.0
70,5.0,1,1,12,3.0,4.0,26,Entire home/apt,4.31748811353631,74.0
49,5.0,1,1,2,1.0,1.0,25,Private room,3.258096538021482,25.0
11,5.0,1,1,10,2.5,4.0,27,Entire home/apt,5.298317366548036,199.0
6,5.0,1,1,6,3.0,3.0,32,Entire home/apt,5.860786223465865,350.0
22,5.0,1,1,8,2.0,2.0,26,Entire home/apt,4.330733340286331,75.0
39,5.0,1,1,6,2.5,2.0,26,Entire home/apt,4.983606621708336,145.0
8,5.0,1,1,8,2.5,4.0,27,Entire home/apt,5.111987788356544,165.0
45,5.0,1,1,4,1.0,2.0,26,Entire home/apt,4.248495242049359,69.0
1,5.0,0,1,3,1.0,1.0,26,Entire home/apt,4.700480365792417,109.0
22,5.0,1,1,4,1.5,1.0,26,Entire home/apt,4.852030263919617,127.0
0,5.0,0,0,8,2.0,4.0,26,Entire home/apt,3.8918202981106265,48.0
24,5.0,1,1,2,1.0,1.0,26,Entire home/apt,5.303304908059076,200.0
45,5.0,1,1,4,1.0,1.0,26,Entire home/apt,4.143134726391533,62.0
1,5.0,0,1,1,1.0,1.0,27,Private room,3.9318256327243257,50.0
55,5.0,1,1,2,1.0,1.0,26,Entire home/apt,4.574710978503383,96.0
44,5.0,1,1,8,2.0,3.0,26,Entire home/apt,5.003946305945459,148.0
9,4.5,1,1,2,1.0,1.0,26,Private room,3.713572066704308,40.0
17,4.5,1,1,2,1.0,1.0,26,Private room,3.713572066704308,40.0
25,4.5,1,1,2,1.0,1.0,26,Private room,3.713572066704308,40.0
56,5.0,1,1,2,1.0,1.0,26,Entire home/apt,3.9889840465642745,53.0
36,5.0,1,1,2,1.0,1.0,26,Entire home/apt,4.700480365792417,109.0
71,5.0,1,1,2,1.0,1.0,26,Entire home/apt,4.867534450455582,129.0
8,5.0,1,1,5,1.0,2.0,26,Entire home/apt,4.736198448394496,113.0
0,5.0,0,0,6,1.0,2.0,27,Entire home/apt,4.934473933130692,138.0
21,5.0,1,1,4,1.0,2.0,27,Entire home/apt,5.075173815233827,159.0
48,5.0,1,1,6,1.0,3.0,26,Entire home/apt,4.836281906951478,125.0
14,5.0,1,1,6,2.0,2.0,26,Entire home/apt,5.631211781821365,278.0
49,5.0,1,1,4,1.0,1.0,26,Entire home/apt,4.605170185988092,99.0
3,5.0,1,1,4,1.0,1.0,27,Private room,4.709530201312334,110.0
14,4.5,1,1,2,1.0,1.0,27,Entire home/apt,4.330733340286331,75.0
25,4.5,1,1,2,1.0,1.0,26,Private room,4.02535169073515,55.0
0,5.0,0,0,2,1.0,1.0,26,Private room,4.836281906951478,125.0
22,4.5,1,1,4,1.0,1.0,26,Entire home/apt,4.248495242049359,69.0
53,5.0,1,1,3,1.0,1.0,26,Entire home/apt,4.060443010546419,57.0
1,5.0,0,1,8,2.0,3.0,27,Entire home/apt,5.303304908059076,200.0
48,5.0,1,1,2,1.0,1.0,26,Entire home/apt,4.262679877041316,70.0
45,5.0,1,1,4,1.0,2.0,26,Entire home/apt,5.3981627015177525,220.0
30,5.0,1,1,4,1.0,1.0,26,Entire home/apt,4.382026634673881,79.0
18,4.5,1,1,2,1.0,0.0,26,Private room,3.6635616461296463,38.0
74,5.0,1,1,2,1.0,1.0,26,Private room,4.3694478524670215,78.0
56,5.0,1,1,3,1.0,1.0,26,Entire home/apt,4.189654742026425,65.0
3,4.5,1,1,4,1.0,1.0,26,Entire home/apt,4.30406509320417,73.0
24,5.0,1,1,2,1.0,1.0,26,Entire home/apt,4.262679877041316,70.0
17,5.0,1,1,4,1.0,2.0,26,Entire home/apt,4.983606621708336,145.0
47,5.0,1,1,2,1.0,1.0,26,Private room,4.02535169073515,55.0
2,5.0,0,1,3,1.0,1.0,26,Entire home/apt,4.394449154672439,80.0
8,5.0,1,1,7,1.5,3.0,26,Entire home/apt,4.983606621708336,145.0
60,5.0,1,1,2,1.0,1.0,26,Entire home/apt,3.9318256327243257,50.0
22,5.0,1,1,2,1.0,0.0,26,Entire home/apt,4.189654742026425,65.0
26,5.0,1,1,12,3.0,6.0,26,Entire home/apt,6.2166061010848646,500.0
8,5.0,1,1,2,1.0,0.0,26,Entire home/apt,4.219507705176107,67.0
12,4.5,1,1,5,1.0,2.0,28,Entire home/apt,4.330733340286331,75.0
41,5.0,1,1,2,2.0,1.0,26,Private room,3.6375861597263857,37.0
20,4.5,1,1,5,1.0,2.0,26,Entire home/apt,4.564348191467836,95.0
11,5.0,1,1,2,1.0,1.0,27,Private room,4.382026634673881,79.0
104,5.0,1,1,2,1.0,1.0,26,Private room,3.951243718581428,51.0
1,5.0,0,1,2,1.0,1.0,26,Entire home/apt,4.189654742026425,65.0
28,5.0,1,1,2,1.0,1.0,27,Private room,4.110873864173311,60.0
2,5.0,0,1,5,1.0,2.0,26,Entire home/apt,4.564348191467836,95.0
1,5.0,0,1,4,1.0,2.0,26,Entire home/apt,3.610917912644224,36.0
4,5.0,1,1,2,1.0,1.0,26,Entire home/apt,4.477336814478207,87.0
24,4.5,1,1,6,1.5,2.0,26,Entire home/apt,4.454347296253507,85.0
20,5.0,1,1,4,1.0,1.0,26,Entire home/apt,4.691347882229144,108.0
4,5.0,1,1,5,2.0,3.0,26,Entire home/apt,4.418840607796598,82.0
40,5.0,1,1,2,1.5,1.0,26,Private room,3.828641396489095,45.0
58,5.0,1,1,4,1.0,1.0,26,Entire home/apt,4.276666119016055,71.0
32,5.0,1,1,7,2.5,3.0,26,Entire home/apt,4.836281906951478,125.0
0,5.0,0,0,2,1.0,1.0,26,Private room,4.330733340286331,75.0
48,5.0,1,1,4,1.0,1.0,26,Entire home/apt,3.9318256327243257,50.0
2,5.0,0,1,2,1.0,1.0,26,Private room,4.787491742782046,119.0
58,5.0,1,1,2,1.0,1.0,26,Entire home/apt,4.912654885736052,135.0
16,4.5,1,1,6,2.0,2.0,26,Entire home/apt,5.030437921392435,152.0
12,5.0,1,1,5,1.0,2.0,26,Entire home/apt,5.525452939131784,250.0
0,5.0,0,0,4,1.0,2.0,26,Entire home/apt,4.795790545596741,120.0
70,5.0,1,1,4,1.0,0.0,26,Entire home/apt,4.7535901911063645,115.0
10,5.0,1,1,4,1.0,0.0,26,Entire home/apt,4.795790545596741,120.0
13,5.0,1,1,3,1.0,1.0,26,Entire home/apt,4.248495242049359,69.0
1,5.0,0,1,2,1.0,1.0,26,Entire home/apt,4.564348191467836,95.0
0,5.0,0,0,4,1.5,1.0,26,Entire home/apt,4.61512051684126,100.0
63,5.0,1,1,3,1.0,0.0,26,Entire home/apt,4.23410650459726,68.0
36,5.0,1,1,6,1.0,3.0,26,Entire home/apt,4.836281906951478,125.0
24,5.0,1,1,6,1.0,3.0,26,Entire home/apt,4.454347296253507,85.0
7,4.5,1,1,2,1.0,1.0,28,Private room,3.912023005428146,49.0
15,4.5,1,1,2,1.0,1.0,26,Entire home/apt,4.61512051684126,100.0
34,5.0,1,1,6,1.0,3.0,26,Entire home/apt,4.663439094112067,105.0
9,5.0,1,1,6,1.0,2.0,26,Entire home/apt,5.017279836814924,150.0
5,5.0,1,1,4,1.0,2.0,26,Entire home/apt,4.23410650459726,68.0
45,5.0,1,1,3,1.0,0.0,26,Entire home/apt,4.110873864173311,60.0
7,5.0,1,1,2,1.0,1.0,26,Entire home/apt,4.499809670330265,89.0
7,5.0,1,1,2,1.0,0.0,26,Entire home/apt,4.983606621708336,145.0
10,5.0,1,1,6,1.0,2.0,27,Entire home/apt,4.61512051684126,100.0
6,5.0,1,1,6,2.0,3.0,28,Entire home/apt,5.638354669333745,280.0
59,5.0,1,1,2,1.0,1.0,26,Entire home/apt,4.290459441148391,72.0
25,5.0,1,1,2,1.0,1.0,27,Private room,4.02535169073515,55.0
15,4.5,1,1,6,1.0,2.0,26,Entire home/apt,4.624972813284271,101.0
45,5.0,1,1,12,3.0,4.0,26,Entire home/apt,5.14166355650266,170.0
9,4.5,1,1,2,1.0,0.0,26,Entire home/apt,4.262679877041316,70.0
9,4.0,1,1,4,1.0,1.0,26,Entire home/apt,4.477336814478207,87.0
6,4.0,1,1,4,1.0,1.0,26,Entire home/apt,4.262679877041316,70.0
17,4.5,1,1,5,2.0,2.0,26,Entire home/apt,4.663439094112067,105.0
37,5.0,1,1,2,1.0,1.0,27,Private room,4.0943445622221,59.0
15,4.5,1,1,10,3.0,4.0,26,Entire home/apt,5.860786223465865,350.0
50,4.5,1,1,3,1.0,1.0,26,Entire home/apt,4.51085950651685,90.0
5,5.0,1,1,1,1.0,1.0,26,Shared room,3.5263605246161616,33.0
11,5.0,1,1,2,2.0,1.0,26,Private room,3.4011973816621555,29.0
46,4.5,1,1,3,1.0,1.0,26,Entire home/apt,4.158883083359672,63.0
47,4.5,1,1,2,1.0,1.0,26,Private room,3.9318256327243257,50.0
0,5.0,0,0,2,1.0,0.0,26,Entire home/apt,4.61512051684126,100.0
54,5.0,1,1,4,1.0,0.0,26,Entire home/apt,4.605170185988092,99.0
3,4.5,1,1,4,2.0,2.0,27,Private room,4.61512051684126,100.0
32,4.5,1,1,2,1.0,0.0,26,Entire home/apt,4.330733340286331,75.0
25,5.0,1,1,2,1.0,1.0,26,Entire home/apt,4.836281906951478,125.0
1,5.0,0,1,8,2.5,3.0,26,Entire home/apt,5.529429087511423,251.0
22,5.0,1,1,4,1.0,1.0,26,Entire home/apt,4.110873864173311,60.0
32,5.0,1,1,3,1.0,1.0,26,Entire home/apt,4.48863636973214,88.0
21,5.0,1,1,3,1.0,1.0,26,Entire home/apt,4.564348191467836,95.0
1,5.0,0,1,1,1.0,2.0,26,Entire home/apt,5.303304908059076,200.0
32,5.0,1,1,4,1.0,2.0,26,Entire home/apt,5.170483995038151,175.0
27,5.0,1,1,6,2.5,3.0,26,Entire home/apt,5.375278407684165,215.0
18,4.5,1,1,2,2.0,1.0,26,Private room,3.332204510175204,27.0
5,5.0,1,1,2,2.0,1.0,26,Private room,3.6375861597263857,37.0
7,5.0,1,1,2,1.0,1.0,26,Entire home/apt,5.170483995038151,175.0
3,4.0,1,1,1,1.0,1.0,26,Private room,3.58351893845611,35.0
6,5.0,1,1,2,1.0,0.0,26,Entire home/apt,5.017279836814924,150.0
65,4.5,1,1,4,1.0,1.0,26,Entire home/apt,4.382026634673881,79.0
7,5.0,1,1,3,1.0,1.0,27,Entire home/apt,4.836281906951478,125.0
30,5.0,1,1,4,1.0,1.0,26,Entire home/apt,4.23410650459726,68.0
31,5.0,1,1,4,1.0,1.0,26,Entire home/apt,4.110873864173311,60.0
67,5.0,1,1,2,1.0,1.0,26,Entire home/apt,4.219507705176107,67.0
64,5.0,1,1,4,1.0,1.0,26,Entire home/apt,4.174387269895637,64.0
60,5.0,1,1,2,1.0,0.0,26,Entire home/apt,4.262679877041316,70.0
46,4.5,1,1,2,1.0,0.0,26,Entire home/apt,4.262679877041316,70.0
33,5.0,1,1,3,1.0,1.0,27,Entire home/apt,4.8283137373023015,124.0
66,5.0,1,1,4,1.0,1.0,26,Entire home/apt,4.836281906951478,125.0
49,5.0,1,1,7,2.5,3.0,26,Entire home/apt,4.51085950651685,90.0
21,5.0,1,1,8,2.0,3.0,26,Entire home/apt,4.61512051684126,100.0
18,5.0,1,1,2,1.0,1.0,26,Private room,4.394449154672439,80.0
0,5.0,0,0,10,1.5,2.0,26,Entire home/apt,4.110873864173311,60.0
2,5.0,0,1,8,2.5,3.0,26,Entire home/apt,5.860786223465865,350.0
15,5.0,1,1,23,3.0,8.0,26,Entire home/apt,5.459585514144159,234.0
14,5.0,1,1,28,3.0,7.0,26,Entire home/apt,5.918893854273146,371.0
18,5.0,1,1,4,1.0,1.0,26,Entire home/apt,4.23410650459726,68.0
20,5.0,1,1,16,3.5,5.0,26,Entire home/apt,4.812184355372417,122.0
21,4.5,1,1,20,3.0,5.0,26,Entire home/apt,5.356586274672012,211.0
18,5.0,1,1,12,3.5,4.0,26,Entire home/apt,5.087596335232384,161.0
8,5.0,1,1,13,3.0,3.0,26,Entire home/apt,4.61512051684126,100.0
25,5.0,1,1,11,2.5,3.0,26,Entire home/apt,4.709530201312334,110.0
15,5.0,1,1,10,2.5,3.0,26,Entire home/apt,4.61512051684126,100.0
57,5.0,1,1,3,1.0,1.0,26,Entire home/apt,3.912023005428146,49.0
19,5.0,1,1,9,2.5,3.0,26,Entire home/apt,4.836281906951478,125.0
11,5.0,1,1,16,3.0,5.0,26,Entire home/apt,4.812184355372417,122.0
24,4.5,1,1,2,2.0,1.0,26,Private room,3.555348061489413,34.0
10,5.0,1,1,9,3.5,3.0,26,Entire home/apt,4.564348191467836,95.0
19,5.0,1,1,12,3.5,4.0,26,Entire home/apt,5.225746673713202,185.0
13,5.0,1,1,20,3.0,6.0,26,Entire home/apt,4.795790545596741,120.0
16,5.0,1,1,12,2.0,3.0,26,Entire home/apt,4.454347296253507,85.0
9,5.0,1,1,10,2.5,3.0,26,Entire home/apt,4.836281906951478,125.0
12,5.0,1,1,11,3.5,4.0,26,Entire home/apt,5.204006687076795,181.0
8,5.0,1,1,11,3.0,3.0,26,Entire home/apt,5.062595033026967,157.0
13,5.0,1,1,7,1.5,2.0,26,Entire home/apt,4.51085950651685,90.0
18,5.0,1,1,6,2.0,2.0,26,Entire home/apt,4.51085950651685,90.0
17,5.0,1,1,6,2.0,2.0,26,Entire home/apt,4.51085950651685,90.0
19,5.0,1,1,10,2.5,3.0,26,Entire home/apt,4.61512051684126,100.0
18,4.5,1,1,11,2.5,3.0,26,Entire home/apt,4.61512051684126,100.0
2,5.0,0,1,6,1.0,1.0,26,Entire home/apt,3.9318256327243257,50.0
8,5.0,1,1,10,3.0,3.0,26,Entire home/apt,5.093750200806762,162.0
44,5.0,1,1,2,1.0,1.0,26,Private room,4.189654742026425,65.0
74,5.0,1,1,5,2.0,2.0,26,Entire home/apt,4.454347296253507,85.0
67,5.0,1,1,2,1.0,1.0,26,Entire home/apt,4.418840607796598,82.0
2,5.0,0,1,1,1.0,1.0,27,Private room,4.110873864173311,60.0
6,4.5,1,1,4,1.0,1.0,28,Entire home/apt,4.454347296253507,85.0
16,5.0,1,1,4,1.0,1.0,26,Entire home/apt,4.174387269895637,64.0
17,5.0,1,1,2,1.0,1.0,27,Entire home/apt,4.564348191467836,95.0
5,5.0,1,1,2,1.0,1.0,28,Private room,4.3694478524670215,78.0
54,4.5,1,1,4,1.0,0.0,26,Entire home/apt,4.330733340286331,75.0
20,5.0,1,1,3,1.0,1.0,26,Entire home/apt,4.532599493153256,92.0
51,5.0,1,1,5,1.0,2.0,26,Entire home/apt,4.30406509320417,73.0
44,5.0,1,1,5,1.0,2.0,26,Entire home/apt,4.248495242049359,69.0
37,4.5,1,1,4,1.0,2.0,26,Entire home/apt,4.248495242049359,69.0
30,5.0,1,1,4,1.0,1.0,26,Entire home/apt,4.0943445622221,59.0
21,5.0,1,1,7,3.5,3.0,26,Entire home/apt,5.480638923341991,239.0
6,5.0,1,1,4,1.5,2.0,28,Private room,4.477336814478207,87.0
34,5.0,1,1,2,1.0,1.0,26,Entire home/apt,4.499809670330265,89.0
52,4.5,1,1,4,1.0,1.0,26,Entire home/apt,4.110873864173311,60.0
58,5.0,1,1,3,1.0,1.0,26,Entire home/apt,4.04305126783455,56.0
31,4.5,1,1,4,1.0,2.0,26,Entire home/apt,4.61512051684126,100.0
56,4.5,1,1,5,1.0,1.0,26,Entire home/apt,3.9318256327243257,50.0
24,4.5,1,1,4,1.0,0.0,26,Entire home/apt,3.9318256327243257,50.0
32,5.0,1,1,2,1.0,1.0,26,Entire home/apt,4.61512051684126,100.0
57,5.0,1,1,2,1.0,1.0,26,Entire home/apt,3.8918202981106265,48.0
55,5.0,1,1,4,1.0,2.0,26,Entire home/apt,4.634728988229636,102.0
10,3.5,1,1,3,1.0,0.0,26,Entire home/apt,3.9318256327243257,50.0
42,5.0,1,1,3,1.0,1.0,26,Entire home/apt,4.110873864173311,60.0
2,5.0,0,1,6,1.0,2.0,26,Entire home/apt,4.787491742782046,119.0
36,5.0,1,1,7,2.0,3.0,26,Entire home/apt,4.6443908991413725,103.0
1,5.0,0,1,1,1.0,1.0,26,Entire home/apt,4.0943445622221,59.0
26,5.0,1,1,2,1.0,1.0,27,Private room,4.3694478524670215,78.0
33,5.0,1,1,2,1.0,1.0,27,Private room,4.51085950651685,90.0
5,5.0,1,1,1,1.0,1.0,26,Private room,4.605170185988092,99.0
30,5.0,1,1,2,1.0,1.0,26,Private room,4.394449154672439,80.0
62,5.0,1,1,4,1.0,1.0,26,Entire home/apt,4.454347296253507,85.0
34,5.0,1,1,7,3.5,3.0,26,Entire home/apt,5.198497031265826,180.0
21,5.0,1,1,4,1.0,2.0,26,Entire home/apt,4.330733340286331,75.0
0,5.0,0,0,3,1.0,1.0,26,Entire home/apt,3.871201010907891,47.0
6,5.0,1,1,2,1.0,1.0,26,Private room,4.61512051684126,100.0
40,5.0,1,1,6,3.0,3.0,26,Entire home/apt,4.663439094112067,105.0
1,5.0,0,1,2,1.0,1.0,26,Private room,5.049856007249537,155.0
0,5.0,0,0,2,1.5,1.0,26,Private room,4.795790545596741,120.0
2,5.0,0,1,2,1.5,2.0,26,Entire home/apt,4.61512051684126,100.0
2,5.0,0,1,5,2.5,2.0,26,Entire home/apt,5.010635294096256,149.0
23,5.0,1,1,6,1.0,2.0,26,Entire home/apt,4.0943445622221,59.0
0,5.0,0,0,2,1.5,1.0,26,Private room,4.875197323201151,130.0
28,5.0,1,1,2,1.0,1.0,26,Entire home/apt,4.564348191467836,95.0
2,5.0,0,1,8,2.5,3.0,26,Entire home/apt,5.929589143389895,375.0
76,5.0,1,1,4,1.0,1.0,26,Entire home/apt,4.07753744390572,58.0
25,4.5,1,1,4,1.0,2.0,25,Entire home/apt,4.382026634673881,79.0
15,4.5,1,1,2,2.0,1.0,26,Private room,3.4339872044851463,30.0
113,5.0,1,1,2,1.0,1.0,26,Private room,3.4011973816621555,29.0
35,5.0,1,1,8,2.5,3.0,26,Entire home/apt,4.812184355372417,122.0
49,5.0,1,1,3,1.0,1.0,26,Entire home/apt,4.02535169073515,55.0
19,5.0,1,1,6,1.0,1.0,26,Entire home/apt,4.454347296253507,85.0
18,4.5,1,1,2,1.0,1.0,26,Entire home/apt,4.564348191467836,95.0
56,5.0,1,1,7,1.5,3.0,26,Entire home/apt,4.795790545596741,120.0
52,4.5,1,1,2,1.0,0.0,26,Entire home/apt,4.189654742026425,65.0
9,4.5,1,1,5,1.5,1.0,26,Private room,3.828641396489095,45.0
28,5.0,1,1,4,1.0,1.0,26,Entire home/apt,4.290459441148391,72.0
48,5.0,1,1,2,1.0,0.0,26,Entire home/apt,3.713572066704308,40.0
51,5.0,1,1,4,1.0,0.0,26,Entire home/apt,4.543294782270004,93.0
61,5.0,1,1,2,1.0,1.0,26,Entire home/apt,4.174387269895637,64.0
6,4.5,1,1,5,1.0,2.0,26,Entire home/apt,4.6443908991413725,103.0
11,5.0,1,1,7,2.0,3.0,26,Entire home/apt,5.170483995038151,175.0
2,5.0,0,1,5,2.0,2.0,26,Entire home/apt,5.030437921392435,152.0
3,4.0,1,1,5,2.0,2.0,26,Entire home/apt,4.875197323201151,130.0
3,3.5,1,1,3,1.0,1.0,26,Entire home/apt,4.394449154672439,80.0
2,5.0,0,1,3,1.0,0.0,26,Entire home/apt,4.262679877041316,70.0
1,5.0,0,1,11,3.0,4.0,26,Entire home/apt,5.860786223465865,350.0
78,5.0,1,1,5,1.0,2.0,26,Entire home/apt,4.499809670330265,89.0
28,5.0,1,1,2,1.0,0.0,26,Entire home/apt,4.3694478524670215,78.0
0,5.0,0,0,3,1.0,1.0,26,Entire home/apt,4.605170185988092,99.0
37,4.5,1,1,2,1.0,0.0,26,Entire home/apt,4.02535169073515,55.0
25,5.0,1,1,6,1.0,2.0,26,Entire home/apt,4.787491742782046,119.0
15,5.0,1,1,1,1.0,1.0,25,Private room,4.330733340286331,75.0
117,5.0,1,1,3,1.0,1.0,25,Private room,3.49650756146648,32.0
7,3.5,1,1,2,2.0,1.0,26,Private room,3.258096538021482,25.0
12,5.0,1,1,2,1.0,1.0,26,Entire home/apt,4.61512051684126,100.0
27,4.5,1,1,2,2.0,1.0,26,Private room,3.258096538021482,25.0
14,5.0,1,1,2,1.0,0.0,26,Entire home/apt,4.6443908991413725,103.0
21,5.0,1,1,3,1.0,1.0,26,Entire home/apt,4.330733340286331,75.0
11,5.0,1,1,3,1.0,1.0,26,Entire home/apt,4.584967478670572,97.0
12,5.0,1,1,2,1.0,0.0,26,Entire home/apt,4.48863636973214,88.0
22,5.0,1,1,4,1.0,3.0,26,Entire home/apt,4.7535901911063645,115.0
2,5.0,0,1,5,2.0,2.0,26,Entire home/apt,4.61512051684126,100.0
1,5.0,0,1,5,2.0,2.0,26,Entire home/apt,4.736198448394496,113.0
0,5.0,0,0,3,1.0,0.0,26,Entire home/apt,4.262679877041316,70.0
1,5.0,0,1,3,1.0,0.0,26,Entire home/apt,4.262679877041316,70.0
2,5.0,0,1,5,2.0,2.0,26,Entire home/apt,4.61512051684126,100.0
19,4.5,1,1,2,2.0,1.0,26,Private room,3.258096538021482,25.0
29,4.5,1,1,2,2.0,1.0,26,Private room,3.258096538021482,25.0
16,4.0,1,1,2,1.5,1.0,26,Private room,3.258096538021482,25.0
24,4.5,1,1,2,1.5,1.0,26,Private room,3.258096538021482,25.0
13,4.0,1,1,2,2.0,1.0,26,Private room,3.258096538021482,25.0
5,4.5,1,1,4,1.5,2.0,26,Entire home/apt,5.278114659230517,195.0
9,5.0,1,1,4,1.0,1.0,26,Entire home/apt,4.499809670330265,89.0
11,5.0,1,1,3,1.0,0.0,26,Entire home/apt,4.454347296253507,85.0
7,4.5,1,1,5,1.0,2.0,26,Entire home/apt,4.418840607796598,82.0
26,5.0,1,1,4,1.5,2.0,26,Entire home/apt,4.605170185988092,99.0
9,4.0,1,1,4,2.0,2.0,26,Entire home/apt,5.017279836814924,150.0
25,4.5,1,1,8,2.5,3.0,26,Entire home/apt,5.153291594497779,172.0
38,5.0,1,1,6,2.0,2.0,26,Entire home/apt,5.075173815233827,159.0
18,5.0,1,1,2,1.0,1.0,26,Entire home/apt,4.61512051684126,100.0
65,5.0,1,1,4,1.0,1.0,26,Entire home/apt,4.189654742026425,65.0
5,4.0,1,1,6,1.0,2.0,26,Entire home/apt,3.8918202981106265,48.0
11,4.5,1,1,2,1.0,1.0,28,Private room,4.51085950651685,90.0
6,5.0,1,1,3,1.0,1.0,26,Entire home/apt,4.787491742782046,119.0
89,4.5,1,1,2,1.0,1.0,26,Private room,3.713572066704308,40.0
39,5.0,1,1,2,1.0,1.0,26,Entire home/apt,4.330733340286331,75.0
7,4.5,1,1,2,1.0,1.0,28,Private room,4.51085950651685,90.0
5,4.5,1,1,2,1.0,1.0,28,Private room,4.709530201312334,110.0
55,5.0,1,1,6,1.0,2.0,26,Entire home/apt,4.875197323201151,130.0
44,5.0,1,1,4,1.0,0.0,26,Entire home/apt,4.499809670330265,89.0
37,5.0,1,1,6,1.0,2.0,26,Entire home/apt,4.61512051684126,100.0
8,5.0,1,1,4,1.0,0.0,26,Entire home/apt,4.290459441148391,72.0
10,4.5,1,1,2,1.0,1.0,26,Private room,4.330733340286331,75.0
61,5.0,1,1,2,1.0,0.0,26,Entire home/apt,4.143134726391533,62.0
21,5.0,1,1,4,1.0,1.0,26,Entire home/apt,4.859812404361672,128.0
72,5.0,1,1,6,1.0,2.0,26,Entire home/apt,4.61512051684126,100.0
2,5.0,0,1,5,1.5,4.0,26,Entire home/apt,5.375278407684165,215.0
38,4.5,1,1,6,1.0,2.0,26,Entire home/apt,4.394449154672439,80.0
75,5.0,1,1,3,1.0,1.0,26,Entire home/apt,4.382026634673881,79.0
18,5.0,1,1,2,1.0,1.0,26,Entire home/apt,4.553876891600541,94.0
66,5.0,1,1,4,1.0,0.0,26,Entire home/apt,4.0943445622221,59.0
56,5.0,1,1,2,1.0,0.0,26,Entire home/apt,4.219507705176107,67.0
6,4.5,1,1,4,1.0,1.0,26,Entire home/apt,4.343805421853684,76.0
1,5.0,0,1,2,1.0,1.0,26,Private room,4.912654885736052,135.0
51,5.0,1,1,2,1.0,0.0,26,Entire home/apt,4.127134385045092,61.0
39,5.0,1,1,2,1.0,0.0,26,Entire home/apt,4.110873864173311,60.0
5,4.5,1,1,3,1.0,0.0,26,Entire home/apt,4.330733340286331,75.0
54,5.0,1,1,2,1.0,1.0,26,Entire home/apt,3.828641396489095,45.0
1,5.0,0,1,2,1.0,0.0,26,Entire home/apt,4.330733340286331,75.0
3,5.0,1,1,2,1.0,0.0,26,Entire home/apt,4.330733340286331,75.0
5,5.0,1,1,2,1.0,0.0,26,Entire home/apt,4.330733340286331,75.0
4,4.5,1,1,2,1.0,0.0,26,Entire home/apt,4.330733340286331,75.0
3,4.5,1,1,2,1.0,0.0,26,Entire home/apt,4.330733340286331,75.0
5,5.0,1,1,2,1.0,0.0,26,Entire home/apt,4.330733340286331,75.0
50,5.0,1,1,2,1.0,0.0,26,Entire home/apt,3.8918202981106265,48.0
37,5.0,1,1,2,1.0,0.0,26,Entire home/apt,4.262679877041316,70.0
27,4.5,1,1,7,3.0,4.0,26,Entire home/apt,5.081404364984463,160.0
57,5.0,1,1,2,1.0,1.0,26,Entire home/apt,4.330733340286331,75.0
4,4.5,1,1,2,1.0,0.0,26,Entire home/apt,4.330733340286331,75.0
6,5.0,1,1,2,1.0,0.0,26,Entire home/apt,4.330733340286331,75.0
4,5.0,1,1,2,1.0,0.0,26,Entire home/apt,4.330733340286331,75.0
1,5.0,0,1,2,1.0,0.0,26,Entire home/apt,5.049856007249537,155.0
21,5.0,1,1,3,1.0,2.0,26,Private room,4.836281906951478,125.0
20,4.5,1,1,2,1.0,1.0,26,Private room,4.04305126783455,56.0
39,4.5,1,1,2,1.0,1.0,26,Entire home/apt,4.262679877041316,70.0
40,5.0,1,1,2,1.0,0.0,26,Entire home/apt,4.262679877041316,70.0
31,4.5,1,1,2,1.0,0.0,26,Entire home/apt,4.189654742026425,65.0
45,4.5,1,1,2,1.0,0.0,26,Entire home/apt,4.31748811353631,74.0
33,4.5,1,1,2,1.0,0.0,26,Entire home/apt,4.262679877041316,70.0
33,4.5,1,1,2,1.0,0.0,26,Entire home/apt,4.262679877041316,70.0
22,5.0,1,1,8,1.0,3.0,26,Entire home/apt,4.867534450455582,129.0
51,5.0,1,1,3,1.0,1.0,26,Entire home/apt,4.382026634673881,79.0
46,5.0,1,1,2,1.0,1.0,26,Entire home/apt,4.330733340286331,75.0
47,4.5,1,1,2,1.0,0.0,26,Entire home/apt,4.330733340286331,75.0
53,5.0,1,1,2,1.0,1.0,32,Entire home/apt,4.110873864173311,60.0
50,4.5,1,1,2,1.0,0.0,26,Entire home/apt,3.9318256327243257,50.0
53,5.0,1,1,2,1.0,0.0,26,Entire home/apt,4.143134726391533,62.0
15,5.0,1,1,2,1.0,1.0,26,Entire home/apt,4.31748811353631,74.0
6,4.5,1,1,2,1.0,0.0,26,Entire home/apt,4.394449154672439,80.0
43,5.0,1,1,2,1.0,1.0,26,Private room,3.6635616461296463,38.0
43,5.0,1,1,12,3.0,6.0,26,Entire home/apt,5.525452939131784,250.0
18,5.0,1,1,10,2.5,3.0,26,Entire home/apt,5.525452939131784,250.0
21,5.0,1,1,4,1.0,2.0,26,Entire home/apt,4.663439094112067,105.0
10,4.5,1,1,6,1.0,2.0,26,Entire home/apt,4.574710978503383,96.0
18,5.0,1,1,2,1.0,1.0,26,Private room,3.6635616461296463,38.0
1,5.0,0,1,1,1.0,1.0,27,Shared room,4.330733340286331,75.0
33,5.0,1,1,4,1.0,1.0,26,Entire home/apt,4.61512051684126,100.0
16,4.5,1,1,2,1.0,0.0,26,Entire home/apt,4.04305126783455,56.0
5,4.5,1,1,6,2.0,3.0,26,Entire home/apt,5.099866427824199,163.0
11,5.0,1,1,4,1.0,1.0,26,Entire home/apt,5.010635294096256,149.0
0,5.0,0,0,7,1.0,3.0,27,Private room,4.934473933130692,138.0
54,5.0,1,1,2,1.0,1.0,26,Private room,3.828641396489095,45.0
50,5.0,1,1,4,1.0,1.0,26,Entire home/apt,4.605170185988092,99.0
24,5.0,1,1,2,1.0,1.0,26,Entire home/apt,4.7535901911063645,115.0
6,5.0,1,1,1,1.0,1.0,26,Private room,4.110873864173311,60.0
14,5.0,1,1,3,1.0,1.0,26,Entire home/apt,5.081404364984463,160.0
5,5.0,1,1,2,1.0,1.0,26,Entire home/apt,4.110873864173311,60.0
39,5.0,1,1,2,1.0,1.0,26,Entire home/apt,4.795790545596741,120.0
24,4.5,1,1,2,1.0,1.0,27,Private room,3.688879454113936,39.0
18,5.0,1,1,2,1.0,0.0,26,Entire home/apt,4.605170185988092,99.0
0,5.0,0,0,6,1.0,3.0,26,Entire home/apt,4.795790545596741,120.0
16,5.0,1,1,2,1.0,1.0,27,Private room,4.23410650459726,68.0
1,5.0,0,1,3,1.0,1.0,26,Entire home/apt,4.543294782270004,93.0
45,5.0,1,1,2,1.0,0.0,26,Entire home/apt,4.394449154672439,80.0
11,5.0,1,1,2,1.0,1.0,26,Private room,4.48863636973214,88.0
7,4.5,1,1,1,1.0,1.0,27,Private room,3.4011973816621555,29.0
8,5.0,1,1,8,3.0,4.0,26,Entire home/apt,5.303304908059076,200.0
1,5.0,0,1,2,1.0,0.0,26,Private room,3.6375861597263857,37.0
29,4.5,1,1,4,1.0,2.0,26,Entire home/apt,4.394449154672439,80.0
32,5.0,1,1,4,1.5,2.0,26,Entire home/apt,4.700480365792417,109.0
2,5.0,0,1,4,1.5,2.0,26,Entire home/apt,4.983606621708336,145.0
41,5.0,1,1,2,1.0,1.0,26,Private room,3.6375861597263857,37.0
53,5.0,1,1,2,1.0,1.0,26,Private room,3.58351893845611,35.0
23,5.0,1,1,4,1.0,1.0,26,Entire home/apt,5.017279836814924,150.0
31,5.0,1,1,2,1.0,1.0,26,Entire home/apt,4.189654742026425,65.0
47,5.0,1,1,3,1.0,1.0,26,Entire home/apt,4.189654742026425,65.0
30,5.0,1,1,3,1.0,1.0,26,Private room,4.189654742026425,65.0
18,5.0,1,1,4,2.0,1.0,26,Entire home/apt,4.983606621708336,145.0
1,5.0,0,1,4,1.0,2.0,25,Private room,4.912654885736052,135.0
29,5.0,1,1,5,1.0,2.0,26,Entire home/apt,4.983606621708336,145.0
59,5.0,1,1,2,1.0,0.0,26,Entire home/apt,4.158883083359672,63.0
4,5.0,1,1,16,4.0,7.0,26,Entire home/apt,6.2166061010848646,500.0
3,5.0,1,1,7,2.0,3.0,26,Entire home/apt,5.017279836814924,150.0
4,5.0,1,1,7,2.0,3.0,26,Entire home/apt,5.017279836814924,150.0
0,5.0,0,0,5,2.0,3.0,26,Entire home/apt,5.017279836814924,150.0
24,5.0,1,1,4,1.0,2.0,26,Entire home/apt,4.852030263919617,127.0
32,5.0,1,1,2,1.0,0.0,26,Entire home/apt,4.262679877041316,70.0
36,4.5,1,1,2,1.0,1.0,26,Entire home/apt,4.262679877041316,70.0
25,4.5,1,1,2,1.0,1.0,27,Private room,3.6635616461296463,38.0
25,4.5,1,1,2,1.0,0.0,26,Entire home/apt,4.262679877041316,70.0
23,4.5,1,1,3,1.0,1.0,26,Entire home/apt,4.0943445622221,59.0
18,4.5,1,1,3,1.0,0.0,26,Entire home/apt,4.0943445622221,59.0
31,4.5,1,1,4,1.0,2.0,26,Entire home/apt,4.330733340286331,75.0
0,5.0,0,0,2,2.0,1.0,26,Private room,4.709530201312334,110.0
36,5.0,1,1,6,1.5,2.0,26,Entire home/apt,4.836281906951478,125.0
20,5.0,1,1,4,1.0,1.0,26,Entire home/apt,4.941642422609304,139.0
4,5.0,1,1,2,1.0,1.0,26,Private room,4.110873864173311,60.0
39,5.0,1,1,12,2.5,4.0,26,Entire home/apt,4.969813299576001,143.0
17,4.0,1,1,5,1.0,1.0,26,Entire home/apt,3.9318256327243257,50.0
19,5.0,1,1,14,3.5,7.0,26,Entire home/apt,6.2166061010848646,500.0
21,4.5,1,1,2,1.0,1.0,26,Entire home/apt,4.836281906951478,125.0
25,4.5,1,1,4,1.0,1.0,26,Entire home/apt,4.189654742026425,65.0
40,5.0,1,1,4,1.0,1.0,26,Entire home/apt,4.343805421853684,76.0
26,4.5,1,1,2,1.0,1.0,26,Private room,3.258096538021482,25.0
9,4.5,1,1,4,1.0,1.0,26,Entire home/apt,4.30406509320417,73.0
36,5.0,1,1,2,1.0,1.0,26,Private room,4.330733340286331,75.0
28,5.0,1,1,2,1.0,1.0,26,Private room,4.330733340286331,75.0
2,5.0,0,1,3,1.0,1.0,26,Entire home/apt,4.30406509320417,73.0
4,5.0,1,1,5,1.0,3.0,26,Entire home/apt,5.707110264748875,300.0
9,5.0,1,1,2,1.0,1.0,27,Entire home/apt,5.017279836814924,150.0
22,5.0,1,1,2,1.0,1.0,26,Entire home/apt,4.663439094112067,105.0
16,5.0,1,1,2,1.0,1.0,26,Private room,4.262679877041316,70.0
26,5.0,1,1,4,1.0,1.0,28,Private room,3.555348061489413,34.0
5,5.0,1,1,2,1.0,1.0,26,Entire home/apt,4.700480365792417,109.0
47,5.0,1,1,6,1.5,2.0,26,Entire home/apt,4.51085950651685,90.0
31,4.5,1,1,2,1.0,1.0,26,Private room,4.189654742026425,65.0
2,5.0,0,1,2,1.0,1.0,26,Private room,4.110873864173311,60.0
23,5.0,1,1,7,2.0,3.0,26,Entire home/apt,5.25227342804663,190.0
8,5.0,1,1,4,1.0,1.0,26,Entire home/apt,5.1298987149230735,168.0
5,5.0,1,1,2,1.0,1.0,26,Entire home/apt,4.787491742782046,119.0
78,5.0,1,1,2,1.0,1.0,26,Private room,3.828641396489095,45.0
16,5.0,1,1,2,1.0,1.0,26,Private room,4.248495242049359,69.0
53,5.0,1,1,6,2.0,2.0,26,Entire home/apt,4.394449154672439,80.0
37,5.0,1,1,2,1.0,0.0,26,Entire home/apt,4.060443010546419,57.0
20,5.0,1,1,2,1.0,1.0,26,Private room,3.9318256327243257,50.0
11,5.0,1,1,3,2.0,1.0,26,Private room,5.049856007249537,155.0
6,4.5,1,1,2,1.0,1.0,26,Entire home/apt,4.189654742026425,65.0
7,4.5,1,1,6,3.0,3.0,26,Entire home/apt,4.983606621708336,145.0
28,4.5,1,1,4,1.0,1.0,26,Entire home/apt,4.394449154672439,80.0
19,5.0,1,1,6,1.0,2.0,26,Entire home/apt,5.525452939131784,250.0
56,5.0,1,1,3,1.0,1.0,26,Entire home/apt,4.127134385045092,61.0
4,5.0,1,1,4,1.0,1.0,27,Private room,4.5217885770490405,91.0
22,4.5,1,1,10,2.5,3.0,26,Entire home/apt,5.010635294096256,149.0
35,5.0,1,1,2,1.0,1.0,27,Entire home/apt,4.189654742026425,65.0
74,5.0,1,1,4,1.0,0.0,26,Entire home/apt,4.262679877041316,70.0
22,5.0,1,1,6,2.5,2.0,26,Entire home/apt,4.605170185988092,99.0
12,5.0,1,1,2,1.0,0.0,25,Private room,4.0943445622221,59.0
40,5.0,1,1,4,1.0,1.0,26,Entire home/apt,4.564348191467836,95.0
0,5.0,0,0,4,1.0,2.0,26,Entire home/apt,5.176149732573829,176.0
33,4.5,1,1,2,2.0,1.0,26,Private room,4.499809670330265,89.0
30,5.0,1,1,4,1.0,2.0,26,Entire home/apt,4.330733340286331,75.0
43,4.5,1,1,4,1.0,1.0,26,Entire home/apt,3.784189633918261,43.0
50,5.0,1,1,2,2.0,1.0,26,Private room,3.912023005428146,49.0
26,4.5,1,1,4,1.0,2.0,26,Entire home/apt,4.330733340286331,75.0
23,5.0,1,1,2,1.0,1.0,26,Entire home/apt,4.564348191467836,95.0
58,5.0,1,1,2,1.0,1.0,26,Entire home/apt,4.189654742026425,65.0
66,5.0,1,1,6,1.0,2.0,26,Entire home/apt,4.382026634673881,79.0
21,5.0,1,1,4,1.0,2.0,26,Entire home/apt,4.919980925828125,136.0
44,5.0,1,1,5,1.0,2.0,26,Entire home/apt,4.143134726391533,62.0
37,5.0,1,1,4,1.0,1.0,26,Entire home/apt,4.394449154672439,80.0
7,5.0,1,1,5,2.0,3.0,26,Entire home/apt,5.564520407322694,260.0
21,4.5,1,1,1,1.0,1.0,26,Shared room,4.189654742026425,65.0
18,5.0,1,1,8,2.5,2.0,26,Entire home/apt,5.981414211254481,395.0
1,5.0,0,1,1,1.0,0.0,26,Private room,4.110873864173311,60.0
47,5.0,1,1,4,1.0,1.0,26,Entire home/apt,4.948759890378168,140.0
10,5.0,1,1,2,1.0,1.0,26,Entire home/apt,5.521460917862246,249.0
3,5.0,1,1,5,1.0,2.0,26,Entire home/apt,4.919980925828125,136.0
13,5.0,1,1,2,1.0,1.0,26,Entire home/apt,4.941642422609304,139.0
2,5.0,0,1,4,1.0,1.0,26,Entire home/apt,4.875197323201151,130.0
9,4.0,1,1,7,2.0,3.0,27,Entire home/apt,5.342334251964811,208.0
67,5.0,1,1,2,1.0,1.0,26,Private room,3.912023005428146,49.0
64,4.0,1,1,4,1.0,0.0,26,Entire home/apt,3.9889840465642745,53.0
1,5.0,0,1,4,1.0,1.0,26,Entire home/apt,4.795790545596741,120.0
0,5.0,0,0,2,1.0,2.0,26,Entire home/apt,4.7535901911063645,115.0
6,5.0,1,1,2,1.0,1.0,26,Entire home/apt,4.564348191467836,95.0
20,5.0,1,1,2,1.0,1.0,26,Entire home/apt,3.912023005428146,49.0
11,5.0,1,1,1,1.0,1.0,26,Private room,4.3694478524670215,78.0
36,5.0,1,1,4,2.0,2.0,26,Entire home/apt,5.375278407684165,215.0
14,4.5,1,1,2,1.0,0.0,26,Entire home/apt,4.454347296253507,85.0
0,5.0,0,0,4,1.0,1.0,26,Entire home/apt,4.709530201312334,110.0
7,4.5,1,1,12,2.0,5.0,26,Entire home/apt,5.641907070938114,281.0
18,4.5,1,1,4,1.0,2.0,26,Entire home/apt,4.382026634673881,79.0
21,5.0,1,1,4,1.0,2.0,26,Entire home/apt,4.330733340286331,75.0
3,4.5,1,1,2,1.5,1.0,28,Private room,3.6635616461296463,38.0
64,5.0,1,1,10,1.5,3.0,26,Entire home/apt,4.110873864173311,60.0
51,4.5,1,1,5,1.0,1.0,26,Entire home/apt,3.9889840465642745,53.0
10,5.0,1,1,6,2.0,3.0,26,Entire home/apt,5.3981627015177525,220.0
8,5.0,1,1,10,2.5,4.0,28,Entire home/apt,5.017279836814924,150.0
0,5.0,0,0,2,1.0,1.0,26,Entire home/apt,4.48863636973214,88.0
32,4.5,1,1,5,1.0,1.0,26,Entire home/apt,4.110873864173311,60.0
3,4.5,1,1,2,1.0,1.0,26,Entire home/apt,4.48863636973214,88.0
8,5.0,1,1,2,1.0,1.0,26,Entire home/apt,4.48863636973214,88.0
9,5.0,1,1,2,1.0,1.0,26,Entire home/apt,4.48863636973214,88.0
9,5.0,1,1,12,2.0,2.0,26,Entire home/apt,6.214608098422191,499.0
6,5.0,1,1,2,1.0,1.0,26,Entire home/apt,4.189654742026425,65.0
1,5.0,0,1,2,1.0,1.0,26,Entire home/apt,4.189654742026425,65.0
10,4.5,1,1,2,1.0,1.0,26,Entire home/apt,4.189654742026425,65.0
2,5.0,0,1,2,1.0,1.0,26,Entire home/apt,4.48863636973214,88.0
2,5.0,0,1,2,1.0,1.0,26,Entire home/apt,4.48863636973214,88.0
2,5.0,0,1,2,1.0,1.0,26,Entire home/apt,4.48863636973214,88.0
4,4.5,1,1,2,1.0,1.0,26,Entire home/apt,4.48863636973214,88.0
4,4.5,1,1,2,1.0,1.0,26,Entire home/apt,4.48863636973214,88.0
1,5.0,0,1,2,1.0,1.0,26,Entire home/apt,4.48863636973214,88.0
1,5.0,0,1,2,1.0,1.0,26,Entire home/apt,4.48863636973214,88.0
11,5.0,1,1,1,1.0,1.0,26,Private room,3.4339872044851463,30.0
53,5.0,1,1,4,1.0,1.0,26,Private room,4.0943445622221,59.0
6,5.0,1,1,2,1.0,1.0,26,Private room,3.828641396489095,45.0
17,5.0,1,1,5,1.0,2.0,26,Entire home/apt,4.852030263919617,127.0
15,5.0,1,1,11,3.0,5.0,26,Entire home/apt,5.69035945432406,295.0
54,5.0,1,1,4,1.0,0.0,26,Entire home/apt,3.912023005428146,49.0
12,4.5,1,1,2,1.0,1.0,26,Entire home/apt,4.477336814478207,87.0
16,5.0,1,1,2,1.0,1.0,26,Entire home/apt,4.330733340286331,75.0
16,5.0,1,1,4,1.0,2.0,26,Entire home/apt,5.25227342804663,190.0
23,4.5,1,1,5,1.5,4.0,26,Entire home/apt,4.564348191467836,95.0
10,5.0,1,1,6,1.0,2.0,26,Entire home/apt,5.303304908059076,200.0
19,4.5,1,1,2,1.0,0.0,26,Entire home/apt,4.189654742026425,65.0
45,4.5,1,1,2,1.0,0.0,26,Entire home/apt,4.007333185232471,54.0
3,5.0,1,1,5,1.0,1.0,26,Entire home/apt,4.48863636973214,88.0
8,4.5,1,1,2,1.0,1.0,26,Entire home/apt,4.48863636973214,88.0
21,5.0,1,1,2,1.0,0.0,26,Entire home/apt,5.262690188904886,192.0
23,4.5,1,1,5,1.0,2.0,26,Entire home/apt,5.111987788356544,165.0
3,4.5,1,1,5,1.5,2.0,26,Entire home/apt,4.61512051684126,100.0
25,4.5,1,1,4,1.0,0.0,27,Entire home/apt,4.51085950651685,90.0
1,5.0,0,1,2,1.0,1.0,26,Entire home/apt,4.795790545596741,120.0
23,5.0,1,1,6,1.5,2.0,26,Entire home/apt,5.081404364984463,160.0
71,5.0,1,1,4,1.0,1.0,26,Entire home/apt,4.653960350157523,104.0
5,5.0,1,1,4,1.0,1.0,26,Entire home/apt,4.382026634673881,79.0
64,5.0,1,1,6,2.0,2.0,26,Entire home/apt,4.477336814478207,87.0
13,5.0,1,1,2,1.0,1.0,26,Entire home/apt,4.48863636973214,88.0
9,4.5,1,1,2,1.0,1.0,26,Entire home/apt,4.48863636973214,88.0
11,4.5,1,1,2,1.0,1.0,26,Entire home/apt,4.48863636973214,88.0
6,4.5,1,1,2,1.0,1.0,26,Entire home/apt,4.48863636973214,88.0
8,5.0,1,1,2,1.0,1.0,26,Entire home/apt,4.48863636973214,88.0
8,5.0,1,1,4,1.0,1.0,26,Entire home/apt,4.605170185988092,99.0
11,4.5,1,1,2,1.0,1.0,26,Entire home/apt,4.48863636973214,88.0
16,5.0,1,1,2,1.0,1.0,26,Entire home/apt,4.48863636973214,88.0
11,5.0,1,1,2,1.0,1.0,26,Entire home/apt,4.48863636973214,88.0
4,5.0,1,1,2,1.0,1.0,26,Entire home/apt,4.48863636973214,88.0
11,5.0,1,1,2,1.0,1.0,26,Entire home/apt,4.48863636973214,88.0
9,5.0,1,1,2,1.0,1.0,26,Entire home/apt,4.48863636973214,88.0
25,5.0,1,1,4,1.0,1.0,26,Private room,3.784189633918261,43.0
37,5.0,1,1,4,1.0,1.0,26,Entire home/apt,4.605170185988092,99.0
9,5.0,1,1,2,1.0,1.0,26,Entire home/apt,4.48863636973214,88.0
6,5.0,1,1,2,1.0,1.0,26,Entire home/apt,4.48863636973214,88.0
26,5.0,1,1,2,1.0,1.0,26,Entire home/apt,4.48863636973214,88.0
9,5.0,1,1,2,1.0,1.0,26,Entire home/apt,4.48863636973214,88.0
3,5.0,1,1,4,1.0,2.0,26,Entire home/apt,4.477336814478207,87.0
17,5.0,1,1,2,1.0,1.0,26,Entire home/apt,4.48863636973214,88.0
21,5.0,1,1,2,1.0,1.0,26,Entire home/apt,4.48863636973214,88.0
31,5.0,1,1,6,2.0,2.0,27,Entire home/apt,5.017279836814924,150.0
16,5.0,1,1,2,1.0,1.0,27,Private room,3.688879454113936,39.0
4,5.0,1,1,4,2.0,2.0,26,Entire home/apt,4.7535901911063645,115.0
7,4.5,1,1,6,2.0,3.0,26,Entire home/apt,5.25227342804663,190.0
18,5.0,1,1,2,1.0,1.0,27,Private room,3.610917912644224,36.0
58,5.0,1,1,3,1.0,0.0,26,Entire home/apt,4.262679877041316,70.0
11,5.0,1,1,4,2.0,2.0,26,Entire home/apt,5.017279836814924,150.0
32,5.0,1,1,6,1.0,2.0,26,Entire home/apt,4.51085950651685,90.0
22,4.5,1,1,8,2.5,3.0,26,Entire home/apt,4.820281565605037,123.0
2,5.0,0,1,3,1.0,2.0,27,Entire home/apt,4.454347296253507,85.0
2,5.0,0,1,4,1.0,1.0,26,Entire home/apt,5.017279836814924,150.0
19,5.0,1,1,4,2.5,2.0,26,Entire home/apt,5.303304908059076,200.0
8,4.5,1,1,6,2.5,3.0,27,Entire home/apt,5.135798437050262,169.0
0,5.0,0,0,1,4.0,0.0,26,Private room,4.875197323201151,130.0
44,5.0,1,1,4,2.0,2.0,26,Entire home/apt,5.075173815233827,159.0
3,3.5,1,1,8,2.0,4.0,26,Entire home/apt,5.780743515792329,323.0
9,5.0,1,1,6,2.5,3.0,26,Entire home/apt,4.983606621708336,145.0
0,5.0,0,0,3,1.0,1.0,27,Private room,4.382026634673881,79.0
1,5.0,0,1,7,3.5,3.0,26,Entire home/apt,5.5053315359323625,245.0
29,4.5,1,1,5,1.5,1.0,26,Private room,3.828641396489095,45.0
62,4.5,1,1,3,1.0,1.0,26,Entire home/apt,3.8501476017100575,46.0
3,4.5,1,1,4,1.0,1.0,26,Entire home/apt,5.010635294096256,149.0
2,5.0,0,1,8,3.5,3.0,27,Entire home/apt,6.2166061010848646,500.0
1,5.0,0,1,10,5.0,4.0,25,Entire home/apt,6.2166061010848646,500.0
50,5.0,1,1,2,1.0,1.0,26,Entire home/apt,4.189654742026425,65.0
18,4.5,1,1,2,1.0,0.0,26,Entire home/apt,4.499809670330265,89.0
0,5.0,0,0,4,2.0,2.0,26,Entire home/apt,5.521460917862246,249.0
2,5.0,0,1,5,2.0,3.0,26,Entire home/apt,5.802118375377063,330.0
87,5.0,1,1,2,1.0,0.0,26,Entire home/apt,4.262679877041316,70.0
58,5.0,1,1,6,1.0,1.0,26,Entire home/apt,4.430816798843313,83.0
24,4.5,1,1,2,1.0,1.0,26,Private room,3.9318256327243257,50.0
6,4.5,1,1,2,1.0,1.0,26,Entire home/apt,4.836281906951478,125.0
6,5.0,1,1,2,1.0,1.0,26,Entire home/apt,4.795790545596741,120.0
6,5.0,1,1,5,2.0,2.0,26,Entire home/apt,4.948759890378168,140.0
18,4.5,1,1,2,1.0,0.0,26,Entire home/apt,3.9318256327243257,50.0
1,5.0,0,1,5,2.0,2.0,26,Entire home/apt,4.59511985013459,98.0
28,5.0,1,1,7,1.0,2.0,26,Entire home/apt,3.9318256327243257,50.0
8,4.0,1,1,5,1.0,2.0,26,Entire home/apt,4.61512051684126,100.0
37,5.0,1,1,2,1.0,0.0,26,Entire home/apt,4.454347296253507,85.0
23,5.0,1,1,2,1.0,1.0,26,Entire home/apt,4.330733340286331,75.0
13,5.0,1,1,2,1.0,1.0,26,Private room,4.262679877041316,70.0
30,4.5,1,1,6,1.5,1.0,26,Private room,3.6375861597263857,37.0
13,5.0,1,1,7,2.0,4.0,26,Entire home/apt,5.69035945432406,295.0
44,5.0,1,1,2,1.0,1.0,26,Entire home/apt,4.61512051684126,100.0
50,4.5,1,1,3,1.0,1.0,26,Entire home/apt,3.784189633918261,43.0
30,5.0,1,1,2,1.0,1.0,26,Entire home/apt,4.61512051684126,100.0
26,5.0,1,1,2,1.0,1.0,26,Entire home/apt,4.454347296253507,85.0
29,5.0,1,1,8,3.5,4.0,26,Entire home/apt,5.075173815233827,159.0
30,5.0,1,1,2,1.0,1.0,26,Private room,3.4011973816621555,29.0
33,5.0,1,1,2,1.0,1.0,26,Private room,3.4011973816621555,29.0
38,5.0,1,1,4,1.0,1.0,26,Entire home/apt,4.912654885736052,135.0
36,5.0,1,1,2,1.0,1.0,26,Private room,3.688879454113936,39.0
27,5.0,1,1,2,1.0,1.0,26,Entire home/apt,4.605170185988092,99.0
31,5.0,1,1,8,2.0,4.0,26,Entire home/apt,5.707110264748875,300.0
7,4.5,1,1,6,1.0,2.0,26,Entire home/apt,4.262679877041316,70.0
54,4.5,1,1,4,1.0,1.0,26,Entire home/apt,4.189654742026425,65.0
39,4.5,1,1,2,1.0,1.0,26,Entire home/apt,4.330733340286331,75.0
4,5.0,1,1,4,1.0,1.0,26,Entire home/apt,4.997212273764115,147.0
37,5.0,1,1,3,1.0,1.0,26,Entire home/apt,4.23410650459726,68.0
2,5.0,0,1,4,1.5,1.0,26,Entire home/apt,5.8888779583328805,360.0
36,5.0,1,1,2,2.0,1.0,26,Private room,4.499809670330265,89.0
25,5.0,1,1,3,1.5,1.0,26,Private room,3.4339872044851463,30.0
50,5.0,1,1,3,1.0,0.0,26,Entire home/apt,4.174387269895637,64.0
19,5.0,1,1,4,1.0,0.0,26,Entire home/apt,4.394449154672439,80.0
4,5.0,1,1,6,2.0,2.0,26,Entire home/apt,5.017279836814924,150.0
24,5.0,1,1,3,1.5,1.0,26,Private room,3.58351893845611,35.0
20,4.5,1,1,3,1.0,1.0,26,Entire home/apt,4.330733340286331,75.0
22,5.0,1,1,4,1.0,1.0,26,Entire home/apt,4.867534450455582,129.0
43,5.0,1,1,4,1.0,2.0,26,Entire home/apt,4.663439094112067,105.0
1,5.0,0,1,1,1.0,1.0,26,Private room,3.258096538021482,25.0
27,5.0,1,1,4,1.0,1.0,26,Entire home/apt,4.189654742026425,65.0
5,5.0,1,1,2,1.5,1.0,26,Private room,4.189654742026425,65.0
29,5.0,1,1,4,1.0,1.0,26,Entire home/apt,4.174387269895637,64.0
4,5.0,1,1,5,1.5,2.0,26,Entire home/apt,5.703782474656201,299.0
0,5.0,0,0,8,1.5,4.0,26,Entire home/apt,5.62040086571715,275.0
4,5.0,1,1,4,1.0,2.0,26,Entire home/apt,4.709530201312334,110.0
28,5.0,1,1,5,1.0,2.0,26,Entire home/apt,5.19295685089021,179.0
6,4.5,1,1,3,1.0,1.0,26,Entire home/apt,4.718498871295094,111.0
19,5.0,1,1,4,1.0,1.0,26,Private room,4.262679877041316,70.0
23,4.5,1,1,3,1.0,0.0,26,Entire home/apt,4.382026634673881,79.0
37,5.0,1,1,2,1.0,0.0,26,Entire home/apt,4.454347296253507,85.0
29,5.0,1,1,4,1.0,2.0,26,Entire home/apt,4.983606621708336,145.0
24,5.0,1,1,4,1.0,1.0,26,Entire home/apt,3.912023005428146,49.0
30,5.0,1,1,3,1.0,1.0,26,Entire home/apt,4.499809670330265,89.0
10,5.0,1,1,2,1.0,1.0,26,Private room,4.262679877041316,70.0
31,5.0,1,1,6,1.0,2.0,26,Entire home/apt,4.653960350157523,104.0
0,5.0,0,0,4,1.0,2.0,26,Entire home/apt,4.51085950651685,90.0
1,5.0,0,1,6,2.0,2.0,26,Entire home/apt,5.209486152841421,182.0
18,5.0,1,1,4,1.0,1.0,26,Entire home/apt,3.8918202981106265,48.0
2,5.0,0,1,4,1.0,3.0,26,Entire home/apt,5.017279836814924,150.0
31,4.5,1,1,5,1.0,2.0,26,Entire home/apt,4.430816798843313,83.0
24,5.0,1,1,2,1.0,1.0,26,Entire home/apt,4.543294782270004,93.0
11,5.0,1,1,7,2.0,3.0,26,Entire home/apt,5.209486152841421,182.0
18,4.5,1,1,3,1.0,1.0,26,Entire home/apt,4.51085950651685,90.0
48,5.0,1,1,2,1.0,1.0,26,Private room,4.330733340286331,75.0
7,5.0,1,1,2,1.0,1.0,26,Entire home/apt,5.278114659230517,195.0
5,5.0,1,1,1,1.0,1.0,26,Private room,4.02535169073515,55.0
16,4.5,1,1,3,1.0,1.0,26,Private room,4.248495242049359,69.0
20,5.0,1,1,4,1.0,2.0,26,Entire home/apt,4.382026634673881,79.0
8,5.0,1,1,4,1.0,2.0,26,Entire home/apt,4.553876891600541,94.0
52,5.0,1,1,2,1.0,1.0,26,Entire home/apt,4.110873864173311,60.0
3,4.5,1,1,4,1.0,1.0,27,Entire home/apt,5.1298987149230735,168.0
55,5.0,1,1,2,1.0,0.0,26,Entire home/apt,3.7612001156935615,42.0
5,5.0,1,1,8,2.0,4.0,26,Entire home/apt,5.771441123130016,320.0
42,4.5,1,1,2,1.0,0.0,26,Entire home/apt,4.51085950651685,90.0
11,4.5,1,1,13,3.0,5.0,26,Entire home/apt,5.929589143389895,375.0
22,5.0,1,1,2,1.0,0.0,26,Entire home/apt,4.110873864173311,60.0
18,5.0,1,1,2,1.0,0.0,26,Entire home/apt,4.624972813284271,101.0
13,5.0,1,1,2,1.0,1.0,26,Entire home/apt,4.382026634673881,79.0
10,4.5,1,1,6,2.0,2.0,26,Entire home/apt,5.081404364984463,160.0
21,5.0,1,1,2,1.0,0.0,26,Entire home/apt,4.394449154672439,80.0
21,3.5,1,1,2,1.0,1.0,26,Private room,3.258096538021482,25.0
53,4.5,1,1,3,1.0,0.0,26,Entire home/apt,4.143134726391533,62.0
7,5.0,1,1,2,1.5,1.0,26,Private room,4.709530201312334,110.0
8,4.5,1,1,4,1.0,2.0,26,Entire home/apt,4.110873864173311,60.0
75,5.0,1,1,4,1.0,1.0,26,Entire home/apt,4.330733340286331,75.0
8,5.0,1,1,2,1.0,1.0,26,Private room,3.555348061489413,34.0
4,5.0,1,1,2,1.0,1.0,26,Private room,3.555348061489413,34.0
20,4.5,1,1,2,1.5,1.0,26,Private room,4.02535169073515,55.0
10,5.0,1,1,3,1.5,2.0,26,Private room,4.875197323201151,130.0
7,5.0,1,1,2,1.0,1.0,28,Private room,4.07753744390572,58.0
4,4.5,1,1,6,2.0,3.0,26,Entire home/apt,5.181783550292085,177.0
2,5.0,0,1,2,1.0,1.0,26,Private room,4.394449154672439,80.0
18,5.0,1,1,1,1.0,1.0,26,Private room,3.58351893845611,35.0
2,5.0,0,1,2,1.0,1.0,26,Private room,4.61512051684126,100.0
28,5.0,1,1,3,1.0,1.0,26,Entire home/apt,4.499809670330265,89.0
3,4.5,1,1,1,1.0,1.0,27,Private room,3.6635616461296463,38.0
52,5.0,1,1,3,1.0,0.0,27,Private room,3.9318256327243257,50.0
0,5.0,0,0,2,1.0,1.0,26,Entire home/apt,5.198497031265826,180.0
4,5.0,1,1,8,3.5,3.0,26,Entire home/apt,5.981414211254481,395.0
24,5.0,1,1,2,1.0,0.0,26,Entire home/apt,4.330733340286331,75.0
1,5.0,0,1,10,3.0,4.0,26,Entire home/apt,6.111467339502679,450.0
28,4.5,1,1,2,1.0,1.0,26,Entire home/apt,4.110873864173311,60.0
3,5.0,1,1,2,1.0,0.0,26,Entire home/apt,4.0943445622221,59.0
13,5.0,1,1,6,1.0,2.0,26,Entire home/apt,4.605170185988092,99.0
29,5.0,1,1,14,3.0,5.0,26,Entire home/apt,5.525452939131784,250.0
25,5.0,1,1,2,1.0,0.0,26,Entire home/apt,4.262679877041316,70.0
12,5.0,1,1,2,1.0,1.0,26,Private room,4.02535169073515,55.0
6,5.0,1,1,4,1.0,1.0,27,Entire home/apt,4.852030263919617,127.0
56,5.0,1,1,6,1.0,1.0,26,Entire home/apt,4.564348191467836,95.0
4,4.5,1,1,6,1.0,2.0,26,Entire home/apt,5.017279836814924,150.0
8,4.5,1,1,2,1.0,1.0,26,Private room,3.9318256327243257,50.0
36,5.0,1,1,2,1.0,1.0,26,Private room,3.367295829986474,28.0
48,4.5,1,1,5,1.0,1.0,26,Entire home/apt,4.77912349311153,118.0
34,5.0,1,1,2,1.0,1.0,26,Private room,4.454347296253507,85.0
5,5.0,1,1,5,2.0,4.0,26,Entire home/apt,4.795790545596741,120.0
0,5.0,0,0,1,0.0,1.0,26,Private room,4.454347296253507,85.0
23,5.0,1,1,4,1.0,1.0,26,Entire home/apt,4.59511985013459,98.0
0,5.0,0,0,6,2.0,3.0,26,Entire home/apt,5.942799375126701,380.0
36,5.0,1,1,4,1.0,1.0,26,Entire home/apt,4.248495242049359,69.0
31,5.0,1,1,4,1.0,1.0,26,Entire home/apt,4.787491742782046,119.0
5,5.0,1,1,4,1.0,2.0,26,Entire home/apt,4.795790545596741,120.0
28,5.0,1,1,6,2.5,2.0,26,Entire home/apt,4.867534450455582,129.0
21,5.0,1,1,4,1.0,2.0,26,Entire home/apt,4.836281906951478,125.0
31,5.0,1,1,2,1.0,1.0,26,Private room,3.8501476017100575,46.0
24,5.0,1,1,3,1.0,1.0,26,Private room,4.330733340286331,75.0
13,5.0,1,1,6,1.0,2.0,26,Entire home/apt,5.010635294096256,149.0
13,5.0,1,1,4,1.0,2.0,26,Entire home/apt,4.948759890378168,140.0
1,5.0,0,1,4,2.0,2.0,26,Entire home/apt,5.525452939131784,250.0
15,5.0,1,1,2,1.0,1.0,26,Entire home/apt,4.382026634673881,79.0
29,5.0,1,1,4,1.0,1.0,26,Entire home/apt,4.912654885736052,135.0
15,4.5,1,1,4,1.0,1.0,26,Private room,4.248495242049359,69.0
1,5.0,0,1,2,1.0,1.0,26,Entire home/apt,4.836281906951478,125.0
14,5.0,1,1,3,1.0,0.0,26,Entire home/apt,4.394449154672439,80.0
16,5.0,1,1,5,1.0,3.0,27,Entire home/apt,4.663439094112067,105.0
0,5.0,0,0,3,1.5,2.0,25,Private room,4.499809670330265,89.0
58,5.0,1,1,4,1.0,1.0,26,Entire home/apt,4.330733340286331,75.0
12,5.0,1,1,3,1.0,0.0,26,Entire home/apt,4.795790545596741,120.0
47,5.0,1,1,2,1.0,0.0,26,Entire home/apt,4.454347296253507,85.0
31,4.5,1,1,2,2.0,1.0,26,Private room,4.382026634673881,79.0
6,5.0,1,1,5,2.5,2.0,26,Entire home/apt,4.454347296253507,85.0
33,5.0,1,1,2,1.0,1.0,26,Private room,3.610917912644224,36.0
22,5.0,1,1,3,1.0,1.0,26,Entire home/apt,4.574710978503383,96.0
20,4.0,1,1,2,1.0,0.0,26,Entire home/apt,3.9318256327243257,50.0
25,5.0,1,1,10,2.5,4.0,26,Entire home/apt,5.293304824724492,198.0
12,5.0,1,1,2,1.0,1.0,27,Private room,4.248495242049359,69.0
20,5.0,1,1,4,1.0,1.0,26,Entire home/apt,4.61512051684126,100.0
13,5.0,1,1,4,1.0,1.0,26,Entire home/apt,4.61512051684126,100.0
2,5.0,0,1,1,1.0,1.0,26,Private room,4.564348191467836,95.0
21,5.0,1,1,1,1.0,1.0,27,Private room,4.248495242049359,69.0
34,5.0,1,1,2,1.0,0.0,26,Entire home/apt,4.709530201312334,110.0
31,5.0,1,1,4,1.0,1.0,26,Entire home/apt,4.382026634673881,79.0
16,5.0,1,1,2,1.0,1.0,27,Entire home/apt,4.605170185988092,99.0
22,5.0,1,1,8,2.0,3.0,26,Entire home/apt,5.170483995038151,175.0
1,5.0,0,1,2,1.0,1.0,26,Entire home/apt,4.709530201312334,110.0
3,5.0,1,1,2,1.5,1.0,26,Private room,4.983606621708336,145.0
19,5.0,1,1,6,2.0,2.0,26,Entire home/apt,5.111987788356544,165.0
2,5.0,0,1,3,1.0,1.0,26,Private room,3.258096538021482,25.0
0,5.0,0,0,7,2.5,3.0,26,Entire home/apt,5.902633333401366,365.0
14,4.5,1,1,4,1.0,1.0,26,Entire home/apt,4.499809670330265,89.0
7,4.5,1,1,12,3.5,5.0,28,Entire home/apt,5.594711379601839,268.0
27,5.0,1,1,4,1.0,1.0,26,Entire home/apt,4.7535901911063645,115.0
4,5.0,1,1,6,2.5,3.0,26,Entire home/apt,6.054439346269371,425.0
28,4.5,1,1,2,1.0,0.0,26,Entire home/apt,4.02535169073515,55.0
27,4.5,1,1,2,1.0,0.0,26,Entire home/apt,4.110873864173311,60.0
22,5.0,1,1,2,1.0,1.0,26,Private room,4.394449154672439,80.0
23,5.0,1,1,2,1.0,1.0,26,Private room,4.30406509320417,73.0
7,5.0,1,1,10,2.5,3.0,26,Entire home/apt,5.017279836814924,150.0
21,4.5,1,1,8,2.5,3.0,26,Entire home/apt,5.198497031265826,180.0
14,5.0,1,1,2,1.0,1.0,26,Entire home/apt,4.836281906951478,125.0
5,5.0,1,1,2,1.0,0.0,26,Entire home/apt,4.564348191467836,95.0
33,5.0,1,1,6,1.0,2.0,26,Entire home/apt,4.7535901911063645,115.0
20,4.5,1,1,2,1.0,1.0,26,Entire home/apt,4.110873864173311,60.0
1,5.0,0,1,6,2.0,3.0,26,Entire home/apt,5.10594547390058,164.0
20,5.0,1,1,6,1.0,2.0,26,Entire home/apt,5.14166355650266,170.0
3,4.5,1,1,6,1.0,1.0,27,Entire home/apt,5.075173815233827,159.0
26,5.0,1,1,3,1.0,1.0,26,Entire home/apt,4.836281906951478,125.0
25,5.0,1,1,2,1.0,1.0,26,Private room,3.9318256327243257,50.0
5,4.0,1,1,5,0.0,1.0,27,Entire home/apt,3.784189633918261,43.0
17,4.5,1,1,10,1.0,2.0,26,Entire home/apt,4.605170185988092,99.0
18,5.0,1,1,5,1.0,2.0,26,Entire home/apt,4.836281906951478,125.0
28,4.5,1,1,12,3.5,4.0,26,Entire home/apt,4.718498871295094,111.0
12,5.0,1,1,4,1.0,0.0,26,Entire home/apt,4.787491742782046,119.0
38,5.0,1,1,2,1.0,1.0,26,Private room,3.49650756146648,32.0
28,5.0,1,1,4,1.0,0.0,26,Entire home/apt,4.454347296253507,85.0
34,5.0,1,1,9,3.0,3.0,26,Entire home/apt,5.017279836814924,150.0
24,5.0,1,1,4,1.0,2.0,26,Entire home/apt,4.795790545596741,120.0
19,5.0,1,1,2,1.0,1.0,26,Private room,3.4339872044851463,30.0
18,5.0,1,1,2,1.0,1.0,26,Entire home/apt,4.189654742026425,65.0
11,5.0,1,1,4,2.5,2.0,26,Entire home/apt,4.700480365792417,109.0
1,5.0,0,1,8,2.5,4.0,26,Entire home/apt,5.3981627015177525,220.0
2,5.0,0,1,3,1.0,0.0,26,Entire home/apt,4.262679877041316,70.0
38,5.0,1,1,5,2.0,3.0,26,Entire home/apt,4.867534450455582,129.0
0,5.0,0,0,6,1.0,3.0,26,Entire home/apt,5.278114659230517,195.0
2,5.0,0,1,3,5.0,1.0,26,Private room,5.111987788356544,165.0
7,4.5,1,1,6,1.0,3.0,27,Entire home/apt,4.795790545596741,120.0
45,5.0,1,1,2,1.0,1.0,26,Entire home/apt,4.564348191467836,95.0
17,5.0,1,1,3,1.0,2.0,26,Entire home/apt,5.010635294096256,149.0
22,5.0,1,1,4,1.0,2.0,26,Entire home/apt,4.709530201312334,110.0
14,5.0,1,1,2,1.0,1.0,26,Private room,3.4339872044851463,30.0
14,5.0,1,1,2,1.0,1.0,26,Private room,3.4339872044851463,30.0
15,5.0,1,1,25,4.5,7.0,26,Entire home/apt,5.3230099791384085,204.0
8,4.5,1,1,9,3.5,3.0,26,Entire home/apt,4.7535901911063645,115.0
24,5.0,1,1,2,1.0,0.0,26,Entire home/apt,3.784189633918261,43.0
12,4.5,1,1,1,1.5,1.0,26,Private room,3.610917912644224,36.0
3,4.5,1,1,4,1.0,1.0,26,Private room,3.8918202981106265,48.0
22,4.5,1,1,3,1.0,1.0,26,Entire home/apt,4.499809670330265,89.0
11,4.5,1,1,2,1.0,1.0,26,Entire home/apt,4.867534450455582,129.0
6,4.5,1,1,4,1.0,1.0,27,Entire home/apt,4.836281906951478,125.0
6,4.5,1,1,6,1.0,1.0,26,Entire home/apt,4.605170185988092,99.0
21,3.5,1,1,5,1.0,0.0,26,Entire home/apt,3.9318256327243257,50.0
26,4.5,1,1,2,1.0,0.0,26,Entire home/apt,4.454347296253507,85.0
22,4.0,1,1,2,1.0,0.0,26,Entire home/apt,4.110873864173311,60.0
32,4.5,1,1,2,1.0,0.0,26,Entire home/apt,4.110873864173311,60.0
0,5.0,0,0,7,3.0,4.0,26,Entire home/apt,5.438079308923196,229.0
8,5.0,1,1,2,1.0,1.0,26,Entire home/apt,5.135798437050262,169.0
14,5.0,1,1,2,1.0,1.0,26,Private room,4.23410650459726,68.0
8,5.0,1,1,2,1.0,1.0,26,Private room,4.02535169073515,55.0
31,5.0,1,1,2,1.0,1.0,26,Private room,4.248495242049359,69.0
24,5.0,1,1,6,2.5,3.0,26,Entire home/apt,5.420534999272286,225.0
23,5.0,1,1,2,1.0,0.0,26,Entire home/apt,4.948759890378168,140.0
5,5.0,1,1,6,2.5,3.0,26,Entire home/apt,5.521460917862246,249.0
21,5.0,1,1,4,1.0,1.0,26,Entire home/apt,4.04305126783455,56.0
17,5.0,1,1,4,2.0,2.0,26,Entire home/apt,4.672828834461906,106.0
10,4.5,1,1,5,1.0,2.0,27,Entire home/apt,4.859812404361672,128.0
3,5.0,1,1,2,1.0,1.0,26,Entire home/apt,5.25227342804663,190.0
7,4.5,1,1,5,2.0,2.0,26,Entire home/apt,4.605170185988092,99.0
24,5.0,1,1,4,1.0,1.0,26,Entire home/apt,4.605170185988092,99.0
10,5.0,1,1,6,2.0,3.0,26,Entire home/apt,4.948759890378168,140.0
59,5.0,1,1,2,1.0,1.0,26,Private room,3.828641396489095,45.0
7,4.5,1,1,4,1.0,1.0,26,Entire home/apt,4.3694478524670215,78.0
22,4.5,1,1,2,2.0,1.0,26,Private room,3.258096538021482,25.0
3,3.0,1,1,3,1.0,0.0,26,Entire home/apt,4.262679877041316,70.0
0,5.0,0,0,3,1.0,1.0,26,Entire home/apt,4.394449154672439,80.0
41,4.5,1,1,2,2.0,1.0,26,Private room,4.007333185232471,54.0
54,5.0,1,1,5,1.0,2.0,26,Entire home/apt,4.406719247264253,81.0
0,5.0,0,0,2,1.0,1.0,26,Entire home/apt,4.564348191467836,95.0
27,4.5,1,1,4,1.0,2.0,26,Entire home/apt,4.0943445622221,59.0
15,4.0,1,1,4,1.0,0.0,26,Entire home/apt,4.110873864173311,60.0
9,5.0,1,1,2,1.0,1.0,26,Private room,4.110873864173311,60.0
1,5.0,0,1,2,1.0,1.0,26,Private room,3.713572066704308,40.0
4,5.0,1,1,2,1.0,1.0,32,Private room,5.303304908059076,200.0
1,5.0,0,1,3,1.0,1.0,26,Entire home/apt,4.394449154672439,80.0
1,5.0,0,1,3,1.0,0.0,26,Entire home/apt,4.262679877041316,70.0
2,5.0,0,1,3,1.0,0.0,26,Entire home/apt,4.262679877041316,70.0
3,4.0,1,1,3,1.0,1.0,26,Entire home/apt,4.394449154672439,80.0
1,5.0,0,1,3,1.0,1.0,26,Entire home/apt,4.394449154672439,80.0
2,5.0,0,1,3,1.0,1.0,26,Entire home/apt,4.394449154672439,80.0
1,5.0,0,1,3,1.0,1.0,26,Entire home/apt,4.394449154672439,80.0
1,5.0,0,1,3,1.0,1.0,26,Entire home/apt,4.394449154672439,80.0
11,5.0,1,1,2,1.0,1.0,27,Private room,4.189654742026425,65.0
15,4.5,1,1,10,2.0,3.0,26,Entire home/apt,4.990432586778736,146.0
35,5.0,1,1,2,1.0,1.0,26,Entire home/apt,4.663439094112067,105.0
0,5.0,0,0,3,1.0,1.0,26,Entire home/apt,4.394449154672439,80.0
34,5.0,1,1,5,1.0,2.0,26,Entire home/apt,4.6443908991413725,103.0
6,4.5,1,1,2,1.0,1.0,26,Private room,4.143134726391533,62.0
42,5.0,1,1,4,1.0,0.0,26,Entire home/apt,4.51085950651685,90.0
20,5.0,1,1,4,1.0,1.0,26,Private room,3.9318256327243257,50.0
28,5.0,1,1,2,1.0,0.0,26,Entire home/apt,4.276666119016055,71.0
51,5.0,1,1,3,1.0,1.0,26,Entire home/apt,3.912023005428146,49.0
5,5.0,1,1,6,1.0,3.0,26,Private room,5.017279836814924,150.0
25,5.0,1,1,2,1.0,0.0,26,Entire home/apt,4.110873864173311,60.0
1,5.0,0,1,4,1.0,1.0,26,Entire home/apt,5.220355825078324,184.0
32,5.0,1,1,4,1.0,1.0,26,Entire home/apt,4.394449154672439,80.0
6,5.0,1,1,3,1.0,1.0,26,Entire home/apt,4.330733340286331,75.0
51,5.0,1,1,6,1.0,1.0,26,Entire home/apt,3.9318256327243257,50.0
9,4.5,1,1,2,1.0,1.0,26,Entire home/apt,4.48863636973214,88.0
27,4.5,1,1,12,2.0,4.0,26,Entire home/apt,4.605170185988092,99.0
14,4.5,1,1,6,2.0,2.0,26,Entire home/apt,5.017279836814924,150.0
1,5.0,0,1,1,2.0,1.0,27,Private room,3.58351893845611,35.0
8,4.0,1,1,1,1.0,1.0,26,Shared room,3.258096538021482,25.0
18,5.0,1,1,2,1.5,1.0,27,Private room,3.258096538021482,25.0
0,5.0,0,0,4,1.0,2.0,26,Entire home/apt,4.564348191467836,95.0
30,5.0,1,1,2,1.0,1.0,26,Entire home/apt,4.454347296253507,85.0
21,5.0,1,1,3,1.0,1.0,26,Entire home/apt,4.61512051684126,100.0
43,5.0,1,1,6,2.0,2.0,26,Entire home/apt,4.795790545596741,120.0
23,5.0,1,1,8,3.5,3.0,26,Entire home/apt,4.709530201312334,110.0
9,5.0,1,1,1,1.0,1.0,26,Private room,3.58351893845611,35.0
39,5.0,1,1,6,2.5,2.0,26,Entire home/apt,5.327876168789581,205.0
2,5.0,0,1,2,1.0,1.0,26,Private room,4.02535169073515,55.0
3,3.5,1,1,1,1.0,1.0,27,Private room,3.367295829986474,28.0
66,5.0,1,1,4,1.0,0.0,26,Entire home/apt,3.9318256327243257,50.0
14,5.0,1,1,2,1.0,1.0,26,Entire home/apt,4.330733340286331,75.0
33,4.5,1,1,4,1.0,2.0,26,Entire home/apt,4.499809670330265,89.0
20,4.5,1,1,2,1.0,1.0,26,Entire home/apt,4.007333185232471,54.0
25,5.0,1,1,6,2.5,3.0,26,Entire home/apt,5.198497031265826,180.0
3,5.0,1,1,2,1.0,1.0,26,Private room,4.262679877041316,70.0
4,5.0,1,1,8,2.5,3.0,26,Entire home/apt,4.7535901911063645,115.0
8,4.5,1,1,6,1.5,2.0,26,Entire home/apt,4.836281906951478,125.0
36,5.0,1,1,2,1.0,1.0,26,Private room,4.330733340286331,75.0
20,5.0,1,1,4,1.0,0.0,26,Entire home/apt,4.836281906951478,125.0
8,5.0,1,1,2,1.5,1.0,26,Private room,4.454347296253507,85.0
23,5.0,1,1,2,1.0,1.0,26,Entire home/apt,4.564348191467836,95.0
6,5.0,1,1,6,2.0,3.0,26,Entire home/apt,5.010635294096256,149.0
19,5.0,1,1,4,1.0,2.0,26,Entire home/apt,4.5217885770490405,91.0
15,5.0,1,1,5,2.0,2.0,26,Entire home/apt,5.525452939131784,250.0
43,5.0,1,1,3,1.0,1.0,26,Entire home/apt,4.330733340286331,75.0
35,4.5,1,1,2,1.0,1.0,26,Private room,3.713572066704308,40.0
47,5.0,1,1,2,1.0,1.0,26,Entire home/apt,4.394449154672439,80.0
6,4.5,1,1,2,1.0,1.0,26,Entire home/apt,4.48863636973214,88.0
50,4.5,1,1,2,1.0,1.0,26,Private room,3.688879454113936,39.0
32,5.0,1,1,2,1.0,0.0,26,Entire home/apt,4.189654742026425,65.0
37,5.0,1,1,4,1.0,1.0,26,Entire home/apt,4.30406509320417,73.0
9,4.5,1,1,2,1.0,1.0,26,Entire home/apt,4.48863636973214,88.0
5,4.5,1,1,2,1.0,1.0,26,Entire home/apt,4.48863636973214,88.0
22,5.0,1,1,6,2.0,2.0,27,Entire home/apt,4.7535901911063645,115.0
5,3.5,1,1,9,2.5,3.0,26,Entire home/apt,6.111467339502679,450.0
16,5.0,1,1,2,1.0,1.0,26,Private room,4.189654742026425,65.0
9,5.0,1,1,6,1.5,2.0,26,Entire home/apt,6.111467339502679,450.0
2,5.0,0,1,6,2.0,3.0,26,Entire home/apt,4.532599493153256,92.0
2,5.0,0,1,3,1.0,1.0,26,Entire home/apt,4.465908118654584,86.0
1,5.0,0,1,8,3.0,3.0,26,Entire home/apt,6.2166061010848646,500.0
13,5.0,1,1,7,3.0,4.0,27,Entire home/apt,5.017279836814924,150.0
13,4.5,1,1,6,1.0,2.0,26,Entire home/apt,4.330733340286331,75.0
2,5.0,0,1,6,1.0,1.0,26,Entire home/apt,4.61512051684126,100.0
8,4.0,1,1,2,1.0,0.0,26,Entire home/apt,4.709530201312334,110.0
26,5.0,1,1,3,1.0,1.0,26,Entire home/apt,4.418840607796598,82.0
10,5.0,1,1,3,1.0,1.0,26,Entire home/apt,4.262679877041316,70.0
27,4.5,1,1,4,1.0,1.0,26,Entire home/apt,3.912023005428146,49.0
52,4.5,1,1,3,0.5,0.0,26,Entire home/apt,4.330733340286331,75.0
0,5.0,0,0,2,1.5,1.0,26,Private room,3.4339872044851463,30.0
8,3.5,1,1,2,1.0,0.0,26,Entire home/apt,4.663439094112067,105.0
19,4.5,1,1,9,1.0,3.0,25,Entire home/apt,4.553876891600541,94.0
23,5.0,1,1,4,1.0,0.0,26,Entire home/apt,4.110873864173311,60.0
3,4.5,1,1,7,3.0,4.0,26,Entire home/apt,6.054439346269371,425.0
0,5.0,0,0,4,1.0,1.0,26,Entire home/apt,4.330733340286331,75.0
0,5.0,0,0,1,2.0,1.0,26,Private room,3.713572066704308,40.0
34,5.0,1,1,2,1.0,1.0,26,Private room,3.713572066704308,40.0
17,5.0,1,1,2,1.0,1.0,26,Private room,4.330733340286331,75.0
1,5.0,0,1,3,1.0,0.0,26,Entire home/apt,4.564348191467836,95.0
18,5.0,1,1,4,1.0,2.0,26,Private room,4.330733340286331,75.0
30,5.0,1,1,2,1.0,1.0,26,Entire home/apt,4.605170185988092,99.0
0,5.0,0,0,7,2.0,3.0,26,Entire home/apt,5.525452939131784,250.0
21,4.5,1,1,2,2.0,1.0,26,Private room,4.795790545596741,120.0
12,5.0,1,1,2,1.0,1.0,26,Private room,3.7612001156935615,42.0
8,4.5,1,1,2,2.0,1.0,26,Private room,3.258096538021482,25.0
8,4.5,1,1,2,2.0,1.0,26,Private room,3.258096538021482,25.0
3,5.0,1,1,10,3.5,5.0,26,Entire home/apt,6.2166061010848646,500.0
25,4.5,1,1,4,1.0,1.0,26,Entire home/apt,4.0943445622221,59.0
38,5.0,1,1,4,1.0,0.0,26,Entire home/apt,4.330733340286331,75.0
38,5.0,1,1,4,1.0,1.0,26,Entire home/apt,4.499809670330265,89.0
9,5.0,1,1,2,1.0,0.0,26,Entire home/apt,4.663439094112067,105.0
23,5.0,1,1,4,1.0,1.0,26,Entire home/apt,4.454347296253507,85.0
2,5.0,0,1,1,1.0,1.0,25,Private room,4.574710978503383,96.0
23,5.0,1,1,2,1.0,1.0,26,Entire home/apt,4.262679877041316,70.0
30,5.0,1,1,6,1.0,2.0,26,Entire home/apt,4.605170185988092,99.0
3,5.0,1,1,5,1.0,2.0,26,Entire home/apt,3.951243718581428,51.0
35,4.5,1,1,4,1.0,1.0,26,Entire home/apt,4.465908118654584,86.0
10,4.0,1,1,4,1.0,1.0,27,Private room,3.9318256327243257,50.0
1,5.0,0,1,6,2.5,2.0,26,Entire home/apt,5.278114659230517,195.0
40,5.0,1,1,3,1.0,1.0,26,Entire home/apt,3.828641396489095,45.0
1,5.0,0,1,8,2.0,3.0,26,Entire home/apt,5.991464547107982,399.0
5,5.0,1,1,3,1.0,1.0,26,Entire home/apt,4.189654742026425,65.0
4,5.0,1,1,2,1.0,1.0,26,Entire home/apt,4.7535901911063645,115.0
26,5.0,1,1,3,1.0,1.0,26,Entire home/apt,4.110873864173311,60.0
9,5.0,1,1,2,1.0,1.0,26,Private room,4.51085950651685,90.0
18,5.0,1,1,3,1.0,2.0,27,Private room,4.248495242049359,69.0
17,5.0,1,1,1,1.0,1.0,26,Private room,4.330733340286331,75.0
57,5.0,1,1,5,1.5,2.0,26,Entire home/apt,4.61512051684126,100.0
10,4.5,1,1,2,1.5,1.0,26,Private room,4.189654742026425,65.0
57,5.0,1,1,4,1.0,2.0,26,Entire home/apt,4.499809670330265,89.0
23,5.0,1,1,11,2.0,4.0,26,Entire home/apt,5.278114659230517,195.0
6,5.0,1,1,10,2.0,4.0,26,Entire home/apt,5.298317366548036,199.0
0,5.0,0,0,4,2.0,2.0,27,Entire home/apt,5.017279836814924,150.0
15,4.5,1,1,2,1.0,0.0,26,Entire home/apt,4.406719247264253,81.0
7,5.0,1,1,3,1.0,2.0,26,Private room,4.330733340286331,75.0
17,4.5,1,1,2,1.0,1.0,27,Private room,3.828641396489095,45.0
38,5.0,1,1,3,1.0,0.0,26,Entire home/apt,4.262679877041316,70.0
14,4.0,1,1,4,1.0,2.0,26,Entire home/apt,4.382026634673881,79.0
14,4.5,1,1,7,1.0,2.0,26,Entire home/apt,4.454347296253507,85.0
0,5.0,0,0,6,2.5,3.0,26,Entire home/apt,5.891644211825772,361.0
11,5.0,1,1,4,2.0,2.0,26,Entire home/apt,5.198497031265826,180.0
6,5.0,1,1,1,1.0,1.0,27,Private room,3.912023005428146,49.0
7,4.5,1,1,4,1.0,2.0,26,Private room,5.198497031265826,180.0
39,4.5,1,1,3,1.0,1.0,26,Entire home/apt,4.110873864173311,60.0
1,5.0,0,1,4,2.0,2.0,26,Entire home/apt,5.017279836814924,150.0
22,5.0,1,1,6,1.0,3.0,26,Entire home/apt,4.262679877041316,70.0
19,5.0,1,1,10,2.0,4.0,26,Entire home/apt,5.111987788356544,165.0
21,4.5,1,1,2,1.0,0.0,26,Entire home/apt,3.8918202981106265,48.0
26,5.0,1,1,2,1.0,0.0,26,Entire home/apt,3.9318256327243257,50.0
15,4.5,1,1,2,1.0,0.0,26,Entire home/apt,4.02535169073515,55.0
7,5.0,1,1,4,1.0,1.0,26,Entire home/apt,4.795790545596741,120.0
15,5.0,1,1,4,1.0,1.0,26,Entire home/apt,4.262679877041316,70.0
33,5.0,1,1,4,1.0,0.0,26,Entire home/apt,4.394449154672439,80.0
23,5.0,1,1,2,1.0,1.0,26,Private room,4.499809670330265,89.0
4,5.0,1,1,2,1.5,1.0,26,Private room,4.382026634673881,79.0
0,5.0,0,0,2,1.0,1.0,26,Entire home/apt,5.771441123130016,320.0
2,5.0,0,1,6,2.0,2.0,26,Entire home/apt,5.181783550292085,177.0
37,4.5,1,1,4,1.0,0.0,27,Entire home/apt,4.248495242049359,69.0
4,5.0,1,1,6,2.0,4.0,26,Entire home/apt,5.673323267171493,290.0
0,5.0,0,0,7,2.0,2.0,26,Entire home/apt,5.170483995038151,175.0
49,5.0,1,1,3,1.0,1.0,26,Private room,3.828641396489095,45.0
9,5.0,1,1,2,1.0,0.0,26,Entire home/apt,4.127134385045092,61.0
18,5.0,1,1,6,2.0,3.0,26,Entire home/apt,5.135798437050262,169.0
1,5.0,0,1,5,1.0,2.0,26,Entire home/apt,4.955827057601261,141.0
15,5.0,1,1,3,1.0,1.0,27,Entire home/apt,4.290459441148391,72.0
19,5.0,1,1,4,1.0,2.0,26,Entire home/apt,5.017279836814924,150.0
6,5.0,1,1,1,1.0,1.0,27,Private room,4.248495242049359,69.0
39,5.0,1,1,2,1.0,1.0,26,Entire home/apt,4.454347296253507,85.0
30,5.0,1,1,4,1.0,1.0,26,Entire home/apt,4.634728988229636,102.0
1,5.0,0,1,2,1.5,1.0,27,Private room,4.23410650459726,68.0
10,4.5,1,1,2,1.0,1.0,26,Private room,3.688879454113936,39.0
5,4.0,1,1,1,1.0,1.0,26,Shared room,3.258096538021482,25.0
1,5.0,0,1,4,2.5,2.0,26,Entire home/apt,4.48863636973214,88.0
0,5.0,0,0,4,1.0,2.0,26,Entire home/apt,4.564348191467836,95.0
0,5.0,0,0,1,3.0,1.0,26,Private room,3.58351893845611,35.0
9,5.0,1,1,6,2.0,2.0,26,Entire home/apt,4.77912349311153,118.0
38,5.0,1,1,2,1.0,1.0,26,Private room,3.6635616461296463,38.0
46,5.0,1,1,2,1.0,0.0,26,Entire home/apt,4.61512051684126,100.0
42,5.0,1,1,5,1.0,2.0,26,Entire home/apt,4.356708826689592,77.0
13,5.0,1,1,4,1.0,2.0,26,Entire home/apt,4.382026634673881,79.0
0,5.0,0,0,2,1.0,1.0,26,Entire home/apt,5.017279836814924,150.0
2,5.0,0,1,3,1.0,1.0,26,Entire home/apt,4.430816798843313,83.0
1,5.0,0,1,2,1.0,1.0,26,Entire home/apt,5.231108616854587,186.0
2,5.0,0,1,4,1.0,2.0,26,Entire home/apt,4.90527477843843,134.0
27,5.0,1,1,2,1.0,1.0,26,Private room,3.688879454113936,39.0
3,4.5,1,1,2,1.0,1.0,26,Entire home/apt,5.075173815233827,159.0
1,5.0,0,1,6,1.0,3.0,26,Entire home/apt,5.552959584921617,257.0
39,5.0,1,1,2,1.0,0.0,26,Entire home/apt,3.713572066704308,40.0
8,5.0,1,1,1,1.0,1.0,26,Private room,3.610917912644224,36.0
16,5.0,1,1,2,1.5,1.0,26,Entire home/apt,4.700480365792417,109.0
22,5.0,1,1,12,2.0,3.0,26,Entire home/apt,5.010635294096256,149.0
1,5.0,0,1,4,1.0,2.0,26,Entire home/apt,4.7535901911063645,115.0
34,5.0,1,1,8,1.5,3.0,26,Entire home/apt,5.14166355650266,170.0
49,4.5,1,1,4,1.0,1.0,26,Entire home/apt,3.688879454113936,39.0
42,5.0,1,1,2,1.0,1.0,26,Entire home/apt,4.394449154672439,80.0
2,5.0,0,1,6,1.0,2.0,27,Entire home/apt,5.342334251964811,208.0
36,4.5,1,1,3,1.0,1.0,26,Entire home/apt,4.0943445622221,59.0
34,4.5,1,1,4,1.0,1.0,26,Private room,4.248495242049359,69.0
15,4.5,1,1,2,1.0,1.0,27,Private room,4.110873864173311,60.0
45,5.0,1,1,4,1.0,1.0,26,Entire home/apt,4.143134726391533,62.0
9,5.0,1,1,6,2.5,3.0,26,Entire home/apt,5.993961427306569,400.0
24,5.0,1,1,2,1.0,1.0,26,Private room,3.9318256327243257,50.0
0,5.0,0,0,1,1.0,1.0,25,Private room,4.110873864173311,60.0
13,5.0,1,1,4,1.0,1.0,26,Entire home/apt,4.51085950651685,90.0
45,5.0,1,1,8,1.0,3.0,26,Entire home/apt,4.605170185988092,99.0
11,4.5,1,1,1,1.0,1.0,26,Shared room,3.258096538021482,25.0
29,4.5,1,1,2,1.0,1.0,26,Private room,3.4011973816621555,29.0
13,4.5,1,1,3,1.0,1.0,26,Entire home/apt,4.262679877041316,70.0
2,5.0,0,1,5,2.0,3.0,27,Entire home/apt,4.934473933130692,138.0
0,5.0,0,0,4,2.0,3.0,27,Entire home/apt,4.553876891600541,94.0
5,5.0,1,1,2,1.0,1.0,26,Private room,3.912023005428146,49.0
21,5.0,1,1,4,1.0,2.0,26,Entire home/apt,5.010635294096256,149.0
31,5.0,1,1,2,1.0,1.0,26,Private room,3.828641396489095,45.0
10,5.0,1,1,3,1.0,1.0,26,Entire home/apt,4.795790545596741,120.0
12,5.0,1,1,6,1.0,3.0,26,Entire home/apt,4.875197323201151,130.0
15,4.5,1,1,1,1.5,1.0,26,Private room,3.5263605246161616,33.0
16,5.0,1,1,4,1.0,2.0,26,Entire home/apt,4.564348191467836,95.0
0,5.0,0,0,3,1.0,1.0,26,Private room,4.605170185988092,99.0
0,5.0,0,0,2,1.0,0.0,27,Private room,5.303304908059076,200.0
32,4.5,1,1,4,1.0,2.0,26,Entire home/apt,4.61512051684126,100.0
43,5.0,1,1,4,1.0,0.0,26,Entire home/apt,3.970291913552122,52.0
8,5.0,1,1,5,1.0,2.0,26,Entire home/apt,4.605170185988092,99.0
9,5.0,1,1,4,1.0,1.0,26,Entire home/apt,5.298317366548036,199.0
37,5.0,1,1,10,2.0,3.0,26,Entire home/apt,4.477336814478207,87.0
1,5.0,0,1,4,1.0,2.0,26,Entire home/apt,5.030437921392435,152.0
1,5.0,0,1,5,2.5,2.0,26,Entire home/apt,5.69035945432406,295.0
24,5.0,1,1,4,1.0,2.0,26,Entire home/apt,4.691347882229144,108.0
11,4.0,1,1,2,1.0,1.0,26,Private room,3.258096538021482,25.0
13,5.0,1,1,3,1.0,1.0,26,Private room,3.713572066704308,40.0
5,4.0,1,1,1,1.0,1.0,26,Shared room,3.258096538021482,25.0
4,4.0,1,1,8,2.0,4.0,27,Entire home/apt,5.1298987149230735,168.0
11,4.5,1,1,5,2.0,3.0,26,Entire home/apt,4.382026634673881,79.0
8,5.0,1,1,4,1.0,2.0,26,Entire home/apt,5.247024072160486,189.0
4,4.5,1,1,2,1.0,0.0,32,Entire home/apt,4.060443010546419,57.0
4,5.0,1,1,4,1.0,2.0,26,Entire home/apt,4.795790545596741,120.0
33,4.5,1,1,8,1.0,2.0,26,Entire home/apt,4.859812404361672,128.0
13,5.0,1,1,2,1.0,0.0,26,Entire home/apt,4.290459441148391,72.0
14,4.5,1,1,2,1.0,1.0,26,Entire home/apt,4.174387269895637,64.0
8,4.5,1,1,8,1.0,3.0,26,Entire home/apt,4.189654742026425,65.0
13,5.0,1,1,6,1.0,1.0,26,Entire home/apt,4.867534450455582,129.0
9,4.0,1,1,2,1.0,1.0,26,Entire home/apt,4.330733340286331,75.0
8,4.5,1,1,1,1.0,0.0,27,Private room,3.58351893845611,35.0
14,4.5,1,1,7,1.0,3.0,26,Entire home/apt,4.836281906951478,125.0
0,5.0,0,0,2,1.0,1.0,26,Private room,4.02535169073515,55.0
20,5.0,1,1,2,1.0,1.0,26,Private room,4.189654742026425,65.0
12,5.0,1,1,5,1.0,2.0,26,Entire home/apt,4.356708826689592,77.0
38,5.0,1,1,2,1.0,1.0,26,Private room,3.8918202981106265,48.0
32,5.0,1,1,5,1.0,2.0,28,Entire home/apt,4.330733340286331,75.0
63,5.0,1,1,2,1.0,1.0,26,Private room,3.8918202981106265,48.0
0,5.0,0,0,3,1.0,1.0,26,Entire home/apt,4.61512051684126,100.0
3,5.0,1,1,6,1.0,2.0,26,Entire home/apt,3.9318256327243257,50.0
16,5.0,1,1,5,2.0,2.0,26,Entire home/apt,4.948759890378168,140.0
11,5.0,1,1,2,1.0,1.0,26,Entire home/apt,5.135798437050262,169.0
14,4.5,1,1,3,1.0,0.0,26,Entire home/apt,4.007333185232471,54.0
6,3.5,1,1,2,1.0,1.0,26,Shared room,3.258096538021482,25.0
5,5.0,1,1,4,1.0,2.0,26,Entire home/apt,5.638354669333745,280.0
19,5.0,1,1,4,1.0,1.0,26,Entire home/apt,4.564348191467836,95.0
13,4.0,1,1,2,1.0,1.0,27,Shared room,4.3694478524670215,78.0
30,5.0,1,1,2,1.0,0.0,26,Entire home/apt,4.060443010546419,57.0
17,5.0,1,1,4,1.0,2.0,26,Entire home/apt,4.454347296253507,85.0
2,5.0,0,1,1,1.0,1.0,26,Shared room,3.258096538021482,25.0
30,5.0,1,1,4,1.0,1.0,27,Entire home/apt,3.9318256327243257,50.0
30,5.0,1,1,8,2.0,3.0,27,Entire home/apt,4.795790545596741,120.0
2,5.0,0,1,5,2.0,4.0,26,Entire home/apt,4.934473933130692,138.0
7,5.0,1,1,7,2.0,3.0,26,Entire home/apt,5.298317366548036,199.0
21,5.0,1,1,3,1.5,1.0,26,Private room,4.454347296253507,85.0
36,5.0,1,1,4,1.0,1.0,26,Entire home/apt,4.48863636973214,88.0
33,4.5,1,1,2,1.0,1.0,26,Private room,3.713572066704308,40.0
2,5.0,0,1,2,1.0,1.0,26,Entire home/apt,4.0943445622221,59.0
1,5.0,0,1,3,1.0,0.0,26,Entire home/apt,4.709530201312334,110.0
21,5.0,1,1,4,1.0,1.0,26,Entire home/apt,4.61512051684126,100.0
22,5.0,1,1,2,1.0,1.0,26,Private room,4.74493212836325,114.0
9,5.0,1,1,2,1.0,1.0,26,Private room,3.7612001156935615,42.0
8,4.0,1,1,2,1.0,1.0,26,Private room,4.709530201312334,110.0
17,5.0,1,1,4,1.0,1.0,26,Entire home/apt,4.110873864173311,60.0
0,5.0,0,0,5,1.0,2.0,26,Entire home/apt,4.820281565605037,123.0
1,5.0,0,1,1,1.0,1.0,27,Private room,3.9318256327243257,50.0
13,4.5,1,1,2,1.5,1.0,26,Private room,3.951243718581428,51.0
18,4.5,1,1,2,1.0,1.0,26,Private room,3.951243718581428,51.0
2,5.0,0,1,6,3.5,3.0,26,Entire home/apt,6.077642243349034,435.0
2,5.0,0,1,8,2.0,3.0,26,Entire home/apt,5.093750200806762,162.0
13,5.0,1,1,2,1.0,0.0,26,Entire home/apt,4.454347296253507,85.0
35,5.0,1,1,2,1.0,1.0,26,Entire home/apt,4.248495242049359,69.0
5,5.0,1,1,7,2.5,3.0,26,Entire home/apt,5.030437921392435,152.0
5,5.0,1,1,12,3.0,5.0,26,Entire home/apt,5.834810737062605,341.0
9,5.0,1,1,6,1.0,2.0,26,Entire home/apt,4.962844630259907,142.0
7,4.5,1,1,8,2.0,3.0,26,Entire home/apt,5.278114659230517,195.0
2,5.0,0,1,5,2.0,3.0,26,Entire home/apt,5.707110264748875,300.0
7,4.5,1,1,4,1.0,1.0,26,Entire home/apt,4.867534450455582,129.0
17,4.5,1,1,2,1.0,1.0,26,Entire home/apt,4.499809670330265,89.0
0,5.0,0,0,2,1.0,0.0,26,Entire home/apt,4.110873864173311,60.0
0,5.0,0,0,2,1.0,0.0,26,Entire home/apt,4.110873864173311,60.0
2,5.0,0,1,2,1.0,0.0,26,Entire home/apt,4.691347882229144,108.0
8,4.5,1,1,4,1.0,1.0,26,Entire home/apt,4.7535901911063645,115.0
30,5.0,1,1,2,1.0,0.0,26,Entire home/apt,4.262679877041316,70.0
17,5.0,1,1,3,1.0,1.0,26,Private room,3.713572066704308,40.0
7,5.0,1,1,4,1.0,2.0,26,Entire home/apt,5.017279836814924,150.0
0,5.0,0,0,2,1.0,0.0,26,Entire home/apt,4.110873864173311,60.0
0,5.0,0,0,2,1.0,0.0,26,Entire home/apt,4.110873864173311,60.0
15,5.0,1,1,4,1.0,1.0,26,Entire home/apt,5.525452939131784,250.0
0,5.0,0,0,2,1.0,1.0,26,Private room,3.9318256327243257,50.0
34,4.5,1,1,2,1.0,0.0,26,Entire home/apt,4.007333185232471,54.0
0,5.0,0,0,1,1.0,0.0,26,Entire home/apt,4.3694478524670215,78.0
11,5.0,1,1,5,2.0,3.0,27,Entire home/apt,5.081404364984463,160.0
0,5.0,0,0,4,1.0,2.0,26,Entire home/apt,4.605170185988092,99.0
9,5.0,1,1,2,1.0,1.0,27,Private room,3.58351893845611,35.0
10,4.5,1,1,3,2.0,1.0,26,Shared room,4.0943445622221,59.0
0,5.0,0,0,12,2.5,4.0,26,Entire home/apt,6.2166061010848646,500.0
11,5.0,1,1,2,1.0,1.0,26,Private room,4.189654742026425,65.0
2,5.0,0,1,4,1.0,2.0,26,Entire home/apt,4.941642422609304,139.0
18,5.0,1,1,2,1.0,1.0,27,Private room,3.912023005428146,49.0
36,5.0,1,1,6,2.0,2.0,26,Entire home/apt,4.795790545596741,120.0
7,5.0,1,1,2,1.0,0.0,26,Entire home/apt,4.189654742026425,65.0
30,4.5,1,1,9,1.0,2.0,26,Entire home/apt,4.23410650459726,68.0
0,5.0,0,0,1,1.5,2.0,27,Private room,5.123963979403259,167.0
17,5.0,1,1,2,1.0,1.0,26,Private room,4.0943445622221,59.0
12,5.0,1,1,2,1.0,1.0,27,Private room,4.330733340286331,75.0
1,5.0,0,1,3,1.5,2.0,27,Private room,5.627621113690637,277.0
0,5.0,0,0,5,1.5,3.0,27,Private room,5.717027701406222,303.0
26,5.0,1,1,4,1.0,0.0,26,Entire home/apt,4.174387269895637,64.0
13,4.5,1,1,3,1.0,1.0,27,Private room,3.912023005428146,49.0
79,5.0,1,1,2,1.0,1.0,26,Private room,3.332204510175204,27.0
43,4.5,1,1,4,1.0,0.0,26,Entire home/apt,4.189654742026425,65.0
1,5.0,0,1,2,1.0,1.0,26,Private room,3.9318256327243257,50.0
0,5.0,0,0,5,2.0,2.0,27,Entire home/apt,4.709530201312334,110.0
7,4.5,1,1,1,1.0,1.0,27,Shared room,3.828641396489095,45.0
17,5.0,1,1,2,1.0,1.0,26,Private room,4.23410650459726,68.0
18,4.5,1,1,2,1.0,0.0,26,Entire home/apt,3.8918202981106265,48.0
11,5.0,1,1,2,1.0,1.0,26,Entire home/apt,4.663439094112067,105.0
3,5.0,1,1,2,1.0,1.0,26,Entire home/apt,4.867534450455582,129.0
28,5.0,1,1,1,1.0,1.0,26,Private room,3.4011973816621555,29.0
1,5.0,0,1,2,1.0,1.0,26,Private room,4.61512051684126,100.0
0,5.0,0,0,4,1.0,2.0,26,Private room,5.442417710521793,230.0
15,5.0,1,1,4,1.0,1.0,26,Entire home/apt,4.158883083359672,63.0
50,5.0,1,1,4,1.0,1.0,26,Entire home/apt,4.454347296253507,85.0
1,5.0,0,1,4,1.5,2.0,26,Private room,4.330733340286331,75.0
38,5.0,1,1,1,1.0,1.0,26,Private room,3.713572066704308,40.0
12,5.0,1,1,2,1.0,1.0,26,Entire home/apt,4.262679877041316,70.0
11,5.0,1,1,2,1.0,1.0,26,Private room,4.330733340286331,75.0
6,5.0,1,1,8,2.0,4.0,26,Entire home/apt,5.525452939131784,250.0
6,5.0,1,1,1,1.0,1.0,27,Private room,3.688879454113936,39.0
21,5.0,1,1,2,1.0,1.0,26,Entire home/apt,4.532599493153256,92.0
38,5.0,1,1,4,1.0,1.0,26,Entire home/apt,4.61512051684126,100.0
27,5.0,1,1,5,2.0,2.0,26,Entire home/apt,4.61512051684126,100.0
30,5.0,1,1,10,1.0,3.0,26,Entire home/apt,5.017279836814924,150.0
4,5.0,1,1,10,1.0,2.0,22,Entire home/apt,4.941642422609304,139.0
3,5.0,1,1,2,1.0,1.0,32,Entire home/apt,4.060443010546419,57.0
29,4.5,1,1,2,1.0,1.0,27,Private room,3.6375861597263857,37.0
39,5.0,1,1,4,1.0,1.0,26,Entire home/apt,4.174387269895637,64.0
15,5.0,1,1,4,1.0,2.0,26,Entire home/apt,4.77912349311153,118.0
31,4.5,1,1,5,1.0,1.0,26,Entire home/apt,3.784189633918261,43.0
16,5.0,1,1,2,1.0,1.0,26,Entire home/apt,4.110873864173311,60.0
15,5.0,1,1,4,1.0,1.0,26,Entire home/apt,4.499809670330265,89.0
0,5.0,0,0,3,1.0,1.0,27,Entire home/apt,4.663439094112067,105.0
3,5.0,1,1,4,2.0,0.0,26,Entire home/apt,5.303304908059076,200.0
11,4.5,1,1,3,1.0,1.0,26,Entire home/apt,4.836281906951478,125.0
58,5.0,1,1,2,1.0,1.0,26,Entire home/apt,4.454347296253507,85.0
12,5.0,1,1,4,1.0,1.0,26,Entire home/apt,4.836281906951478,125.0
12,5.0,1,1,2,1.0,1.0,26,Entire home/apt,5.198497031265826,180.0
22,5.0,1,1,5,1.0,2.0,26,Entire home/apt,4.564348191467836,95.0
13,5.0,1,1,6,1.0,2.0,26,Private room,4.454347296253507,85.0
8,5.0,1,1,4,1.0,2.0,26,Private room,4.343805421853684,76.0
8,4.5,1,1,3,1.0,1.0,26,Entire home/apt,4.61512051684126,100.0
18,5.0,1,1,4,1.0,1.0,26,Entire home/apt,4.74493212836325,114.0
4,5.0,1,1,4,1.0,2.0,27,Entire home/apt,5.049856007249537,155.0
4,4.5,1,1,1,2.0,1.0,27,Private room,3.58351893845611,35.0
7,5.0,1,1,2,1.0,1.0,26,Private room,4.262679877041316,70.0
35,5.0,1,1,6,1.0,2.0,26,Entire home/apt,4.553876891600541,94.0
10,5.0,1,1,6,1.0,2.0,26,Entire home/apt,4.394449154672439,80.0
11,4.5,1,1,4,1.0,1.0,26,Entire home/apt,3.912023005428146,49.0
33,4.5,1,1,3,1.0,1.0,26,Entire home/apt,4.248495242049359,69.0
18,5.0,1,1,5,1.5,2.0,26,Entire home/apt,4.7535901911063645,115.0
5,5.0,1,1,4,2.0,2.0,26,Entire home/apt,5.298317366548036,199.0
25,5.0,1,1,4,1.0,2.0,28,Entire home/apt,4.454347296253507,85.0
7,5.0,1,1,10,2.5,3.0,26,Entire home/apt,4.836281906951478,125.0
0,5.0,0,0,2,1.0,1.0,32,Entire home/apt,4.262679877041316,70.0
3,5.0,1,1,4,1.0,2.0,26,Entire home/apt,5.010635294096256,149.0
0,5.0,0,0,12,4.0,6.0,26,Entire home/apt,6.1092475827643655,449.0
7,4.5,1,1,4,1.0,1.0,26,Entire home/apt,5.247024072160486,189.0
24,5.0,1,1,2,1.0,1.0,26,Entire home/apt,4.543294782270004,93.0
16,5.0,1,1,10,3.0,4.0,26,Entire home/apt,5.298317366548036,199.0
3,5.0,1,1,3,1.0,1.0,26,Entire home/apt,5.247024072160486,189.0
2,5.0,0,1,2,1.0,1.0,26,Entire home/apt,4.795790545596741,120.0
10,5.0,1,1,8,3.0,3.0,32,Entire home/apt,5.786897381366708,325.0
3,5.0,1,1,2,1.0,1.0,26,Private room,3.7612001156935615,42.0
36,5.0,1,1,7,2.5,2.0,26,Entire home/apt,5.198497031265826,180.0
3,5.0,1,1,2,1.0,1.0,26,Private room,3.688879454113936,39.0
0,5.0,0,0,2,1.0,1.0,26,Private room,4.836281906951478,125.0
11,5.0,1,1,1,1.0,1.0,26,Private room,4.189654742026425,65.0
10,5.0,1,1,3,1.0,1.0,28,Entire home/apt,4.499809670330265,89.0
30,5.0,1,1,4,1.0,1.0,26,Entire home/apt,4.31748811353631,74.0
2,5.0,0,1,5,2.0,2.0,27,Entire home/apt,5.170483995038151,175.0
5,4.0,1,1,1,1.0,1.0,26,Shared room,3.258096538021482,25.0
33,5.0,1,1,1,1.0,1.0,26,Private room,3.258096538021482,25.0
1,5.0,0,1,2,1.0,0.0,26,Entire home/apt,4.7535901911063645,115.0
9,4.5,1,1,2,1.5,1.0,26,Entire home/apt,4.867534450455582,129.0
0,5.0,0,0,5,1.0,1.0,26,Entire home/apt,4.795790545596741,120.0
13,5.0,1,1,2,1.0,1.0,27,Private room,4.02535169073515,55.0
2,5.0,0,1,2,1.0,1.0,26,Entire home/apt,4.897839799950911,133.0
1,5.0,0,1,2,1.0,1.0,26,Entire home/apt,4.31748811353631,74.0
2,5.0,0,1,2,1.0,1.0,26,Entire home/apt,4.61512051684126,100.0
1,5.0,0,1,4,1.0,1.0,27,Entire home/apt,4.882801922586371,131.0
34,5.0,1,1,4,1.0,2.0,26,Entire home/apt,4.248495242049359,69.0
9,5.0,1,1,4,1.0,1.0,26,Entire home/apt,4.394449154672439,80.0
25,5.0,1,1,3,1.0,1.0,26,Entire home/apt,4.330733340286331,75.0
39,5.0,1,1,2,1.0,0.0,26,Entire home/apt,3.713572066704308,40.0
50,5.0,1,1,6,1.0,1.0,26,Entire home/apt,4.564348191467836,95.0
3,5.0,1,1,2,1.5,1.0,26,Private room,3.9889840465642745,53.0
3,5.0,1,1,2,1.5,1.0,26,Private room,3.970291913552122,52.0
0,5.0,0,0,3,2.5,1.0,26,Private room,4.07753744390572,58.0
25,4.5,1,1,2,1.0,1.0,26,Entire home/apt,4.48863636973214,88.0
14,5.0,1,1,2,1.0,1.0,26,Entire home/apt,4.919980925828125,136.0
4,5.0,1,1,6,1.0,3.0,26,Entire home/apt,5.525452939131784,250.0
0,5.0,0,0,4,3.5,2.0,26,Entire home/apt,5.19295685089021,179.0
4,5.0,1,1,2,1.0,1.0,27,Private room,4.262679877041316,70.0
12,5.0,1,1,2,1.0,1.0,26,Private room,3.737669618283368,41.0
33,5.0,1,1,6,1.0,2.0,26,Entire home/apt,4.61512051684126,100.0
4,5.0,1,1,2,1.0,1.0,25,Private room,3.6635616461296463,38.0
27,5.0,1,1,4,1.0,2.0,26,Entire home/apt,4.0943445622221,59.0
4,4.0,1,1,8,3.5,3.0,26,Entire home/apt,5.313205979041787,202.0
1,5.0,0,1,6,1.0,2.0,26,Entire home/apt,5.153291594497779,172.0
4,5.0,1,1,6,1.0,2.0,26,Entire home/apt,5.153291594497779,172.0
4,4.0,1,1,2,1.0,1.0,26,Entire home/apt,4.605170185988092,99.0
11,5.0,1,1,1,3.5,1.0,26,Shared room,3.258096538021482,25.0
16,5.0,1,1,1,3.5,1.0,26,Shared room,3.258096538021482,25.0
8,4.5,1,1,1,3.5,1.0,26,Shared room,3.258096538021482,25.0
13,5.0,1,1,1,3.5,1.0,26,Shared room,3.258096538021482,25.0
12,4.5,1,1,1,3.5,1.0,26,Shared room,3.258096538021482,25.0
12,4.5,1,1,1,3.5,1.0,26,Shared room,3.258096538021482,25.0
7,5.0,1,1,1,3.5,1.0,26,Shared room,3.258096538021482,25.0
12,4.5,1,1,1,3.5,1.0,26,Shared room,3.258096538021482,25.0
4,5.0,1,1,1,3.5,1.0,26,Shared room,3.258096538021482,25.0
6,4.0,1,1,1,3.5,1.0,26,Shared room,3.258096538021482,25.0
15,5.0,1,1,6,2.0,2.0,27,Entire home/apt,4.605170185988092,99.0
14,5.0,1,1,3,1.0,1.0,26,Entire home/apt,4.23410650459726,68.0
2,5.0,0,1,1,3.5,1.0,26,Shared room,3.258096538021482,25.0
8,4.5,1,1,1,3.5,1.0,26,Shared room,3.258096538021482,25.0
18,5.0,1,1,2,1.0,1.0,26,Private room,4.59511985013459,98.0
2,5.0,0,1,3,1.0,1.0,26,Entire home/apt,4.51085950651685,90.0
34,4.5,1,1,8,1.0,2.0,26,Entire home/apt,4.262679877041316,70.0
26,5.0,1,1,3,1.0,0.0,26,Entire home/apt,4.110873864173311,60.0
2,5.0,0,1,2,1.0,1.0,27,Private room,4.564348191467836,95.0
20,5.0,1,1,9,2.0,4.0,26,Entire home/apt,4.969813299576001,143.0
40,5.0,1,1,2,1.0,0.0,26,Entire home/apt,4.248495242049359,69.0
15,5.0,1,1,6,2.5,3.0,26,Entire home/apt,4.543294782270004,93.0
14,5.0,1,1,2,1.0,1.0,26,Entire home/apt,4.174387269895637,64.0
3,5.0,1,1,4,1.0,2.0,26,Private room,4.859812404361672,128.0
28,5.0,1,1,3,1.0,1.0,26,Entire home/apt,3.9889840465642745,53.0
5,4.5,1,1,1,2.0,1.0,26,Private room,4.02535169073515,55.0
2,5.0,0,1,2,2.0,1.0,26,Private room,4.143134726391533,62.0
5,5.0,1,1,16,1.0,2.0,26,Entire home/apt,4.0943445622221,59.0
5,4.5,1,1,6,2.5,3.0,26,Entire home/apt,4.859812404361672,128.0
0,5.0,0,0,16,2.0,5.0,26,Entire home/apt,5.525452939131784,250.0
5,5.0,1,1,4,1.0,1.0,26,Private room,4.605170185988092,99.0
13,5.0,1,1,2,1.0,1.0,26,Entire home/apt,5.017279836814924,150.0
35,5.0,1,1,8,2.5,3.0,26,Entire home/apt,3.5263605246161616,33.0
11,5.0,1,1,1,3.5,1.0,26,Shared room,3.258096538021482,25.0
5,4.0,1,1,1,1.0,1.0,26,Shared room,3.258096538021482,25.0
19,5.0,1,1,2,1.0,0.0,26,Entire home/apt,4.653960350157523,104.0
19,5.0,1,1,11,2.5,3.0,26,Entire home/apt,5.075173815233827,159.0
12,5.0,1,1,6,1.0,2.0,26,Entire home/apt,4.787491742782046,119.0
3,5.0,1,1,4,1.0,1.0,26,Entire home/apt,4.875197323201151,130.0
12,5.0,1,1,2,1.0,1.0,27,Private room,3.912023005428146,49.0
14,5.0,1,1,8,3.0,2.0,26,Entire home/apt,4.836281906951478,125.0
5,5.0,1,1,3,1.0,1.0,26,Private room,4.59511985013459,98.0
24,5.0,1,1,3,1.0,1.0,26,Entire home/apt,4.8283137373023015,124.0
3,4.5,1,1,2,1.0,1.0,26,Entire home/apt,4.499809670330265,89.0
13,5.0,1,1,2,1.0,1.0,26,Entire home/apt,4.605170185988092,99.0
2,5.0,0,1,4,1.0,1.0,26,Entire home/apt,5.017279836814924,150.0
18,5.0,1,1,4,1.5,2.0,26,Private room,4.61512051684126,100.0
3,5.0,1,1,2,1.0,1.0,26,Entire home/apt,4.61512051684126,100.0
3,4.5,1,1,2,1.0,1.0,26,Entire home/apt,4.61512051684126,100.0
2,5.0,0,1,2,1.0,1.0,26,Entire home/apt,4.61512051684126,100.0
9,5.0,1,1,2,2.0,1.0,26,Private room,4.564348191467836,95.0
1,5.0,0,1,2,1.0,1.0,26,Entire home/apt,4.61512051684126,100.0
2,5.0,0,1,2,1.0,1.0,26,Entire home/apt,4.454347296253507,85.0
1,5.0,0,1,2,1.0,1.0,26,Entire home/apt,4.61512051684126,100.0
1,5.0,0,1,2,1.0,1.0,26,Entire home/apt,4.795790545596741,120.0
0,5.0,0,0,2,1.0,1.0,26,Entire home/apt,4.61512051684126,100.0
42,4.0,1,1,2,1.0,0.0,26,Entire home/apt,4.110873864173311,60.0
15,4.5,1,1,2,1.0,1.0,26,Entire home/apt,4.110873864173311,60.0
24,5.0,1,1,2,1.0,1.0,26,Entire home/apt,4.330733340286331,75.0
16,5.0,1,1,2,1.0,1.0,26,Entire home/apt,3.9318256327243257,50.0
36,5.0,1,1,4,1.0,0.0,26,Entire home/apt,3.828641396489095,45.0
5,4.0,1,1,1,1.0,1.0,26,Shared room,3.258096538021482,25.0
18,5.0,1,1,4,1.0,2.0,26,Entire home/apt,4.394449154672439,80.0
0,5.0,0,0,6,2.5,3.0,26,Entire home/apt,5.303304908059076,200.0
10,5.0,1,1,4,1.5,1.0,26,Entire home/apt,4.330733340286331,75.0
0,5.0,0,0,2,1.0,1.0,26,Private room,6.2166061010848646,500.0
29,5.0,1,1,3,1.0,0.0,26,Entire home/apt,3.80666248977032,44.0
16,4.5,1,1,2,1.0,0.0,26,Entire home/apt,4.330733340286331,75.0
2,5.0,0,1,2,1.0,1.0,27,Private room,4.465908118654584,86.0
42,5.0,1,1,6,2.0,2.0,26,Entire home/apt,4.74493212836325,114.0
0,5.0,0,0,4,1.0,2.0,26,Private room,4.836281906951478,125.0
18,5.0,1,1,4,1.0,2.0,26,Entire home/apt,4.343805421853684,76.0
6,4.5,1,1,2,1.0,1.0,26,Entire home/apt,3.258096538021482,25.0
3,5.0,1,1,5,1.5,2.0,26,Entire home/apt,4.672828834461906,106.0
11,5.0,1,1,4,1.0,2.0,25,Entire home/apt,4.189654742026425,65.0
13,5.0,1,1,3,1.0,1.0,26,Entire home/apt,4.248495242049359,69.0
38,4.5,1,1,6,1.0,1.0,26,Entire home/apt,3.9318256327243257,50.0
6,5.0,1,1,12,3.5,5.0,28,Entire home/apt,5.278114659230517,195.0
9,5.0,1,1,2,1.0,1.0,26,Private room,3.828641396489095,45.0
26,4.5,1,1,4,1.0,0.0,26,Entire home/apt,4.394449154672439,80.0
17,4.5,1,1,4,2.0,2.0,26,Entire home/apt,4.836281906951478,125.0
33,5.0,1,1,6,1.5,2.0,26,Entire home/apt,4.875197323201151,130.0
2,5.0,0,1,3,1.0,1.0,26,Entire home/apt,5.017279836814924,150.0
32,5.0,1,1,6,1.0,2.0,26,Entire home/apt,4.672828834461906,106.0
1,5.0,0,1,2,1.0,0.0,27,Entire home/apt,6.2166061010848646,500.0
0,5.0,0,0,3,1.0,1.0,26,Entire home/apt,4.795790545596741,120.0
12,5.0,1,1,5,1.0,2.0,26,Entire home/apt,5.14166355650266,170.0
1,5.0,0,1,4,2.0,2.0,26,Entire home/apt,3.9318256327243257,50.0
40,5.0,1,1,4,1.0,2.0,26,Entire home/apt,4.290459441148391,72.0
30,5.0,1,1,3,1.0,1.0,26,Entire home/apt,4.110873864173311,60.0
11,5.0,1,1,4,1.0,2.0,28,Entire home/apt,4.454347296253507,85.0
23,5.0,1,1,4,1.0,0.0,26,Entire home/apt,4.454347296253507,85.0
10,5.0,1,1,1,1.0,1.0,26,Private room,3.828641396489095,45.0
10,5.0,1,1,4,1.0,2.0,26,Entire home/apt,4.51085950651685,90.0
8,5.0,1,1,2,1.0,1.0,26,Entire home/apt,4.795790545596741,120.0
2,5.0,0,1,1,1.0,1.0,26,Private room,3.4011973816621555,29.0
14,5.0,1,1,2,1.0,1.0,26,Entire home/apt,4.795790545596741,120.0
1,5.0,0,1,4,1.0,2.0,26,Entire home/apt,4.787491742782046,119.0
6,4.5,1,1,2,1.0,1.0,26,Entire home/apt,4.454347296253507,85.0
2,5.0,0,1,14,3.5,6.0,26,Entire home/apt,5.937536205082426,378.0
40,5.0,1,1,4,1.0,1.0,26,Entire home/apt,3.688879454113936,39.0
6,5.0,1,1,4,1.0,1.0,26,Entire home/apt,4.454347296253507,85.0
4,5.0,1,1,2,1.0,1.0,27,Private room,3.9318256327243257,50.0
2,5.0,0,1,2,1.0,1.0,26,Private room,4.189654742026425,65.0
8,5.0,1,1,4,1.0,2.0,26,Entire home/apt,5.25227342804663,190.0
0,5.0,0,0,4,1.0,0.0,27,Entire home/apt,5.075173815233827,159.0
8,4.5,1,1,2,1.0,1.0,26,Private room,3.258096538021482,25.0
11,5.0,1,1,2,1.0,1.0,26,Private room,4.262679877041316,70.0
20,5.0,1,1,2,1.0,1.0,26,Private room,3.713572066704308,40.0
19,5.0,1,1,2,1.0,0.0,26,Entire home/apt,4.382026634673881,79.0
1,5.0,0,1,3,1.0,1.0,26,Private room,4.564348191467836,95.0
1,5.0,0,1,1,1.0,1.0,27,Private room,4.51085950651685,90.0
7,4.5,1,1,2,1.5,1.0,27,Private room,3.6375861597263857,37.0
5,5.0,1,1,3,1.0,1.0,26,Entire home/apt,4.564348191467836,95.0
2,5.0,0,1,4,1.0,2.0,27,Private room,4.564348191467836,95.0
3,5.0,1,1,8,2.0,3.0,26,Entire home/apt,5.017279836814924,150.0
2,5.0,0,1,6,1.0,2.0,26,Entire home/apt,4.454347296253507,85.0
15,4.5,1,1,2,1.0,1.0,26,Entire home/apt,4.394449154672439,80.0
23,4.5,1,1,2,1.0,0.0,26,Entire home/apt,4.0943445622221,59.0
2,5.0,0,1,2,1.0,0.0,26,Private room,4.61512051684126,100.0
0,5.0,0,0,6,1.0,2.0,26,Entire home/apt,4.795790545596741,120.0
1,5.0,0,1,6,1.0,2.0,26,Entire home/apt,4.795790545596741,120.0
21,4.0,1,1,4,1.0,0.0,26,Entire home/apt,4.605170185988092,99.0
2,5.0,0,1,5,2.0,2.0,27,Entire home/apt,5.017279836814924,150.0
2,5.0,0,1,2,1.0,1.0,26,Entire home/apt,4.110873864173311,60.0
19,4.5,1,1,4,1.0,0.0,26,Entire home/apt,3.8918202981106265,48.0
0,5.0,0,0,2,1.0,1.0,26,Private room,4.110873864173311,60.0
14,5.0,1,1,4,1.0,1.0,26,Entire home/apt,4.564348191467836,95.0
24,5.0,1,1,4,1.0,2.0,26,Entire home/apt,4.454347296253507,85.0
1,5.0,0,1,5,1.0,1.0,26,Entire home/apt,4.23410650459726,68.0
0,5.0,0,0,5,2.0,2.0,27,Entire home/apt,5.303304908059076,200.0
25,5.0,1,1,2,1.0,1.0,26,Private room,3.9318256327243257,50.0
4,5.0,1,1,4,1.0,1.0,26,Entire home/apt,3.7612001156935615,42.0
0,5.0,0,0,3,1.0,1.0,27,Entire home/apt,4.30406509320417,73.0
4,5.0,1,1,2,1.0,1.0,27,Private room,3.970291913552122,52.0
12,4.5,1,1,2,1.0,1.0,26,Private room,3.828641396489095,45.0
0,5.0,0,0,6,2.0,2.0,28,Entire home/apt,5.673323267171493,290.0
0,5.0,0,0,10,2.0,3.0,26,Entire home/apt,5.476463551931511,238.0
4,4.5,1,1,2,1.0,1.0,27,Private room,4.0943445622221,59.0
7,5.0,1,1,2,1.0,0.0,27,Entire home/apt,4.927253685157205,137.0
16,5.0,1,1,3,1.0,2.0,26,Private room,4.189654742026425,65.0
3,4.5,1,1,4,1.0,1.0,26,Entire home/apt,4.941642422609304,139.0
1,5.0,0,1,1,3.0,1.0,26,Private room,3.295836866004329,26.0
21,5.0,1,1,1,1.0,1.0,26,Private room,3.4339872044851463,30.0
29,5.0,1,1,2,1.0,0.0,26,Private room,4.189654742026425,65.0
0,5.0,0,0,2,1.0,0.0,26,Entire home/apt,4.5217885770490405,91.0
12,5.0,1,1,2,1.0,0.0,26,Entire home/apt,4.330733340286331,75.0
10,4.5,1,1,3,1.0,1.0,26,Entire home/apt,4.248495242049359,69.0
7,4.5,1,1,2,1.0,1.0,27,Private room,3.555348061489413,34.0
0,5.0,0,0,1,3.0,1.0,26,Private room,3.4339872044851463,30.0
8,5.0,1,1,2,1.0,1.0,26,Entire home/apt,4.844187086458591,126.0
7,5.0,1,1,2,1.0,0.0,26,Entire home/apt,5.010635294096256,149.0
5,5.0,1,1,3,1.0,1.0,26,Entire home/apt,4.61512051684126,100.0
14,4.5,1,1,5,1.0,0.0,26,Entire home/apt,4.110873864173311,60.0
14,5.0,1,1,2,1.0,1.0,26,Private room,4.02535169073515,55.0
17,5.0,1,1,4,1.0,2.0,26,Entire home/apt,4.499809670330265,89.0
7,4.5,1,1,4,1.0,2.0,26,Entire home/apt,4.795790545596741,120.0
20,5.0,1,1,2,1.0,0.0,26,Entire home/apt,4.02535169073515,55.0
5,5.0,1,1,4,1.0,2.0,26,Private room,4.31748811353631,74.0
3,5.0,1,1,3,1.0,1.0,26,Entire home/apt,5.010635294096256,149.0
0,5.0,0,0,5,1.0,2.0,26,Entire home/apt,4.672828834461906,106.0
2,5.0,0,1,14,3.0,5.0,26,Entire home/apt,5.407171771460119,222.0
1,5.0,0,1,12,2.0,4.0,26,Entire home/apt,5.3981627015177525,220.0
5,5.0,1,1,3,1.0,2.0,26,Entire home/apt,4.382026634673881,79.0
1,5.0,0,1,4,1.0,2.0,25,Private room,4.836281906951478,125.0
21,5.0,1,1,4,1.0,2.0,26,Entire home/apt,4.248495242049359,69.0
3,5.0,1,1,4,1.5,1.0,26,Entire home/apt,4.859812404361672,128.0
1,5.0,0,1,2,2.0,1.0,26,Private room,4.61512051684126,100.0
8,4.5,1,1,4,1.0,1.0,26,Entire home/apt,4.110873864173311,60.0
21,4.5,1,1,6,1.0,2.0,26,Entire home/apt,4.406719247264253,81.0
1,5.0,0,1,2,1.0,1.0,26,Entire home/apt,4.174387269895637,64.0
28,5.0,1,1,2,1.0,1.0,26,Private room,3.610917912644224,36.0
0,5.0,0,0,6,2.0,3.0,27,Entire home/apt,4.605170185988092,99.0
12,5.0,1,1,6,1.0,1.0,26,Entire home/apt,4.787491742782046,119.0
4,5.0,1,1,4,1.0,2.0,26,Entire home/apt,4.605170185988092,99.0
8,5.0,1,1,6,2.0,2.0,26,Entire home/apt,4.867534450455582,129.0
1,5.0,0,1,2,1.0,1.0,26,Private room,4.51085950651685,90.0
11,5.0,1,1,2,1.0,1.0,26,Entire home/apt,4.454347296253507,85.0
12,4.5,1,1,2,1.0,0.0,26,Entire home/apt,4.691347882229144,108.0
5,5.0,1,1,2,1.0,1.0,27,Private room,4.382026634673881,79.0
3,5.0,1,1,2,1.0,1.0,27,Shared room,4.382026634673881,79.0
14,5.0,1,1,1,1.0,1.0,27,Private room,4.158883083359672,63.0
12,5.0,1,1,6,1.0,3.0,25,Entire home/apt,4.330733340286331,75.0
15,5.0,1,1,6,2.0,3.0,26,Entire home/apt,5.198497031265826,180.0
1,5.0,0,1,7,2.5,2.0,27,Entire home/apt,5.198497031265826,180.0
21,5.0,1,1,6,1.0,3.0,26,Entire home/apt,4.564348191467836,95.0
8,5.0,1,1,4,1.0,1.0,26,Entire home/apt,4.394449154672439,80.0
0,5.0,0,0,12,2.5,4.0,26,Entire home/apt,5.703782474656201,299.0
1,5.0,0,1,10,2.0,3.0,26,Entire home/apt,5.991464547107982,399.0
14,5.0,1,1,2,1.0,0.0,26,Entire home/apt,4.418840607796598,82.0
5,4.0,1,1,2,1.0,0.0,26,Entire home/apt,4.0943445622221,59.0
12,4.5,1,1,2,1.0,0.0,26,Entire home/apt,3.912023005428146,49.0
15,5.0,1,1,6,1.0,2.0,26,Entire home/apt,4.23410650459726,68.0
12,4.5,1,1,4,1.0,0.0,26,Entire home/apt,4.007333185232471,54.0
0,5.0,0,0,1,1.0,1.0,27,Private room,3.6635616461296463,38.0
0,5.0,0,0,1,1.0,1.0,27,Private room,3.6635616461296463,38.0
20,5.0,1,1,2,1.5,1.0,26,Private room,3.6635616461296463,38.0
5,5.0,1,1,2,1.0,1.0,27,Entire home/apt,4.762173934797756,116.0
1,5.0,0,1,2,1.0,0.0,26,Entire home/apt,4.836281906951478,125.0
16,5.0,1,1,2,1.0,1.0,26,Private room,4.110873864173311,60.0
1,5.0,0,1,6,3.0,3.0,26,Entire home/apt,5.572154032177765,262.0
2,5.0,0,1,2,1.5,1.0,26,Private room,4.02535169073515,55.0
13,4.5,1,1,4,1.0,1.0,26,Entire home/apt,4.454347296253507,85.0
10,5.0,1,1,10,2.0,4.0,26,Entire home/apt,5.318119993844216,203.0
23,5.0,1,1,4,1.0,1.0,26,Entire home/apt,4.0943445622221,59.0
10,4.5,1,1,2,1.0,1.0,26,Private room,4.394449154672439,80.0
6,5.0,1,1,2,1.5,1.0,26,Private room,3.828641396489095,45.0
22,5.0,1,1,4,1.0,1.0,26,Entire home/apt,4.174387269895637,64.0
4,5.0,1,1,2,1.0,1.0,27,Private room,4.04305126783455,56.0
1,5.0,0,1,2,1.0,1.0,27,Private room,4.605170185988092,99.0
4,5.0,1,1,6,2.0,2.0,26,Entire home/apt,5.017279836814924,150.0
18,5.0,1,1,8,1.0,2.0,26,Entire home/apt,4.330733340286331,75.0
4,5.0,1,1,11,2.0,3.0,26,Entire home/apt,5.111987788356544,165.0
12,5.0,1,1,2,1.0,0.0,26,Entire home/apt,3.912023005428146,49.0
0,5.0,0,0,3,1.0,1.0,27,Entire home/apt,4.189654742026425,65.0
20,4.5,1,1,2,1.0,1.0,26,Entire home/apt,4.127134385045092,61.0
4,5.0,1,1,2,1.0,1.0,26,Entire home/apt,4.382026634673881,79.0
3,5.0,1,1,3,1.0,1.0,26,Private room,4.564348191467836,95.0
4,4.5,1,1,6,3.0,3.0,26,Entire home/apt,4.948759890378168,140.0
10,4.5,1,1,4,1.0,2.0,26,Entire home/apt,4.709530201312334,110.0
10,4.5,1,1,6,1.0,1.0,26,Entire home/apt,3.4657359027997265,31.0
4,5.0,1,1,2,1.0,1.0,26,Entire home/apt,4.61512051684126,100.0
14,5.0,1,1,5,1.0,0.0,26,Entire home/apt,4.51085950651685,90.0
16,5.0,1,1,6,2.0,2.0,26,Entire home/apt,4.700480365792417,109.0
32,5.0,1,1,3,0.5,1.0,26,Entire home/apt,4.290459441148391,72.0
3,4.5,1,1,4,1.0,1.0,26,Entire home/apt,4.330733340286331,75.0
8,4.5,1,1,2,1.0,1.0,26,Private room,4.189654742026425,65.0
7,5.0,1,1,3,1.0,2.0,28,Private room,4.454347296253507,85.0
9,5.0,1,1,4,1.0,1.0,26,Entire home/apt,5.111987788356544,165.0
1,5.0,0,1,2,1.0,1.0,27,Private room,4.23410650459726,68.0
0,5.0,0,0,1,1.5,1.0,27,Private room,3.9318256327243257,50.0
0,5.0,0,0,5,2.0,2.0,26,Entire home/apt,5.420534999272286,225.0
3,5.0,1,1,2,1.0,1.0,26,Entire home/apt,4.700480365792417,109.0
13,5.0,1,1,2,1.0,1.0,26,Entire home/apt,4.787491742782046,119.0
2,5.0,0,1,4,1.0,1.0,26,Entire home/apt,4.248495242049359,69.0
2,5.0,0,1,6,2.0,0.0,26,Entire home/apt,4.465908118654584,86.0
6,4.5,1,1,4,2.0,1.0,26,Private room,4.0943445622221,59.0
2,5.0,0,1,2,1.0,1.0,26,Private room,4.61512051684126,100.0
1,5.0,0,1,2,1.0,1.0,26,Private room,4.61512051684126,100.0
0,5.0,0,0,4,1.0,2.0,26,Entire home/apt,5.170483995038151,175.0
3,4.0,1,1,1,1.0,1.0,26,Shared room,3.258096538021482,25.0
1,5.0,0,1,6,2.0,2.0,26,Entire home/apt,4.948759890378168,140.0
8,5.0,1,1,5,1.0,1.0,26,Entire home/apt,4.867534450455582,129.0
9,5.0,1,1,2,1.0,0.0,26,Entire home/apt,4.262679877041316,70.0
1,5.0,0,1,6,2.0,2.0,27,Entire home/apt,4.859812404361672,128.0
11,5.0,1,1,2,1.0,1.0,26,Private room,3.688879454113936,39.0
2,5.0,0,1,2,1.0,1.0,26,Entire home/apt,5.3471075307174685,209.0
0,5.0,0,0,2,1.0,1.0,26,Entire home/apt,4.795790545596741,120.0
1,5.0,0,1,2,1.0,0.0,26,Entire home/apt,4.499809670330265,89.0
9,5.0,1,1,2,1.0,1.0,26,Private room,3.828641396489095,45.0
2,5.0,0,1,2,1.0,1.0,26,Private room,4.61512051684126,100.0
4,5.0,1,1,2,1.5,1.0,26,Private room,4.51085950651685,90.0
20,5.0,1,1,2,1.0,1.0,26,Private room,3.951243718581428,51.0
0,5.0,0,0,4,1.0,1.0,26,Entire home/apt,4.394449154672439,80.0
5,4.0,1,1,2,1.0,0.0,26,Entire home/apt,4.543294782270004,93.0
0,5.0,0,0,6,2.5,3.0,26,Entire home/apt,4.875197323201151,130.0
17,5.0,1,1,3,1.0,1.0,26,Entire home/apt,3.9889840465642745,53.0
2,5.0,0,1,2,1.0,1.0,26,Private room,4.454347296253507,85.0
3,5.0,1,1,2,1.0,1.0,27,Private room,4.262679877041316,70.0
2,5.0,0,1,2,1.0,1.0,27,Private room,4.262679877041316,70.0
0,5.0,0,0,2,1.0,1.0,28,Private room,4.795790545596741,120.0
5,5.0,1,1,1,1.0,1.0,26,Shared room,3.258096538021482,25.0
12,5.0,1,1,3,1.0,1.0,26,Entire home/apt,4.663439094112067,105.0
20,5.0,1,1,2,1.0,1.0,26,Entire home/apt,3.912023005428146,49.0
4,5.0,1,1,2,1.0,1.0,26,Entire home/apt,4.499809670330265,89.0
4,4.5,1,1,2,1.0,1.0,26,Private room,4.110873864173311,60.0
1,5.0,0,1,2,1.0,1.0,26,Entire home/apt,4.189654742026425,65.0
5,4.0,1,1,7,2.0,5.0,27,Entire home/apt,5.910796644040527,368.0
3,5.0,1,1,3,1.0,1.0,27,Entire home/apt,4.158883083359672,63.0
1,5.0,0,1,2,1.0,1.0,26,Private room,4.262679877041316,70.0
21,5.0,1,1,3,1.0,1.0,26,Private room,3.713572066704308,40.0
18,5.0,1,1,2,1.0,1.0,26,Entire home/apt,4.110873864173311,60.0
8,5.0,1,1,5,1.0,1.0,26,Entire home/apt,4.394449154672439,80.0
2,5.0,0,1,2,1.0,1.0,26,Private room,4.189654742026425,65.0
21,4.5,1,1,4,1.0,2.0,26,Entire home/apt,4.174387269895637,64.0
6,5.0,1,1,4,2.0,1.0,26,Private room,4.0943445622221,59.0
8,4.5,1,1,5,1.0,1.0,26,Entire home/apt,4.59511985013459,98.0
3,5.0,1,1,3,1.0,1.0,26,Entire home/apt,5.081404364984463,160.0
3,5.0,1,1,4,1.5,2.0,26,Entire home/apt,4.890349128221754,132.0
8,5.0,1,1,3,1.0,0.0,26,Entire home/apt,4.51085950651685,90.0
4,5.0,1,1,1,1.5,1.0,27,Private room,3.871201010907891,47.0
8,4.0,1,1,1,1.0,1.0,27,Private room,3.258096538021482,25.0
14,5.0,1,1,3,1.0,1.0,26,Entire home/apt,4.248495242049359,69.0
11,5.0,1,1,3,1.0,0.0,26,Entire home/apt,4.189654742026425,65.0
2,5.0,0,1,1,1.0,1.0,26,Private room,4.564348191467836,95.0
1,5.0,0,1,2,1.0,1.0,26,Private room,4.110873864173311,60.0
16,5.0,1,1,5,1.0,2.0,26,Entire home/apt,4.30406509320417,73.0
14,5.0,1,1,2,1.0,1.0,26,Private room,3.258096538021482,25.0
19,4.5,1,1,2,1.0,1.0,26,Entire home/apt,4.262679877041316,70.0
1,5.0,0,1,1,1.0,1.0,27,Private room,3.9318256327243257,50.0
2,5.0,0,1,9,3.0,3.0,26,Entire home/apt,5.707110264748875,300.0
22,5.0,1,1,6,1.0,2.0,26,Entire home/apt,4.356708826689592,77.0
1,5.0,0,1,16,3.0,7.0,26,Entire home/apt,5.929589143389895,375.0
1,5.0,0,1,16,3.0,5.0,26,Entire home/apt,6.2166061010848646,500.0
3,5.0,1,1,3,1.0,1.0,26,Private room,4.262679877041316,70.0
9,5.0,1,1,2,1.0,1.0,26,Entire home/apt,4.23410650459726,68.0
2,5.0,0,1,2,1.0,1.0,26,Entire home/apt,5.170483995038151,175.0
0,5.0,0,0,4,2.0,2.0,26,Entire home/apt,5.846438775057725,345.0
7,5.0,1,1,2,1.0,1.0,27,Private room,3.7612001156935615,42.0
0,5.0,0,0,6,3.0,3.0,26,Entire home/apt,6.2166061010848646,500.0
0,5.0,0,0,8,4.0,4.0,26,Entire home/apt,6.2166061010848646,500.0
1,5.0,0,1,2,1.0,1.0,26,Private room,3.688879454113936,39.0
24,5.0,1,1,4,1.0,1.0,26,Entire home/apt,4.31748811353631,74.0
7,5.0,1,1,7,2.0,2.0,26,Entire home/apt,4.700480365792417,109.0
7,5.0,1,1,6,1.0,2.0,26,Entire home/apt,4.969813299576001,143.0
31,5.0,1,1,3,0.5,1.0,26,Entire home/apt,3.912023005428146,49.0
7,5.0,1,1,3,1.0,1.0,26,Private room,4.248495242049359,69.0
7,5.0,1,1,4,1.0,1.0,26,Entire home/apt,5.0369526024136295,153.0
6,5.0,1,1,4,1.0,0.0,26,Entire home/apt,4.262679877041316,70.0
7,4.0,1,1,6,2.0,3.0,26,Entire home/apt,5.241747015059643,188.0
34,4.5,1,1,2,1.0,1.0,26,Private room,3.258096538021482,25.0
0,5.0,0,0,3,1.0,0.0,22,Entire home/apt,4.30406509320417,73.0
3,4.5,1,1,3,1.0,0.0,22,Entire home/apt,4.30406509320417,73.0
0,5.0,0,0,3,1.0,0.0,22,Entire home/apt,3.80666248977032,44.0
2,5.0,0,1,3,1.0,0.0,22,Entire home/apt,4.127134385045092,61.0
0,5.0,0,0,3,1.0,0.0,22,Entire home/apt,3.80666248977032,44.0
1,5.0,0,1,3,1.0,0.0,22,Entire home/apt,3.80666248977032,44.0
2,5.0,0,1,3,1.0,0.0,22,Entire home/apt,4.127134385045092,61.0
0,5.0,0,0,3,1.0,0.0,22,Entire home/apt,4.382026634673881,79.0
1,5.0,0,1,3,1.0,0.0,22,Entire home/apt,4.382026634673881,79.0
0,5.0,0,0,3,1.0,0.0,22,Entire home/apt,4.382026634673881,79.0
2,5.0,0,1,3,1.0,0.0,22,Entire home/apt,3.80666248977032,44.0
0,5.0,0,0,3,1.0,0.0,22,Entire home/apt,3.80666248977032,44.0
0,5.0,0,0,3,1.0,0.0,22,Entire home/apt,3.80666248977032,44.0
0,5.0,0,0,3,1.0,0.0,22,Entire home/apt,4.30406509320417,73.0
1,5.0,0,1,3,1.0,0.0,22,Entire home/apt,4.127134385045092,61.0
1,5.0,0,1,3,1.0,0.0,22,Entire home/apt,3.80666248977032,44.0
0,5.0,0,0,3,1.0,0.0,22,Entire home/apt,3.80666248977032,44.0
0,5.0,0,0,3,1.0,0.0,22,Entire home/apt,3.80666248977032,44.0
0,5.0,0,0,3,1.0,0.0,22,Entire home/apt,4.343805421853684,76.0
1,5.0,0,1,3,1.0,1.0,22,Entire home/apt,4.477336814478207,87.0
0,5.0,0,0,3,1.0,1.0,22,Entire home/apt,4.442651256490317,84.0
3,3.5,1,1,3,1.0,1.0,22,Entire home/apt,4.442651256490317,84.0
0,5.0,0,0,3,1.0,1.0,22,Entire home/apt,3.784189633918261,43.0
8,5.0,1,1,2,1.0,1.0,26,Entire home/apt,4.564348191467836,95.0
9,4.5,1,1,2,1.0,0.0,26,Entire home/apt,4.454347296253507,85.0
0,5.0,0,0,2,1.0,1.0,26,Private room,4.804021044733257,121.0
1,5.0,0,1,5,2.0,2.0,26,Entire home/apt,4.61512051684126,100.0
15,5.0,1,1,2,1.0,1.0,26,Private room,3.4339872044851463,30.0
0,5.0,0,0,1,1.0,1.0,26,Private room,4.394449154672439,80.0
0,5.0,0,0,3,1.0,1.0,22,Entire home/apt,4.454347296253507,85.0
0,5.0,0,0,3,1.0,1.0,22,Entire home/apt,4.454347296253507,85.0
0,5.0,0,0,3,1.0,1.0,22,Entire home/apt,3.784189633918261,43.0
1,5.0,0,1,3,1.0,1.0,22,Entire home/apt,4.060443010546419,57.0
0,5.0,0,0,3,1.0,1.0,22,Entire home/apt,4.442651256490317,84.0
0,5.0,0,0,3,1.0,1.0,22,Entire home/apt,4.060443010546419,57.0
1,5.0,0,1,3,1.0,1.0,22,Entire home/apt,4.442651256490317,84.0
0,5.0,0,0,3,1.0,1.0,22,Entire home/apt,4.442651256490317,84.0
0,5.0,0,0,3,1.0,1.0,22,Entire home/apt,3.784189633918261,43.0
0,5.0,0,0,3,1.0,1.0,22,Entire home/apt,3.784189633918261,43.0
0,5.0,0,0,3,1.0,1.0,22,Entire home/apt,3.9318256327243257,50.0
0,5.0,0,0,3,1.0,1.0,22,Entire home/apt,4.454347296253507,85.0
0,5.0,0,0,3,1.0,1.0,22,Entire home/apt,3.9318256327243257,50.0
1,5.0,0,1,3,1.0,1.0,22,Entire home/apt,3.784189633918261,43.0
0,5.0,0,0,3,1.0,1.0,22,Entire home/apt,4.477336814478207,87.0
0,5.0,0,0,3,1.0,1.0,22,Entire home/apt,4.454347296253507,85.0
0,5.0,0,0,3,1.0,1.0,22,Entire home/apt,5.62040086571715,275.0
2,5.0,0,1,3,1.0,1.0,22,Entire home/apt,5.123963979403259,167.0
0,5.0,0,0,3,1.0,1.0,22,Entire home/apt,4.060443010546419,57.0
0,5.0,0,0,3,1.0,1.0,22,Entire home/apt,4.454347296253507,85.0
0,5.0,0,0,3,1.0,1.0,22,Entire home/apt,4.454347296253507,85.0
1,5.0,0,1,3,1.0,1.0,22,Entire home/apt,4.442651256490317,84.0
0,5.0,0,0,3,1.0,1.0,22,Entire home/apt,3.784189633918261,43.0
0,5.0,0,0,3,1.0,1.0,22,Entire home/apt,4.477336814478207,87.0
0,5.0,0,0,3,1.0,1.0,22,Entire home/apt,3.784189633918261,43.0
0,5.0,0,0,3,1.0,1.0,22,Entire home/apt,4.477336814478207,87.0
0,5.0,0,0,4,1.0,1.0,22,Entire home/apt,5.713732805509369,302.0
0,5.0,0,0,4,1.0,1.0,22,Entire home/apt,3.7612001156935615,42.0
0,5.0,0,0,4,1.0,1.0,22,Entire home/apt,3.7612001156935615,42.0
0,5.0,0,0,4,1.0,1.0,22,Entire home/apt,4.219507705176107,67.0
0,5.0,0,0,4,1.0,1.0,22,Entire home/apt,5.713732805509369,302.0
0,5.0,0,0,4,1.0,1.0,22,Entire home/apt,3.7612001156935615,42.0
0,5.0,0,0,4,1.0,1.0,22,Entire home/apt,5.713732805509369,302.0
0,5.0,0,0,4,1.0,1.0,22,Entire home/apt,5.713732805509369,302.0
0,5.0,0,0,4,1.0,1.0,22,Entire home/apt,5.713732805509369,302.0
0,5.0,0,0,6,1.0,2.0,22,Entire home/apt,5.857933154483459,349.0
0,5.0,0,0,6,1.0,2.0,22,Entire home/apt,4.189654742026425,65.0
1,5.0,0,1,6,1.0,2.0,22,Entire home/apt,4.189654742026425,65.0
0,5.0,0,0,6,1.0,2.0,22,Entire home/apt,5.857933154483459,349.0
1,5.0,0,1,6,2.0,2.0,22,Entire home/apt,4.127134385045092,61.0
0,5.0,0,0,6,2.0,2.0,22,Entire home/apt,5.814130531825066,334.0
0,5.0,0,0,6,2.0,2.0,22,Entire home/apt,4.532599493153256,92.0
0,5.0,0,0,6,2.0,2.0,22,Entire home/apt,4.127134385045092,61.0
0,5.0,0,0,6,2.0,2.0,22,Entire home/apt,5.814130531825066,334.0
0,5.0,0,0,7,2.0,3.0,22,Entire home/apt,5.91350300563827,369.0
23,4.0,1,1,4,1.0,2.0,26,Entire home/apt,4.07753744390572,58.0
7,5.0,1,1,4,1.5,2.0,26,Entire home/apt,4.836281906951478,125.0
5,5.0,1,1,5,1.0,1.0,26,Entire home/apt,4.787491742782046,119.0
7,4.5,1,1,5,1.0,2.0,26,Entire home/apt,4.605170185988092,99.0
7,5.0,1,1,5,1.0,1.0,26,Entire home/apt,4.605170185988092,99.0
3,5.0,1,1,2,1.0,1.0,26,Entire home/apt,4.454347296253507,85.0
9,4.5,1,1,6,1.0,2.0,26,Entire home/apt,4.110873864173311,60.0
19,4.5,1,1,5,1.0,2.0,26,Entire home/apt,5.017279836814924,150.0
24,4.0,1,1,4,1.0,2.0,26,Entire home/apt,5.010635294096256,149.0
9,5.0,1,1,12,2.0,4.0,26,Entire home/apt,5.560681631015528,259.0
0,5.0,0,0,2,1.0,1.0,26,Entire home/apt,4.189654742026425,65.0
0,5.0,0,0,2,1.0,1.0,26,Private room,4.262679877041316,70.0
0,5.0,0,0,2,1.0,1.0,26,Private room,4.262679877041316,70.0
8,5.0,1,1,6,1.0,1.0,26,Entire home/apt,5.049856007249537,155.0
10,5.0,1,1,5,1.0,1.0,27,Entire home/apt,4.382026634673881,79.0
6,3.5,1,1,3,1.0,0.0,26,Entire home/apt,3.828641396489095,45.0
3,5.0,1,1,3,1.0,1.0,26,Entire home/apt,4.61512051684126,100.0
0,5.0,0,0,2,1.0,1.0,27,Private room,4.110873864173311,60.0
13,5.0,1,1,2,1.0,1.0,26,Private room,4.574710978503383,96.0
18,4.5,1,1,4,1.0,1.0,26,Entire home/apt,4.51085950651685,90.0
7,4.5,1,1,4,1.0,2.0,26,Entire home/apt,4.382026634673881,79.0
19,5.0,1,1,10,2.0,5.0,26,Entire home/apt,5.298317366548036,199.0
8,5.0,1,1,2,1.0,1.0,26,Private room,3.828641396489095,45.0
17,5.0,1,1,2,1.0,1.0,26,Private room,3.555348061489413,34.0
1,5.0,0,1,7,3.5,3.0,26,Entire home/apt,5.707110264748875,300.0
16,5.0,1,1,2,1.0,1.0,26,Private room,3.58351893845611,35.0
4,5.0,1,1,3,1.0,1.0,26,Entire home/apt,4.454347296253507,85.0
3,3.5,1,1,1,1.0,1.0,26,Shared room,3.258096538021482,25.0
4,5.0,1,1,4,1.0,1.0,26,Entire home/apt,4.51085950651685,90.0
14,5.0,1,1,4,1.0,1.0,26,Entire home/apt,4.454347296253507,85.0
3,5.0,1,1,3,1.0,1.0,26,Entire home/apt,4.605170185988092,99.0
22,5.0,1,1,2,1.0,0.0,26,Entire home/apt,4.330733340286331,75.0
27,5.0,1,1,3,1.0,1.0,26,Private room,4.189654742026425,65.0
20,5.0,1,1,4,1.0,0.0,26,Entire home/apt,3.828641396489095,45.0
9,5.0,1,1,3,1.0,1.0,26,Entire home/apt,4.248495242049359,69.0
4,5.0,1,1,2,1.0,1.0,26,Private room,4.454347296253507,85.0
10,4.5,1,1,4,2.0,2.0,26,Entire home/apt,4.564348191467836,95.0
4,5.0,1,1,2,1.0,1.0,26,Entire home/apt,4.61512051684126,100.0
0,5.0,0,0,3,1.0,0.0,26,Entire home/apt,4.51085950651685,90.0
13,4.5,1,1,12,4.5,5.0,26,Entire home/apt,5.638354669333745,280.0
34,5.0,1,1,3,1.0,1.0,26,Entire home/apt,4.634728988229636,102.0
1,5.0,0,1,4,1.0,1.0,26,Private room,4.51085950651685,90.0
0,5.0,0,0,2,1.0,1.0,26,Private room,4.394449154672439,80.0
0,5.0,0,0,2,2.5,1.0,26,Private room,4.110873864173311,60.0
0,5.0,0,0,2,2.5,1.0,26,Private room,4.110873864173311,60.0
8,5.0,1,1,2,1.0,1.0,26,Private room,4.248495242049359,69.0
2,5.0,0,1,2,1.0,1.0,26,Entire home/apt,4.836281906951478,125.0
0,5.0,0,0,2,1.0,1.0,31,Private room,4.605170185988092,99.0
13,4.5,1,1,2,1.0,0.0,26,Entire home/apt,4.700480365792417,109.0
20,5.0,1,1,5,1.5,1.0,26,Entire home/apt,4.912654885736052,135.0
12,4.5,1,1,2,1.0,1.0,26,Entire home/apt,3.80666248977032,44.0
8,5.0,1,1,2,1.0,1.0,26,Private room,3.58351893845611,35.0
0,5.0,0,0,4,1.0,0.0,26,Private room,4.394449154672439,80.0
0,5.0,0,0,2,1.0,1.0,26,Private room,5.017279836814924,150.0
1,5.0,0,1,8,2.0,3.0,26,Entire home/apt,5.707110264748875,300.0
12,5.0,1,1,2,1.0,0.0,26,Entire home/apt,3.688879454113936,39.0
16,5.0,1,1,4,1.0,2.0,26,Entire home/apt,4.02535169073515,55.0
1,5.0,0,1,2,1.0,1.0,26,Private room,4.61512051684126,100.0
2,5.0,0,1,2,1.0,1.0,26,Entire home/apt,4.330733340286331,75.0
0,5.0,0,0,2,1.0,1.0,26,Entire home/apt,5.170483995038151,175.0
0,5.0,0,0,2,1.0,1.0,26,Entire home/apt,5.170483995038151,175.0
6,4.5,1,1,2,1.0,1.0,26,Entire home/apt,4.454347296253507,85.0
20,4.5,1,1,4,1.5,1.0,26,Entire home/apt,4.276666119016055,71.0
10,5.0,1,1,4,1.5,2.0,26,Entire home/apt,4.787491742782046,119.0
11,4.5,1,1,2,1.0,0.0,26,Entire home/apt,4.605170185988092,99.0
18,5.0,1,1,4,1.0,2.0,26,Entire home/apt,4.330733340286331,75.0
14,5.0,1,1,6,2.0,2.0,26,Entire home/apt,5.049856007249537,155.0
12,5.0,1,1,4,1.0,2.0,26,Entire home/apt,4.553876891600541,94.0
0,5.0,0,0,2,2.0,1.0,27,Private room,4.0943445622221,59.0
2,5.0,0,1,2,1.0,1.0,26,Private room,3.4339872044851463,30.0
6,4.5,1,1,2,1.0,1.0,26,Entire home/apt,4.51085950651685,90.0
4,5.0,1,1,2,1.0,0.0,26,Entire home/apt,4.605170185988092,99.0
7,4.0,1,1,3,1.0,0.0,26,Entire home/apt,4.867534450455582,129.0
11,4.5,1,1,6,1.0,2.0,27,Entire home/apt,3.737669618283368,41.0
0,5.0,0,0,2,1.0,1.0,26,Private room,4.394449154672439,80.0
3,4.5,1,1,2,2.0,1.0,26,Private room,3.258096538021482,25.0
10,5.0,1,1,2,1.0,0.0,26,Entire home/apt,4.127134385045092,61.0
0,5.0,0,0,10,3.5,5.0,26,Entire home/apt,6.2166061010848646,500.0
0,5.0,0,0,1,1.5,1.0,26,Private room,4.605170185988092,99.0
13,5.0,1,1,3,1.5,1.0,26,Private room,3.9318256327243257,50.0
4,5.0,1,1,2,1.0,1.0,26,Private room,4.262679877041316,70.0
8,5.0,1,1,4,2.0,2.0,26,Entire home/apt,4.795790545596741,120.0
5,5.0,1,1,6,1.0,3.0,26,Entire home/apt,4.867534450455582,129.0
1,5.0,0,1,2,1.0,1.0,26,Entire home/apt,4.795790545596741,120.0
1,5.0,0,1,12,2.0,4.0,26,Entire home/apt,5.111987788356544,165.0
5,5.0,1,1,4,1.5,2.0,26,Private room,4.189654742026425,65.0
8,5.0,1,1,2,1.0,1.0,26,Entire home/apt,4.02535169073515,55.0
10,3.5,1,1,2,1.0,0.0,26,Entire home/apt,4.499809670330265,89.0
8,5.0,1,1,1,1.0,1.0,26,Private room,3.4339872044851463,30.0
5,5.0,1,1,4,1.0,1.0,26,Entire home/apt,4.499809670330265,89.0
7,5.0,1,1,2,1.0,1.0,26,Private room,3.9318256327243257,50.0
0,5.0,0,0,5,1.5,1.0,26,Private room,4.836281906951478,125.0
9,5.0,1,1,3,1.0,2.0,26,Entire home/apt,4.61512051684126,100.0
1,5.0,0,1,2,1.0,2.0,26,Private room,3.258096538021482,25.0
0,5.0,0,0,2,1.0,1.0,26,Private room,4.394449154672439,80.0
0,5.0,0,0,2,1.0,1.0,26,Entire home/apt,4.158883083359672,63.0
0,5.0,0,0,1,1.0,1.0,26,Entire home/apt,3.5263605246161616,33.0
2,5.0,0,1,3,1.0,1.0,26,Entire home/apt,4.394449154672439,80.0
1,5.0,0,1,6,2.5,3.0,26,Entire home/apt,5.298317366548036,199.0
6,4.5,1,1,6,1.0,3.0,26,Entire home/apt,3.912023005428146,49.0
6,4.5,1,1,9,2.0,4.0,26,Entire home/apt,4.61512051684126,100.0
3,5.0,1,1,3,1.0,1.0,26,Entire home/apt,4.700480365792417,109.0
15,5.0,1,1,2,1.0,1.0,26,Entire home/apt,4.110873864173311,60.0
14,5.0,1,1,5,1.5,2.0,26,Entire home/apt,4.394449154672439,80.0
3,5.0,1,1,3,1.5,1.0,27,Entire home/apt,4.454347296253507,85.0
3,4.0,1,1,5,2.0,2.0,26,Entire home/apt,4.983606621708336,145.0
1,5.0,0,1,6,1.0,2.0,26,Entire home/apt,5.017279836814924,150.0
21,5.0,1,1,1,1.0,0.0,26,Entire home/apt,3.713572066704308,40.0
9,4.0,1,1,6,1.0,2.0,26,Entire home/apt,3.610917912644224,36.0
1,5.0,0,1,2,1.0,1.0,26,Entire home/apt,5.278114659230517,195.0
9,5.0,1,1,4,1.0,0.0,26,Entire home/apt,3.871201010907891,47.0
0,5.0,0,0,2,1.0,0.0,26,Entire home/apt,3.912023005428146,49.0
9,4.5,1,1,3,1.0,1.0,26,Entire home/apt,4.23410650459726,68.0
14,5.0,1,1,6,1.5,2.0,26,Entire home/apt,3.9318256327243257,50.0
11,5.0,1,1,2,1.0,1.0,26,Entire home/apt,4.836281906951478,125.0
6,5.0,1,1,3,1.0,1.0,26,Private room,4.262679877041316,70.0
18,4.5,1,1,2,1.0,1.0,26,Entire home/apt,3.9318256327243257,50.0
3,4.5,1,1,5,2.0,3.0,26,Entire home/apt,4.875197323201151,130.0
1,5.0,0,1,4,1.0,1.0,27,Entire home/apt,4.718498871295094,111.0
5,5.0,1,1,2,1.5,1.0,26,Private room,3.258096538021482,25.0
16,5.0,1,1,3,1.0,0.0,26,Entire home/apt,4.248495242049359,69.0
8,5.0,1,1,5,2.0,1.0,26,Private room,4.0943445622221,59.0
5,5.0,1,1,5,1.0,2.0,26,Entire home/apt,4.394449154672439,80.0
9,5.0,1,1,2,1.0,1.0,26,Entire home/apt,4.406719247264253,81.0
11,5.0,1,1,6,1.0,2.0,26,Entire home/apt,3.80666248977032,44.0
1,5.0,0,1,4,1.0,1.0,26,Entire home/apt,5.278114659230517,195.0
0,5.0,0,0,3,1.0,1.0,26,Private room,4.709530201312334,110.0
8,4.5,1,1,5,1.0,2.0,26,Entire home/apt,4.700480365792417,109.0
22,5.0,1,1,2,1.0,1.0,27,Private room,3.555348061489413,34.0
0,5.0,0,0,6,2.0,2.0,26,Entire home/apt,4.709530201312334,110.0
4,5.0,1,1,2,1.0,0.0,26,Private room,4.394449154672439,80.0
27,5.0,1,1,4,1.0,1.0,26,Entire home/apt,4.836281906951478,125.0
18,4.5,1,1,2,1.0,1.0,26,Private room,3.4339872044851463,30.0
19,4.5,1,1,4,1.0,0.0,26,Entire home/apt,3.912023005428146,49.0
7,5.0,1,1,4,1.0,0.0,26,Entire home/apt,4.955827057601261,141.0
0,5.0,0,0,2,1.0,1.0,26,Entire home/apt,4.02535169073515,55.0
13,5.0,1,1,2,1.0,1.0,26,Private room,4.0943445622221,59.0
7,4.5,1,1,5,1.0,2.0,26,Entire home/apt,4.454347296253507,85.0
9,5.0,1,1,2,1.0,1.0,26,Private room,3.58351893845611,35.0
0,5.0,0,0,2,2.0,1.0,26,Private room,3.4011973816621555,29.0
9,4.5,1,1,4,1.0,2.0,26,Entire home/apt,3.7612001156935615,42.0
0,5.0,0,0,4,3.5,3.0,26,Entire home/apt,5.525452939131784,250.0
2,5.0,0,1,4,2.0,2.0,26,Entire home/apt,5.081404364984463,160.0
1,5.0,0,1,2,1.0,1.0,26,Entire home/apt,4.875197323201151,130.0
1,5.0,0,1,9,1.0,2.0,26,Entire home/apt,4.248495242049359,69.0
3,5.0,1,1,2,1.0,1.0,26,Private room,4.330733340286331,75.0
5,5.0,1,1,2,1.0,1.0,26,Entire home/apt,4.158883083359672,63.0
1,5.0,0,1,4,1.5,2.0,26,Private room,3.7612001156935615,42.0
3,5.0,1,1,3,1.0,1.0,26,Entire home/apt,4.605170185988092,99.0
5,4.5,1,1,2,1.0,1.0,26,Private room,3.912023005428146,49.0
9,5.0,1,1,2,1.0,1.0,26,Entire home/apt,4.3694478524670215,78.0
0,5.0,0,0,2,1.0,1.0,26,Shared room,4.110873864173311,60.0
3,5.0,1,1,5,1.0,2.0,26,Entire home/apt,4.110873864173311,60.0
0,5.0,0,0,4,1.0,2.0,26,Entire home/apt,5.017279836814924,150.0
14,5.0,1,1,5,2.5,2.0,26,Entire home/apt,4.158883083359672,63.0
2,5.0,0,1,10,2.5,4.0,26,Entire home/apt,5.484796933490655,240.0
4,4.5,1,1,4,1.0,0.0,26,Entire home/apt,4.709530201312334,110.0
2,5.0,0,1,3,1.0,0.0,26,Entire home/apt,4.663439094112067,105.0
0,5.0,0,0,2,1.0,1.0,26,Entire home/apt,6.2166061010848646,500.0
13,5.0,1,1,6,1.5,2.0,26,Entire home/apt,4.836281906951478,125.0
1,5.0,0,1,1,1.0,0.0,26,Entire home/apt,4.836281906951478,125.0
1,5.0,0,1,5,1.0,2.0,26,Entire home/apt,4.836281906951478,125.0
0,5.0,0,0,4,1.0,2.0,26,Entire home/apt,4.499809670330265,89.0
4,4.0,1,1,4,1.0,2.0,26,Entire home/apt,4.653960350157523,104.0
4,5.0,1,1,2,1.0,1.0,26,Private room,4.262679877041316,70.0
8,5.0,1,1,9,2.0,3.0,26,Entire home/apt,4.77912349311153,118.0
0,5.0,0,0,2,1.0,1.0,26,Entire home/apt,4.875197323201151,130.0
0,5.0,0,0,3,1.0,1.0,26,Entire home/apt,5.017279836814924,150.0
10,5.0,1,1,6,1.0,2.0,26,Entire home/apt,5.225746673713202,185.0
6,5.0,1,1,4,1.0,2.0,26,Entire home/apt,4.787491742782046,119.0
1,5.0,0,1,2,1.0,1.0,26,Entire home/apt,4.875197323201151,130.0
8,5.0,1,1,4,1.0,1.0,26,Entire home/apt,4.875197323201151,130.0
3,5.0,1,1,2,1.0,1.0,26,Private room,3.828641396489095,45.0
12,5.0,1,1,4,1.0,1.0,26,Entire home/apt,4.51085950651685,90.0
2,5.0,0,1,2,1.0,1.0,26,Private room,4.394449154672439,80.0
0,5.0,0,0,3,1.5,2.0,26,Entire home/apt,5.69035945432406,295.0
0,5.0,0,0,2,1.0,1.0,27,Private room,4.709530201312334,110.0
0,5.0,0,0,2,1.0,1.0,27,Private room,4.51085950651685,90.0
1,5.0,0,1,2,2.0,1.0,26,Private room,3.258096538021482,25.0
5,5.0,1,1,6,2.0,3.0,26,Entire home/apt,5.081404364984463,160.0
0,5.0,0,0,1,1.0,1.0,27,Private room,4.663439094112067,105.0
14,5.0,1,1,2,1.0,1.0,26,Private room,4.394449154672439,80.0
23,5.0,1,1,2,1.0,1.0,26,Private room,3.7612001156935615,42.0
2,5.0,0,1,4,1.0,2.0,26,Entire home/apt,5.303304908059076,200.0
0,5.0,0,0,2,1.0,1.0,26,Entire home/apt,5.393627546352362,219.0
9,5.0,1,1,2,1.0,1.0,26,Private room,4.0943445622221,59.0
1,5.0,0,1,2,1.0,1.0,26,Private room,4.248495242049359,69.0
3,4.5,1,1,12,2.5,5.0,32,Entire home/apt,5.521460917862246,249.0
1,5.0,0,1,2,1.0,1.0,26,Entire home/apt,4.795790545596741,120.0
1,5.0,0,1,2,1.0,1.0,26,Entire home/apt,4.454347296253507,85.0
0,5.0,0,0,16,4.0,7.0,26,Entire home/apt,5.707110264748875,300.0
0,5.0,0,0,10,2.0,5.0,26,Entire home/apt,5.638354669333745,280.0
9,5.0,1,1,4,1.0,1.0,26,Entire home/apt,4.787491742782046,119.0
0,5.0,0,0,6,1.0,3.0,26,Entire home/apt,5.170483995038151,175.0
0,5.0,0,0,2,1.0,1.0,26,Private room,3.258096538021482,25.0
3,5.0,1,1,6,1.0,3.0,26,Entire home/apt,5.14166355650266,170.0
9,4.5,1,1,4,1.0,1.0,26,Entire home/apt,3.58351893845611,35.0
0,5.0,0,0,6,2.5,3.0,26,Entire home/apt,5.860786223465865,350.0
4,5.0,1,1,2,1.0,1.0,26,Private room,3.9889840465642745,53.0
1,5.0,0,1,4,1.0,1.0,26,Entire home/apt,4.919980925828125,136.0
12,5.0,1,1,2,1.0,1.0,26,Private room,4.02535169073515,55.0
5,4.5,1,1,4,1.0,1.0,26,Entire home/apt,4.919980925828125,136.0
0,5.0,0,0,4,1.0,1.0,26,Entire home/apt,4.605170185988092,99.0
0,5.0,0,0,1,3.5,1.0,26,Shared room,3.258096538021482,25.0
7,5.0,1,1,2,1.0,0.0,26,Entire home/apt,4.394449154672439,80.0
1,5.0,0,1,8,2.5,4.0,26,Entire home/apt,4.672828834461906,106.0
3,5.0,1,1,4,1.0,1.0,26,Entire home/apt,4.454347296253507,85.0
9,5.0,1,1,2,1.0,1.0,26,Private room,4.02535169073515,55.0
2,5.0,0,1,8,2.0,3.0,26,Entire home/apt,5.049856007249537,155.0
1,5.0,0,1,3,1.0,1.0,26,Entire home/apt,4.709530201312334,110.0
0,5.0,0,0,6,1.0,2.0,26,Entire home/apt,4.77912349311153,118.0
4,4.5,1,1,6,1.0,2.0,26,Entire home/apt,4.812184355372417,122.0
0,5.0,0,0,9,2.5,4.0,26,Entire home/apt,5.351858133476067,210.0
0,5.0,0,0,2,1.0,1.0,26,Entire home/apt,4.836281906951478,125.0
0,5.0,0,0,1,3.5,1.0,26,Shared room,3.258096538021482,25.0
0,5.0,0,0,1,3.5,1.0,26,Shared room,3.258096538021482,25.0
0,5.0,0,0,1,3.5,1.0,26,Shared room,3.258096538021482,25.0
0,5.0,0,0,1,3.5,1.0,26,Shared room,3.258096538021482,25.0
0,5.0,0,0,1,3.5,1.0,26,Shared room,3.258096538021482,25.0
0,5.0,0,0,1,3.5,1.0,26,Shared room,3.258096538021482,25.0
0,5.0,0,0,1,3.5,1.0,26,Shared room,3.258096538021482,25.0
0,5.0,0,0,1,3.5,1.0,26,Shared room,3.258096538021482,25.0
0,5.0,0,0,1,3.5,1.0,26,Shared room,3.258096538021482,25.0
0,5.0,0,0,1,3.5,1.0,26,Shared room,3.258096538021482,25.0
0,5.0,0,0,1,3.5,1.0,26,Shared room,3.258096538021482,25.0
0,5.0,0,0,1,3.5,1.0,26,Shared room,3.258096538021482,25.0
3,5.0,1,1,2,2.0,5.0,27,Private room,4.248495242049359,69.0
3,5.0,1,1,2,1.0,1.0,26,Entire home/apt,4.143134726391533,62.0
0,5.0,0,0,6,2.0,3.0,26,Entire home/apt,5.017279836814924,150.0
14,4.5,1,1,4,1.0,1.0,26,Entire home/apt,4.02535169073515,55.0
1,5.0,0,1,2,2.0,1.0,26,Private room,3.4011973816621555,29.0
0,5.0,0,0,2,2.0,1.0,26,Private room,3.4011973816621555,29.0
0,5.0,0,0,8,3.5,4.0,26,Entire home/apt,5.802118375377063,330.0
1,5.0,0,1,3,1.0,0.0,26,Entire home/apt,5.288267030694535,197.0
3,3.5,1,1,2,1.0,1.0,26,Entire home/apt,4.07753744390572,58.0
8,5.0,1,1,4,1.0,1.0,26,Entire home/apt,3.784189633918261,43.0
0,5.0,0,0,1,1.0,1.0,26,Private room,3.4339872044851463,30.0
9,5.0,1,1,2,1.0,1.0,26,Private room,3.784189633918261,43.0
1,5.0,0,1,1,1.0,1.0,26,Private room,3.4339872044851463,30.0
3,5.0,1,1,2,2.0,1.0,26,Private room,3.7612001156935615,42.0
6,5.0,1,1,9,2.0,3.0,27,Entire home/apt,4.882801922586371,131.0
1,5.0,0,1,2,1.0,0.0,26,Entire home/apt,4.51085950651685,90.0
1,5.0,0,1,4,1.0,1.0,26,Entire home/apt,4.51085950651685,90.0
8,5.0,1,1,4,1.0,2.0,26,Entire home/apt,4.477336814478207,87.0
5,5.0,1,1,2,1.0,1.0,26,Entire home/apt,4.394449154672439,80.0
5,5.0,1,1,2,1.0,1.0,26,Private room,4.02535169073515,55.0
8,5.0,1,1,4,1.5,2.0,26,Entire home/apt,4.454347296253507,85.0
0,5.0,0,0,14,3.0,5.0,26,Entire home/apt,5.407171771460119,222.0
0,5.0,0,0,12,2.0,4.0,26,Entire home/apt,5.389071729816501,218.0
3,5.0,1,1,2,1.0,1.0,26,Private room,3.713572066704308,40.0
6,5.0,1,1,6,1.0,2.0,26,Entire home/apt,4.61512051684126,100.0
2,5.0,0,1,2,1.0,0.0,26,Private room,4.204692619390966,66.0
0,5.0,0,0,3,1.0,1.0,26,Entire home/apt,4.418840607796598,82.0
0,5.0,0,0,4,1.0,1.0,26,Entire home/apt,4.804021044733257,121.0
0,5.0,0,0,16,4.0,7.0,26,Entire home/apt,5.700443573390687,298.0
18,4.5,1,1,4,1.0,1.0,26,Entire home/apt,4.248495242049359,69.0
4,4.5,1,1,2,1.0,0.0,26,Entire home/apt,4.394449154672439,80.0
2,5.0,0,1,4,1.0,2.0,26,Entire home/apt,4.499809670330265,89.0
3,4.0,1,1,16,3.0,5.0,26,Entire home/apt,4.418840607796598,82.0
6,5.0,1,1,2,1.0,0.0,27,Entire home/apt,3.49650756146648,32.0
1,5.0,0,1,4,2.0,2.0,26,Entire home/apt,5.480638923341991,239.0
0,5.0,0,0,2,1.0,1.0,26,Entire home/apt,4.330733340286331,75.0
3,4.5,1,1,2,1.0,1.0,27,Private room,4.02535169073515,55.0
0,5.0,0,0,2,1.0,1.0,26,Entire home/apt,4.330733340286331,75.0
0,5.0,0,0,2,1.0,1.0,26,Entire home/apt,4.330733340286331,75.0
0,5.0,0,0,2,1.0,1.0,26,Entire home/apt,4.330733340286331,75.0
0,5.0,0,0,2,1.0,1.0,26,Entire home/apt,4.330733340286331,75.0
0,5.0,0,0,2,1.0,1.0,26,Entire home/apt,4.330733340286331,75.0
0,5.0,0,0,2,1.0,1.0,26,Entire home/apt,4.330733340286331,75.0
0,5.0,0,0,2,1.0,1.0,26,Entire home/apt,4.330733340286331,75.0
0,5.0,0,0,2,1.0,1.0,26,Entire home/apt,4.330733340286331,75.0
0,5.0,0,0,2,1.0,1.0,26,Entire home/apt,4.330733340286331,75.0
0,5.0,0,0,8,2.0,3.0,27,Entire home/apt,4.836281906951478,125.0
11,5.0,1,1,6,1.0,1.0,26,Entire home/apt,4.48863636973214,88.0
2,5.0,0,1,2,1.0,1.0,26,Entire home/apt,4.454347296253507,85.0
0,5.0,0,0,1,1.0,1.0,26,Entire home/apt,5.017279836814924,150.0
6,5.0,1,1,6,1.0,2.0,26,Entire home/apt,4.330733340286331,75.0
1,5.0,0,1,2,1.0,1.0,26,Entire home/apt,4.454347296253507,85.0
4,4.5,1,1,2,1.0,1.0,26,Entire home/apt,4.454347296253507,85.0
0,5.0,0,0,2,1.0,0.0,26,Entire home/apt,4.330733340286331,75.0
0,5.0,0,0,2,1.0,0.0,26,Entire home/apt,4.836281906951478,125.0
0,5.0,0,0,2,1.0,0.0,26,Entire home/apt,4.31748811353631,74.0
0,5.0,0,0,2,1.0,0.0,26,Entire home/apt,4.330733340286331,75.0
0,5.0,0,0,2,1.0,0.0,26,Entire home/apt,4.330733340286331,75.0
0,5.0,0,0,2,1.0,0.0,26,Entire home/apt,4.330733340286331,75.0
0,5.0,0,0,2,1.0,0.0,26,Entire home/apt,4.330733340286331,75.0
0,5.0,0,0,2,1.0,0.0,26,Entire home/apt,4.330733340286331,75.0
0,5.0,0,0,2,1.0,0.0,26,Entire home/apt,4.330733340286331,75.0
0,5.0,0,0,3,1.0,1.0,26,Entire home/apt,4.454347296253507,85.0
1,5.0,0,1,4,1.0,1.0,26,Entire home/apt,4.61512051684126,100.0
6,5.0,1,1,3,1.0,1.0,26,Entire home/apt,4.51085950651685,90.0
0,5.0,0,0,9,3.5,4.0,26,Entire home/apt,6.2166061010848646,500.0
1,5.0,0,1,1,1.0,1.0,27,Private room,3.58351893845611,35.0
23,5.0,1,1,4,1.0,1.0,26,Entire home/apt,4.709530201312334,110.0
12,5.0,1,1,7,1.0,0.0,26,Entire home/apt,4.48863636973214,88.0
0,5.0,0,0,2,1.0,1.0,26,Entire home/apt,5.010635294096256,149.0
0,5.0,0,0,2,1.0,1.0,26,Entire home/apt,5.010635294096256,149.0
0,5.0,0,0,2,1.0,1.0,26,Entire home/apt,5.010635294096256,149.0
0,5.0,0,0,2,1.0,1.0,26,Entire home/apt,5.010635294096256,149.0
0,5.0,0,0,2,1.0,1.0,26,Entire home/apt,5.010635294096256,149.0
0,5.0,0,0,2,1.0,1.0,26,Entire home/apt,5.010635294096256,149.0
0,5.0,0,0,2,1.0,1.0,26,Entire home/apt,5.010635294096256,149.0
0,5.0,0,0,2,1.0,1.0,26,Entire home/apt,5.010635294096256,149.0
0,5.0,0,0,2,1.0,1.0,26,Entire home/apt,5.010635294096256,149.0
0,5.0,0,0,2,1.0,1.0,26,Entire home/apt,5.010635294096256,149.0
4,5.0,1,1,6,1.0,2.0,26,Entire home/apt,4.836281906951478,125.0
0,5.0,0,0,2,1.0,1.0,27,Entire home/apt,4.51085950651685,90.0
3,5.0,1,1,8,2.5,4.0,28,Entire home/apt,4.709530201312334,110.0
5,5.0,1,1,2,1.0,1.0,32,Private room,4.04305126783455,56.0
0,5.0,0,0,1,1.0,1.0,26,Private room,4.262679877041316,70.0
7,4.5,1,1,4,1.0,1.0,26,Entire home/apt,4.61512051684126,100.0
2,5.0,0,1,2,1.0,1.0,26,Private room,3.713572066704308,40.0
6,5.0,1,1,6,1.0,2.0,26,Entire home/apt,4.787491742782046,119.0
3,5.0,1,1,6,1.0,1.0,26,Entire home/apt,4.499809670330265,89.0
1,5.0,0,1,4,1.0,2.0,26,Entire home/apt,5.017279836814924,150.0
3,5.0,1,1,3,1.0,1.0,26,Entire home/apt,4.454347296253507,85.0
1,5.0,0,1,3,1.0,1.0,26,Entire home/apt,4.454347296253507,85.0
0,5.0,0,0,1,1.5,1.0,26,Private room,4.394449154672439,80.0
5,4.5,1,1,3,1.0,1.0,26,Entire home/apt,4.248495242049359,69.0
9,4.5,1,1,3,1.0,1.0,26,Entire home/apt,4.23410650459726,68.0
16,5.0,1,1,2,0.5,1.0,27,Private room,3.7612001156935615,42.0
4,5.0,1,1,6,2.0,2.0,26,Entire home/apt,5.288267030694535,197.0
8,5.0,1,1,2,1.0,0.0,26,Entire home/apt,4.31748811353631,74.0
5,5.0,1,1,1,1.0,1.0,27,Private room,3.5263605246161616,33.0
1,5.0,0,1,1,1.0,1.0,27,Private room,3.58351893845611,35.0
3,3.5,1,1,4,2.0,2.0,26,Entire home/apt,4.663439094112067,105.0
2,5.0,0,1,5,1.0,2.0,26,Entire home/apt,4.836281906951478,125.0
13,5.0,1,1,3,1.0,1.0,26,Entire home/apt,4.330733340286331,75.0
0,5.0,0,0,2,1.0,1.0,26,Entire home/apt,4.709530201312334,110.0
16,4.5,1,1,4,1.0,1.0,26,Entire home/apt,4.454347296253507,85.0
13,5.0,1,1,3,1.0,0.0,26,Entire home/apt,4.795790545596741,120.0
1,5.0,0,1,4,1.5,2.0,26,Entire home/apt,5.159055299214529,173.0
1,5.0,0,1,8,2.0,3.0,26,Entire home/apt,5.583496308781699,265.0
1,5.0,0,1,2,2.0,1.0,26,Entire home/apt,4.875197323201151,130.0
1,5.0,0,1,6,1.0,3.0,27,Entire home/apt,4.51085950651685,90.0
2,5.0,0,1,2,1.0,1.0,26,Entire home/apt,4.454347296253507,85.0
3,5.0,1,1,4,1.0,1.0,27,Entire home/apt,4.189654742026425,65.0
1,5.0,0,1,2,1.0,0.0,26,Entire home/apt,4.51085950651685,90.0
1,5.0,0,1,2,1.0,0.0,26,Entire home/apt,4.61512051684126,100.0
2,5.0,0,1,4,1.0,1.0,27,Entire home/apt,4.189654742026425,65.0
2,5.0,0,1,5,1.0,0.0,26,Entire home/apt,3.9318256327243257,50.0
0,5.0,0,0,2,1.0,1.0,26,Entire home/apt,4.454347296253507,85.0
7,5.0,1,1,2,1.0,1.0,26,Private room,3.6375861597263857,37.0
1,5.0,0,1,2,1.0,1.0,26,Private room,4.7535901911063645,115.0
6,4.5,1,1,5,1.0,0.0,26,Entire home/apt,3.9318256327243257,50.0
0,5.0,0,0,2,1.0,1.0,26,Private room,4.189654742026425,65.0
0,5.0,0,0,8,2.5,5.0,26,Entire home/apt,5.484796933490655,240.0
0,5.0,0,0,2,1.0,1.0,26,Entire home/apt,4.3694478524670215,78.0
6,5.0,1,1,4,1.0,0.0,26,Entire home/apt,4.564348191467836,95.0
0,5.0,0,0,2,1.0,0.0,26,Entire home/apt,4.3694478524670215,78.0
0,5.0,0,0,2,1.0,1.0,26,Entire home/apt,4.3694478524670215,78.0
0,5.0,0,0,2,1.0,0.0,26,Entire home/apt,4.3694478524670215,78.0
0,5.0,0,0,2,1.0,0.0,26,Entire home/apt,4.3694478524670215,78.0
0,5.0,0,0,2,1.0,0.0,26,Entire home/apt,4.3694478524670215,78.0
0,5.0,0,0,2,1.0,0.0,26,Entire home/apt,4.3694478524670215,78.0
0,5.0,0,0,2,1.0,0.0,26,Entire home/apt,4.3694478524670215,78.0
0,5.0,0,0,2,1.0,0.0,26,Entire home/apt,4.3694478524670215,78.0
0,5.0,0,0,2,1.0,0.0,26,Entire home/apt,4.3694478524670215,78.0
1,5.0,0,1,6,2.0,2.0,26,Entire home/apt,5.298317366548036,199.0
2,5.0,0,1,2,2.0,1.0,26,Private room,3.7612001156935615,42.0
4,5.0,1,1,4,1.0,2.0,26,Entire home/apt,4.330733340286331,75.0
1,5.0,0,1,4,1.0,2.0,26,Entire home/apt,4.61512051684126,100.0
0,5.0,0,0,4,1.0,1.0,26,Entire home/apt,5.017279836814924,150.0
2,5.0,0,1,2,1.0,1.0,26,Private room,4.394449154672439,80.0
6,5.0,1,1,2,1.0,0.0,26,Entire home/apt,3.9318256327243257,50.0
4,5.0,1,1,2,1.0,1.0,26,Entire home/apt,4.48863636973214,88.0
9,5.0,1,1,3,1.0,1.0,26,Private room,4.02535169073515,55.0
5,5.0,1,1,7,1.0,2.0,27,Entire home/apt,4.356708826689592,77.0
3,5.0,1,1,4,2.0,2.0,26,Entire home/apt,4.700480365792417,109.0
0,5.0,0,0,6,1.0,3.0,26,Entire home/apt,5.303304908059076,200.0
8,5.0,1,1,2,1.5,1.0,32,Private room,3.80666248977032,44.0
7,5.0,1,1,9,2.0,3.0,26,Entire home/apt,5.017279836814924,150.0
14,5.0,1,1,2,1.0,1.0,26,Entire home/apt,4.262679877041316,70.0
15,5.0,1,1,4,1.0,1.0,26,Entire home/apt,3.970291913552122,52.0
5,5.0,1,1,3,1.0,1.0,26,Private room,3.828641396489095,45.0
2,5.0,0,1,2,1.5,1.0,26,Private room,4.418840607796598,82.0
0,5.0,0,0,12,2.0,5.0,26,Entire home/apt,5.017279836814924,150.0
0,5.0,0,0,6,2.0,3.0,27,Entire home/apt,4.934473933130692,138.0
1,5.0,0,1,2,1.0,0.0,26,Entire home/apt,4.382026634673881,79.0
1,5.0,0,1,20,3.0,5.0,26,Entire home/apt,4.912654885736052,135.0
3,4.5,1,1,4,1.0,1.0,26,Entire home/apt,4.454347296253507,85.0
2,5.0,0,1,8,2.0,4.0,26,Entire home/apt,5.111987788356544,165.0
3,5.0,1,1,2,1.0,1.0,27,Entire home/apt,4.330733340286331,75.0
1,5.0,0,1,4,1.0,2.0,26,Entire home/apt,4.61512051684126,100.0
0,5.0,0,0,4,1.0,1.0,26,Entire home/apt,4.219507705176107,67.0
6,4.0,1,1,2,1.0,0.0,26,Entire home/apt,4.262679877041316,70.0
3,5.0,1,1,2,1.0,1.0,26,Entire home/apt,4.382026634673881,79.0
4,5.0,1,1,3,1.0,1.0,26,Entire home/apt,4.454347296253507,85.0
5,4.0,1,1,2,1.5,1.0,26,Private room,3.258096538021482,25.0
3,5.0,1,1,2,1.0,2.0,26,Entire home/apt,4.394449154672439,80.0
0,5.0,0,0,4,1.0,2.0,26,Entire home/apt,5.170483995038151,175.0
7,4.0,1,1,2,1.0,1.0,26,Entire home/apt,3.4657359027997265,31.0
3,5.0,1,1,2,1.0,0.0,26,Private room,4.0943445622221,59.0
2,5.0,0,1,4,1.0,2.0,26,Entire home/apt,4.262679877041316,70.0
0,5.0,0,0,1,1.5,1.0,26,Private room,3.367295829986474,28.0
1,5.0,0,1,2,1.0,1.0,26,Private room,4.110873864173311,60.0
1,5.0,0,1,2,1.0,1.0,26,Private room,3.4339872044851463,30.0
0,5.0,0,0,2,1.0,1.0,26,Private room,3.4339872044851463,30.0
2,5.0,0,1,2,1.0,1.0,26,Private room,3.4339872044851463,30.0
1,5.0,0,1,2,1.0,1.0,26,Private room,4.02535169073515,55.0
3,4.5,1,1,4,1.0,1.0,27,Entire home/apt,4.07753744390572,58.0
0,5.0,0,0,2,1.0,1.0,26,Entire home/apt,4.997212273764115,147.0
0,5.0,0,0,4,2.0,2.0,27,Entire home/apt,4.836281906951478,125.0
0,5.0,0,0,2,1.0,2.0,26,Private room,4.248495242049359,69.0
7,5.0,1,1,2,1.0,1.0,26,Entire home/apt,3.4011973816621555,29.0
0,5.0,0,0,3,1.0,2.0,26,Entire home/apt,4.356708826689592,77.0
4,5.0,1,1,4,1.0,1.0,26,Entire home/apt,4.3694478524670215,78.0
7,5.0,1,1,6,1.0,0.0,26,Entire home/apt,4.418840607796598,82.0
11,5.0,1,1,4,1.0,2.0,26,Entire home/apt,4.248495242049359,69.0
2,5.0,0,1,2,1.0,2.0,26,Private room,3.367295829986474,28.0
0,5.0,0,0,4,0.5,1.0,26,Private room,3.9318256327243257,50.0
0,5.0,0,0,1,2.0,1.0,26,Private room,3.4339872044851463,30.0
10,4.5,1,1,2,1.0,0.0,26,Entire home/apt,4.110873864173311,60.0
19,5.0,1,1,2,1.0,1.0,26,Entire home/apt,4.418840607796598,82.0
3,5.0,1,1,2,1.0,0.0,26,Private room,3.6375861597263857,37.0
3,5.0,1,1,6,1.0,2.0,26,Entire home/apt,5.351858133476067,210.0
0,5.0,0,0,8,2.5,3.0,26,Entire home/apt,5.707110264748875,300.0
0,5.0,0,0,10,2.0,4.0,26,Entire home/apt,5.093750200806762,162.0
2,5.0,0,1,5,1.0,1.0,26,Entire home/apt,4.454347296253507,85.0
0,5.0,0,0,4,2.5,2.0,26,Entire home/apt,5.402677381872279,221.0
0,5.0,0,0,2,2.0,1.0,26,Private room,3.258096538021482,25.0
0,5.0,0,0,8,2.0,2.0,26,Entire home/apt,5.488937726156687,241.0
4,4.5,1,1,2,1.5,1.0,26,Private room,3.828641396489095,45.0
7,5.0,1,1,2,1.0,1.0,26,Entire home/apt,4.394449154672439,80.0
4,5.0,1,1,1,1.0,1.0,26,Private room,3.6635616461296463,38.0
12,5.0,1,1,3,1.0,1.0,26,Entire home/apt,4.248495242049359,69.0
7,4.5,1,1,4,1.0,1.0,26,Entire home/apt,4.189654742026425,65.0
0,5.0,0,0,1,1.0,0.0,26,Entire home/apt,3.8918202981106265,48.0
3,3.5,1,1,2,1.0,1.0,26,Private room,3.6375861597263857,37.0
2,5.0,0,1,4,1.0,2.0,26,Entire home/apt,4.61512051684126,100.0
6,4.5,1,1,4,1.0,0.0,26,Entire home/apt,4.23410650459726,68.0
3,4.5,1,1,2,2.0,1.0,26,Private room,3.367295829986474,28.0
1,5.0,0,1,4,2.0,2.0,26,Entire home/apt,5.303304908059076,200.0
0,5.0,0,0,4,2.0,2.0,26,Entire home/apt,5.068904202220232,158.0
1,5.0,0,1,4,2.0,3.0,26,Entire home/apt,4.61512051684126,100.0
2,5.0,0,1,4,2.0,2.0,26,Entire home/apt,5.62040086571715,275.0
5,5.0,1,1,1,1.0,1.0,32,Private room,3.610917912644224,36.0
16,5.0,1,1,2,1.0,1.0,28,Private room,3.828641396489095,45.0
1,5.0,0,1,3,1.0,1.0,26,Entire home/apt,4.875197323201151,130.0
17,5.0,1,1,4,1.0,2.0,28,Private room,4.189654742026425,65.0
2,5.0,0,1,4,1.0,1.0,26,Private room,3.713572066704308,40.0
1,5.0,0,1,9,2.5,4.0,27,Entire home/apt,5.525452939131784,250.0
0,5.0,0,0,2,1.0,1.0,26,Private room,3.58351893845611,35.0
4,5.0,1,1,3,1.0,1.0,26,Entire home/apt,4.532599493153256,92.0
6,5.0,1,1,3,1.0,1.0,26,Entire home/apt,4.143134726391533,62.0
0,5.0,0,0,6,1.0,1.0,26,Entire home/apt,4.691347882229144,108.0
0,5.0,0,0,1,1.0,1.0,27,Private room,3.713572066704308,40.0
6,5.0,1,1,3,1.0,2.0,26,Entire home/apt,4.174387269895637,64.0
4,4.5,1,1,2,1.0,1.0,26,Entire home/apt,4.406719247264253,81.0
6,4.5,1,1,2,1.0,1.0,26,Entire home/apt,4.477336814478207,87.0
1,5.0,0,1,8,2.0,3.0,26,Entire home/apt,5.049856007249537,155.0
0,5.0,0,0,1,1.0,1.0,26,Private room,3.49650756146648,32.0
1,5.0,0,1,2,1.0,1.0,26,Private room,5.198497031265826,180.0
0,5.0,0,0,3,1.0,1.0,26,Entire home/apt,4.787491742782046,119.0
1,5.0,0,1,6,1.0,2.0,28,Entire home/apt,4.382026634673881,79.0
7,4.5,1,1,4,1.0,1.0,26,Entire home/apt,4.454347296253507,85.0
9,5.0,1,1,6,1.0,2.0,26,Entire home/apt,3.555348061489413,34.0
1,5.0,0,1,2,1.0,1.0,26,Private room,3.688879454113936,39.0
0,5.0,0,0,2,1.0,0.0,26,Entire home/apt,5.017279836814924,150.0
5,5.0,1,1,4,1.0,1.0,26,Entire home/apt,3.6375861597263857,37.0
8,5.0,1,1,2,1.0,0.0,26,Entire home/apt,4.110873864173311,60.0
0,5.0,0,0,1,1.0,1.0,26,Shared room,3.258096538021482,25.0
1,5.0,0,1,2,1.0,1.0,27,Private room,3.688879454113936,39.0
3,5.0,1,1,6,1.0,2.0,26,Entire home/apt,4.795790545596741,120.0
0,5.0,0,0,3,1.0,1.0,26,Private room,4.418840607796598,82.0
11,5.0,1,1,2,1.0,1.0,26,Private room,3.7612001156935615,42.0
0,5.0,0,0,2,1.0,1.0,27,Private room,3.737669618283368,41.0
1,5.0,0,1,8,2.5,3.0,26,Entire home/apt,4.948759890378168,140.0
1,5.0,0,1,2,1.0,1.0,27,Private room,3.737669618283368,41.0
0,5.0,0,0,4,2.0,3.0,26,Entire home/apt,5.170483995038151,175.0
8,4.0,1,1,2,1.0,0.0,26,Entire home/apt,4.31748811353631,74.0
1,5.0,0,1,2,1.0,1.0,26,Private room,4.499809670330265,89.0
1,5.0,0,1,2,1.0,0.0,26,Entire home/apt,4.51085950651685,90.0
0,5.0,0,0,8,2.0,3.0,26,Entire home/apt,4.68213122712422,107.0
2,5.0,0,1,5,1.0,2.0,26,Entire home/apt,4.709530201312334,110.0
8,5.0,1,1,4,1.0,1.0,26,Entire home/apt,4.61512051684126,100.0
6,5.0,1,1,2,1.0,1.0,27,Private room,3.258096538021482,25.0
1,5.0,0,1,4,1.0,2.0,26,Entire home/apt,4.7535901911063645,115.0
2,5.0,0,1,2,1.5,1.0,32,Private room,3.784189633918261,43.0
2,5.0,0,1,3,1.0,2.0,26,Entire home/apt,4.143134726391533,62.0
6,4.0,1,1,1,1.5,1.0,26,Private room,3.970291913552122,52.0
2,5.0,0,1,2,2.0,1.0,26,Private room,4.02535169073515,55.0
1,5.0,0,1,10,1.0,2.0,26,Entire home/apt,4.804021044733257,121.0
1,5.0,0,1,6,3.0,4.0,26,Entire home/apt,4.795790545596741,120.0
2,5.0,0,1,4,1.0,1.0,26,Entire home/apt,4.442651256490317,84.0
0,5.0,0,0,2,1.0,1.0,26,Entire home/apt,4.343805421853684,76.0
4,5.0,1,1,1,1.5,1.0,32,Private room,3.4339872044851463,30.0
0,5.0,0,0,2,1.0,1.0,26,Private room,3.951243718581428,51.0
6,5.0,1,1,2,1.0,1.0,26,Private room,4.330733340286331,75.0
3,4.5,1,1,6,1.0,2.0,26,Entire home/apt,4.499809670330265,89.0
0,5.0,0,0,6,2.0,3.0,26,Entire home/apt,5.111987788356544,165.0
1,5.0,0,1,12,4.0,4.0,26,Entire home/apt,5.303304908059076,200.0
0,5.0,0,0,4,3.0,3.0,26,Entire home/apt,5.19295685089021,179.0
3,4.5,1,1,1,1.0,1.0,26,Entire home/apt,4.248495242049359,69.0
4,4.5,1,1,6,1.0,2.0,26,Entire home/apt,3.8501476017100575,46.0
0,5.0,0,0,4,1.0,2.0,26,Entire home/apt,4.61512051684126,100.0
5,5.0,1,1,4,1.0,1.0,26,Entire home/apt,4.51085950651685,90.0
6,5.0,1,1,2,1.0,0.0,26,Entire home/apt,4.23410650459726,68.0
2,5.0,0,1,4,1.0,2.0,26,Entire home/apt,4.330733340286331,75.0
0,5.0,0,0,4,1.0,2.0,26,Entire home/apt,4.836281906951478,125.0
1,5.0,0,1,6,1.5,2.0,26,Entire home/apt,3.713572066704308,40.0
4,4.5,1,1,5,1.0,1.0,26,Entire home/apt,4.02535169073515,55.0
0,5.0,0,0,1,1.0,1.0,26,Shared room,3.258096538021482,25.0
0,5.0,0,0,6,1.0,2.0,26,Entire home/apt,5.075173815233827,159.0
5,4.5,1,1,2,1.0,1.0,26,Entire home/apt,4.262679877041316,70.0
4,4.5,1,1,4,1.0,2.0,26,Entire home/apt,4.262679877041316,70.0
0,5.0,0,0,8,2.5,3.0,26,Entire home/apt,5.147494476813453,171.0
0,5.0,0,0,2,1.0,1.0,26,Entire home/apt,4.394449154672439,80.0
0,5.0,0,0,1,1.0,1.0,26,Private room,3.49650756146648,32.0
2,5.0,0,1,6,2.5,3.0,26,Entire home/apt,5.278114659230517,195.0
0,5.0,0,0,1,1.0,1.0,26,Private room,3.4339872044851463,30.0
5,5.0,1,1,2,1.0,0.0,26,Entire home/apt,3.58351893845611,35.0
3,4.5,1,1,2,1.0,1.0,26,Private room,4.007333185232471,54.0
3,5.0,1,1,4,1.0,1.0,26,Entire home/apt,4.262679877041316,70.0
3,3.5,1,1,1,1.0,1.0,27,Private room,3.58351893845611,35.0
3,5.0,1,1,3,1.0,1.0,26,Entire home/apt,4.189654742026425,65.0
5,5.0,1,1,1,1.0,1.0,27,Private room,3.367295829986474,28.0
2,5.0,0,1,7,1.0,2.0,26,Entire home/apt,4.663439094112067,105.0
4,5.0,1,1,2,1.0,1.0,26,Entire home/apt,4.219507705176107,67.0
0,5.0,0,0,4,1.0,2.0,26,Entire home/apt,4.394449154672439,80.0
1,5.0,0,1,5,1.0,2.0,26,Entire home/apt,4.454347296253507,85.0
6,5.0,1,1,6,1.0,2.0,26,Entire home/apt,4.499809670330265,89.0
3,5.0,1,1,2,1.5,1.0,26,Entire home/apt,4.51085950651685,90.0
8,5.0,1,1,11,2.0,4.0,26,Entire home/apt,4.68213122712422,107.0
0,5.0,0,0,5,1.0,1.0,26,Entire home/apt,4.51085950651685,90.0
10,5.0,1,1,3,1.0,1.0,26,Private room,3.9318256327243257,50.0
0,5.0,0,0,2,1.0,0.0,26,Entire home/apt,3.58351893845611,35.0
3,5.0,1,1,2,1.0,0.0,26,Entire home/apt,3.713572066704308,40.0
0,5.0,0,0,8,3.0,8.0,26,Entire home/apt,6.2166061010848646,500.0
0,5.0,0,0,1,1.0,1.0,26,Private room,3.9318256327243257,50.0
1,5.0,0,1,2,1.0,1.0,26,Private room,3.610917912644224,36.0
0,5.0,0,0,8,3.0,3.0,26,Entire home/apt,5.860786223465865,350.0
1,5.0,0,1,3,1.0,2.0,26,Entire home/apt,4.02535169073515,55.0
0,5.0,0,0,2,1.0,1.0,26,Private room,4.189654742026425,65.0
1,5.0,0,1,8,3.0,4.0,26,Entire home/apt,6.2166061010848646,500.0
0,5.0,0,0,10,3.0,3.0,26,Entire home/apt,5.14166355650266,170.0
0,5.0,0,0,4,1.0,1.0,26,Entire home/apt,4.3694478524670215,78.0
1,5.0,0,1,2,1.0,0.0,26,Entire home/apt,4.189654742026425,65.0
0,5.0,0,0,4,1.0,1.0,26,Entire home/apt,5.420534999272286,225.0
0,5.0,0,0,5,2.0,2.0,26,Entire home/apt,5.017279836814924,150.0
1,5.0,0,1,2,1.0,1.0,26,Private room,3.828641396489095,45.0
3,5.0,1,1,6,1.0,3.0,26,Entire home/apt,3.688879454113936,39.0
0,5.0,0,0,8,3.5,4.0,26,Entire home/apt,5.525452939131784,250.0
0,5.0,0,0,6,2.0,3.0,26,Entire home/apt,5.703782474656201,299.0
0,5.0,0,0,1,1.0,1.0,26,Private room,3.9318256327243257,50.0
3,5.0,1,1,5,1.0,2.0,26,Entire home/apt,4.983606621708336,145.0
2,5.0,0,1,2,1.0,1.0,26,Private room,4.189654742026425,65.0
0,5.0,0,0,4,3.0,2.0,26,Entire home/apt,5.068904202220232,158.0
2,5.0,0,1,6,2.0,2.0,26,Entire home/apt,5.017279836814924,150.0
2,5.0,0,1,4,1.0,2.0,26,Entire home/apt,4.330733340286331,75.0
4,5.0,1,1,4,1.0,0.0,26,Entire home/apt,4.262679877041316,70.0
0,5.0,0,0,12,4.0,4.0,26,Entire home/apt,5.303304908059076,200.0
0,5.0,0,0,8,3.0,3.0,26,Entire home/apt,5.14166355650266,170.0
0,5.0,0,0,4,1.0,1.0,26,Entire home/apt,4.3694478524670215,78.0
0,5.0,0,0,6,1.0,1.0,26,Entire home/apt,4.691347882229144,108.0
6,5.0,1,1,5,2.0,2.0,27,Entire home/apt,5.198497031265826,180.0
3,4.5,1,1,2,1.5,1.0,26,Private room,4.110873864173311,60.0
0,5.0,0,0,2,1.0,1.0,26,Private room,4.48863636973214,88.0
2,5.0,0,1,3,1.0,0.0,26,Entire home/apt,4.262679877041316,70.0
10,5.0,1,1,2,1.0,0.0,26,Entire home/apt,4.174387269895637,64.0
4,5.0,1,1,4,1.0,1.0,26,Entire home/apt,4.158883083359672,63.0
7,4.5,1,1,2,1.0,1.0,26,Private room,4.02535169073515,55.0
1,5.0,0,1,8,4.0,5.0,32,Entire home/apt,4.276666119016055,71.0
1,5.0,0,1,2,1.0,1.0,26,Shared room,3.4339872044851463,30.0
0,5.0,0,0,6,3.0,3.0,27,Entire home/apt,5.703782474656201,299.0
2,5.0,0,1,5,1.0,1.0,26,Entire home/apt,4.189654742026425,65.0
3,5.0,1,1,4,1.0,0.0,26,Entire home/apt,4.276666119016055,71.0
1,5.0,0,1,6,2.0,2.0,26,Entire home/apt,4.983606621708336,145.0
1,5.0,0,1,6,2.0,2.0,26,Entire home/apt,4.955827057601261,141.0
2,5.0,0,1,3,1.0,1.0,26,Private room,3.737669618283368,41.0
0,5.0,0,0,4,1.0,2.0,26,Entire home/apt,4.61512051684126,100.0
3,5.0,1,1,2,1.0,1.0,26,Private room,3.737669618283368,41.0
0,5.0,0,0,6,2.0,3.0,26,Entire home/apt,5.111987788356544,165.0
7,5.0,1,1,2,1.0,1.0,26,Private room,3.688879454113936,39.0
0,5.0,0,0,2,1.0,1.0,26,Private room,3.784189633918261,43.0
1,5.0,0,1,2,1.5,1.0,27,Entire home/apt,4.110873864173311,60.0
2,5.0,0,1,2,1.0,1.0,26,Entire home/apt,4.564348191467836,95.0
1,5.0,0,1,6,1.0,2.0,26,Entire home/apt,4.330733340286331,75.0
0,5.0,0,0,6,1.0,3.0,26,Entire home/apt,4.394449154672439,80.0
0,5.0,0,0,3,1.0,1.0,26,Entire home/apt,5.010635294096256,149.0
1,5.0,0,1,6,1.0,2.0,26,Entire home/apt,4.727387818712341,112.0
0,5.0,0,0,4,1.0,2.0,26,Entire home/apt,4.983606621708336,145.0
0,5.0,0,0,2,1.0,0.0,26,Entire home/apt,3.713572066704308,40.0
6,5.0,1,1,3,1.0,0.0,26,Entire home/apt,4.430816798843313,83.0
0,5.0,0,0,6,2.0,3.0,26,Entire home/apt,5.707110264748875,300.0
0,5.0,0,0,1,0.5,1.0,27,Private room,3.4011973816621555,29.0
2,5.0,0,1,1,3.0,1.0,26,Private room,3.258096538021482,25.0
0,5.0,0,0,7,2.5,4.0,27,Entire home/apt,5.159055299214529,173.0
0,5.0,0,0,7,2.0,1.0,26,Private room,4.564348191467836,95.0
0,5.0,0,0,3,1.0,1.0,27,Entire home/apt,4.442651256490317,84.0
0,5.0,0,0,2,1.0,1.0,26,Private room,4.836281906951478,125.0
3,4.0,1,1,2,1.0,0.0,26,Entire home/apt,3.4011973816621555,29.0
3,5.0,1,1,2,1.0,1.0,26,Private room,3.8918202981106265,48.0
3,5.0,1,1,5,1.0,2.0,26,Entire home/apt,4.605170185988092,99.0
0,5.0,0,0,3,2.0,1.0,26,Private room,3.5263605246161616,33.0
0,5.0,0,0,8,1.0,2.0,26,Entire home/apt,4.394449154672439,80.0
4,5.0,1,1,2,1.0,1.0,27,Private room,3.828641396489095,45.0
0,5.0,0,0,1,1.0,0.0,26,Entire home/apt,3.6635616461296463,38.0
0,5.0,0,0,2,1.0,1.0,26,Shared room,3.258096538021482,25.0
1,5.0,0,1,2,1.5,1.0,26,Entire home/apt,3.828641396489095,45.0
0,5.0,0,0,3,1.0,1.0,26,Entire home/apt,4.634728988229636,102.0
2,5.0,0,1,2,1.0,0.0,26,Entire home/apt,4.574710978503383,96.0
0,5.0,0,0,2,1.0,1.0,26,Entire home/apt,4.51085950651685,90.0
0,5.0,0,0,2,1.0,1.0,26,Private room,4.564348191467836,95.0
0,5.0,0,0,2,1.0,1.0,26,Entire home/apt,4.51085950651685,90.0
0,5.0,0,0,1,1.0,1.0,26,Private room,4.262679877041316,70.0
0,5.0,0,0,8,2.5,4.0,26,Entire home/apt,5.834810737062605,341.0
0,5.0,0,0,2,1.0,1.0,26,Entire home/apt,3.828641396489095,45.0
1,5.0,0,1,4,1.0,1.0,26,Entire home/apt,3.610917912644224,36.0
0,5.0,0,0,4,1.0,0.0,26,Entire home/apt,4.61512051684126,100.0
0,5.0,0,0,1,1.0,1.0,27,Private room,3.367295829986474,28.0
0,5.0,0,0,1,1.0,1.0,26,Private room,4.795790545596741,120.0
0,5.0,0,0,1,1.0,1.0,26,Private room,3.295836866004329,26.0
0,5.0,0,0,5,2.5,3.0,26,Entire home/apt,5.010635294096256,149.0
4,5.0,1,1,2,1.0,1.0,26,Private room,3.367295829986474,28.0
0,5.0,0,0,2,1.0,1.0,26,Private room,3.258096538021482,25.0
0,5.0,0,0,3,1.0,1.0,26,Entire home/apt,4.61512051684126,100.0
1,5.0,0,1,3,1.0,1.0,26,Entire home/apt,4.61512051684126,100.0
0,5.0,0,0,3,1.0,0.0,26,Entire home/apt,4.61512051684126,100.0
0,5.0,0,0,3,1.0,1.0,26,Entire home/apt,4.61512051684126,100.0
0,5.0,0,0,5,1.0,3.0,26,Entire home/apt,4.836281906951478,125.0
4,5.0,1,1,6,2.0,3.0,26,Entire home/apt,4.248495242049359,69.0
0,5.0,0,0,8,2.0,3.0,26,Entire home/apt,4.382026634673881,79.0
0,5.0,0,0,2,1.0,1.0,26,Entire home/apt,5.017279836814924,150.0
0,5.0,0,0,4,1.0,1.0,26,Private room,4.61512051684126,100.0
3,5.0,1,1,6,2.5,2.0,26,Entire home/apt,4.948759890378168,140.0
1,5.0,0,1,2,1.0,1.0,26,Private room,3.9318256327243257,50.0
0,5.0,0,0,4,1.0,2.0,26,Entire home/apt,4.795790545596741,120.0
0,5.0,0,0,6,1.0,2.0,26,Entire home/apt,4.709530201312334,110.0
0,5.0,0,0,6,2.5,3.0,26,Entire home/apt,4.61512051684126,100.0
2,5.0,0,1,4,1.0,0.0,26,Entire home/apt,4.290459441148391,72.0
1,5.0,0,1,8,4.0,0.0,26,Private room,6.2166061010848646,500.0
1,5.0,0,1,1,1.0,0.0,26,Entire home/apt,3.713572066704308,40.0
0,5.0,0,0,2,1.0,0.0,26,Entire home/apt,4.110873864173311,60.0
0,5.0,0,0,2,1.0,0.0,26,Entire home/apt,4.110873864173311,60.0
0,5.0,0,0,2,1.0,0.0,26,Entire home/apt,4.262679877041316,70.0
0,5.0,0,0,2,1.0,0.0,26,Entire home/apt,4.110873864173311,60.0
0,5.0,0,0,4,1.5,2.0,26,Entire home/apt,4.912654885736052,135.0
0,5.0,0,0,2,1.0,0.0,26,Entire home/apt,4.110873864173311,60.0
0,5.0,0,0,2,1.0,0.0,26,Entire home/apt,4.110873864173311,60.0
0,5.0,0,0,3,1.0,1.0,26,Entire home/apt,4.110873864173311,60.0
0,5.0,0,0,10,1.5,3.0,26,Entire home/apt,5.420534999272286,225.0
0,5.0,0,0,5,3.0,4.0,26,Entire home/apt,4.836281906951478,125.0
0,5.0,0,0,6,2.5,3.0,26,Entire home/apt,5.303304908059076,200.0
1,5.0,0,1,6,2.0,3.0,28,Private room,4.454347296253507,85.0
0,5.0,0,0,4,2.0,2.0,26,Entire home/apt,4.890349128221754,132.0
0,5.0,0,0,6,2.0,3.0,26,Entire home/apt,4.532599493153256,92.0
0,5.0,0,0,6,2.0,2.0,26,Entire home/apt,4.859812404361672,128.0
0,5.0,0,0,2,1.0,1.0,26,Entire home/apt,4.912654885736052,135.0
0,5.0,0,0,2,1.0,1.0,26,Entire home/apt,4.23410650459726,68.0
0,5.0,0,0,1,1.0,1.0,26,Private room,4.61512051684126,100.0
0,5.0,0,0,2,1.0,1.0,27,Private room,3.9318256327243257,50.0
0,5.0,0,0,4,1.0,2.0,26,Entire home/apt,4.795790545596741,120.0
1,5.0,0,1,2,1.0,1.0,26,Entire home/apt,3.951243718581428,51.0
1,5.0,0,1,2,1.0,1.0,26,Entire home/apt,3.784189633918261,43.0
0,5.0,0,0,2,1.0,1.0,26,Entire home/apt,3.784189633918261,43.0
3,4.0,1,1,2,1.0,1.0,26,Entire home/apt,3.737669618283368,41.0
0,5.0,0,0,2,1.0,1.0,26,Entire home/apt,3.951243718581428,51.0
0,5.0,0,0,2,1.0,1.0,26,Entire home/apt,3.784189633918261,43.0
0,5.0,0,0,2,1.0,1.0,26,Entire home/apt,4.430816798843313,83.0
0,5.0,0,0,5,1.5,2.0,26,Entire home/apt,5.303304908059076,200.0
0,5.0,0,0,4,1.5,2.0,32,Private room,4.634728988229636,102.0
1,5.0,0,1,6,1.0,2.0,27,Entire home/apt,3.8918202981106265,48.0
0,5.0,0,0,2,1.0,1.0,26,Private room,3.58351893845611,35.0
0,5.0,0,0,6,2.5,3.0,27,Entire home/apt,5.081404364984463,160.0
0,5.0,0,0,4,1.0,1.0,26,Entire home/apt,4.836281906951478,125.0
1,5.0,0,1,2,1.0,1.0,26,Entire home/apt,3.610917912644224,36.0
0,5.0,0,0,2,1.0,1.0,26,Entire home/apt,4.48863636973214,88.0
0,5.0,0,0,1,1.0,1.0,26,Private room,4.61512051684126,100.0
0,5.0,0,0,3,1.0,0.0,26,Entire home/apt,4.61512051684126,100.0
0,5.0,0,0,3,1.0,1.0,26,Entire home/apt,4.61512051684126,100.0
0,5.0,0,0,4,1.0,0.0,26,Entire home/apt,4.382026634673881,79.0
0,5.0,0,0,4,2.5,2.0,26,Entire home/apt,5.438079308923196,229.0
1,5.0,0,1,4,1.0,1.0,26,Entire home/apt,4.61512051684126,100.0
0,5.0,0,0,4,1.0,1.0,26,Entire home/apt,4.820281565605037,123.0
0,5.0,0,0,2,1.0,0.0,26,Entire home/apt,4.262679877041316,70.0
1,5.0,0,1,6,1.0,2.0,26,Entire home/apt,4.553876891600541,94.0
2,5.0,0,1,8,2.0,3.0,26,Entire home/apt,4.709530201312334,110.0
0,5.0,0,0,2,1.0,0.0,26,Entire home/apt,4.709530201312334,110.0
6,5.0,1,1,2,1.0,1.0,26,Entire home/apt,4.189654742026425,65.0
0,5.0,0,0,2,1.0,0.0,26,Entire home/apt,4.262679877041316,70.0
2,5.0,0,1,2,1.0,1.0,26,Private room,3.332204510175204,27.0
1,5.0,0,1,16,3.0,5.0,26,Entire home/apt,5.303304908059076,200.0
0,5.0,0,0,3,1.0,0.0,26,Entire home/apt,4.454347296253507,85.0
0,5.0,0,0,3,1.0,1.0,26,Private room,4.330733340286331,75.0
1,5.0,0,1,2,1.0,0.0,26,Entire home/apt,4.394449154672439,80.0
0,5.0,0,0,1,2.0,1.0,26,Private room,3.6375861597263857,37.0
3,5.0,1,1,3,1.0,1.0,26,Entire home/apt,4.382026634673881,79.0
1,5.0,0,1,5,1.0,1.0,26,Entire home/apt,4.61512051684126,100.0
0,5.0,0,0,2,1.0,1.0,26,Entire home/apt,4.543294782270004,93.0
0,5.0,0,0,2,0.5,1.0,27,Private room,4.61512051684126,100.0
0,5.0,0,0,8,2.0,3.0,27,Entire home/apt,5.303304908059076,200.0
0,5.0,0,0,4,1.0,0.0,26,Entire home/apt,4.406719247264253,81.0
0,5.0,0,0,1,1.0,1.0,26,Private room,4.02535169073515,55.0
0,5.0,0,0,6,2.0,3.0,27,Entire home/apt,5.111987788356544,165.0
0,5.0,0,0,6,2.0,3.0,26,Private room,4.158883083359672,63.0
0,5.0,0,0,1,1.0,0.0,27,Private room,4.605170185988092,99.0
0,5.0,0,0,1,1.5,1.0,27,Private room,4.02535169073515,55.0
1,5.0,0,1,4,1.0,0.0,27,Entire home/apt,4.634728988229636,102.0
0,5.0,0,0,2,1.0,0.0,26,Entire home/apt,4.990432586778736,146.0
0,5.0,0,0,2,1.0,1.0,26,Entire home/apt,4.948759890378168,140.0
0,5.0,0,0,10,1.5,4.0,32,Private room,5.303304908059076,200.0
1,5.0,0,1,4,1.0,2.0,26,Entire home/apt,4.51085950651685,90.0
1,5.0,0,1,2,1.0,1.0,26,Private room,3.4339872044851463,30.0
0,5.0,0,0,1,1.0,0.0,27,Entire home/apt,3.784189633918261,43.0
0,5.0,0,0,6,2.0,3.0,26,Entire home/apt,5.438079308923196,229.0
0,5.0,0,0,6,1.5,2.0,26,Entire home/apt,5.332718793265369,206.0
0,5.0,0,0,8,3.5,3.0,26,Entire home/apt,4.990432586778736,146.0
0,5.0,0,0,2,1.0,1.0,27,Private room,3.4011973816621555,29.0
1,5.0,0,1,4,1.0,0.0,26,Entire home/apt,4.248495242049359,69.0
0,5.0,0,0,4,1.0,1.0,26,Entire home/apt,5.19295685089021,179.0
0,5.0,0,0,4,1.0,1.0,26,Entire home/apt,5.19295685089021,179.0
0,5.0,0,0,6,2.0,2.0,26,Entire home/apt,5.616771097666572,274.0
0,5.0,0,0,6,2.0,2.0,26,Entire home/apt,5.616771097666572,274.0
0,5.0,0,0,6,2.0,2.0,26,Entire home/apt,5.616771097666572,274.0
0,5.0,0,0,6,2.0,2.0,26,Entire home/apt,5.560681631015528,259.0
0,5.0,0,0,2,1.0,0.0,26,Entire home/apt,4.976733742420574,144.0
0,5.0,0,0,2,1.0,0.0,26,Entire home/apt,4.976733742420574,144.0
0,5.0,0,0,3,1.0,1.0,26,Entire home/apt,4.68213122712422,107.0
0,5.0,0,0,4,1.0,0.0,26,Entire home/apt,5.043425116919247,154.0
0,5.0,0,0,2,1.0,1.0,26,Private room,3.828641396489095,45.0
0,5.0,0,0,7,1.0,2.0,26,Entire home/apt,4.836281906951478,125.0
0,5.0,0,0,6,2.5,3.0,26,Entire home/apt,5.198497031265826,180.0
0,5.0,0,0,4,1.0,0.0,26,Entire home/apt,4.204692619390966,66.0
0,5.0,0,0,8,3.0,4.0,26,Entire home/apt,5.991464547107982,399.0
1,5.0,0,1,4,1.0,2.0,27,Entire home/apt,4.836281906951478,125.0
0,5.0,0,0,8,3.5,4.0,26,Entire home/apt,6.2166061010848646,500.0
1,5.0,0,1,2,1.0,1.0,26,Entire home/apt,4.382026634673881,79.0
0,5.0,0,0,5,1.0,1.0,26,Entire home/apt,4.23410650459726,68.0
1,5.0,0,1,3,1.0,1.0,26,Entire home/apt,4.61512051684126,100.0
0,5.0,0,0,4,1.0,1.0,26,Entire home/apt,4.653960350157523,104.0
0,5.0,0,0,3,1.0,0.0,26,Entire home/apt,4.262679877041316,70.0
0,5.0,0,0,3,1.0,1.0,26,Entire home/apt,4.262679877041316,70.0
0,5.0,0,0,3,1.0,1.0,26,Entire home/apt,4.262679877041316,70.0
0,5.0,0,0,3,1.0,0.0,26,Entire home/apt,4.262679877041316,70.0
0,5.0,0,0,3,1.0,0.0,26,Entire home/apt,4.262679877041316,70.0
0,5.0,0,0,3,1.0,0.0,26,Entire home/apt,4.262679877041316,70.0
0,5.0,0,0,3,1.0,1.0,26,Entire home/apt,4.262679877041316,70.0
0,5.0,0,0,3,1.0,1.0,26,Entire home/apt,4.262679877041316,70.0
0,5.0,0,0,3,1.0,1.0,26,Entire home/apt,4.262679877041316,70.0
0,5.0,0,0,3,1.0,1.0,26,Entire home/apt,4.262679877041316,70.0
0,5.0,0,0,4,1.0,1.0,26,Entire home/apt,4.875197323201151,130.0
0,5.0,0,0,4,2.0,2.0,26,Entire home/apt,4.605170185988092,99.0
0,5.0,0,0,4,2.0,2.0,27,Entire home/apt,4.605170185988092,99.0
0,5.0,0,0,4,1.0,1.0,26,Entire home/apt,3.258096538021482,25.0
0,5.0,0,0,2,1.0,1.0,27,Entire home/apt,4.605170185988092,99.0
0,5.0,0,0,2,1.0,1.0,27,Entire home/apt,4.330733340286331,75.0
0,5.0,0,0,4,1.0,2.0,26,Entire home/apt,4.653960350157523,104.0
0,5.0,0,0,6,2.0,3.0,25,Entire home/apt,5.739792912179234,310.0
0,5.0,0,0,2,1.0,1.0,26,Private room,4.343805421853684,76.0
0,5.0,0,0,5,2.5,2.0,26,Entire home/apt,4.605170185988092,99.0
0,5.0,0,0,2,1.0,0.0,26,Entire home/apt,4.499809670330265,89.0
0,5.0,0,0,5,2.0,2.0,27,Entire home/apt,4.836281906951478,125.0
0,5.0,0,0,3,1.0,2.0,26,Entire home/apt,4.454347296253507,85.0
0,5.0,0,0,2,1.0,1.0,26,Entire home/apt,3.828641396489095,45.0
0,5.0,0,0,4,1.0,1.0,26,Entire home/apt,4.442651256490317,84.0
1,5.0,0,1,6,1.5,3.0,26,Entire home/apt,4.5217885770490405,91.0
0,5.0,0,0,5,1.0,1.0,26,Entire home/apt,4.61512051684126,100.0
0,5.0,0,0,9,2.5,5.0,26,Entire home/apt,5.017279836814924,150.0
0,5.0,0,0,3,1.0,1.0,27,Entire home/apt,3.610917912644224,36.0
1,5.0,0,1,6,1.0,2.0,26,Entire home/apt,4.330733340286331,75.0
0,5.0,0,0,2,1.0,1.0,26,Shared room,3.258096538021482,25.0
0,5.0,0,0,3,1.0,1.0,22,Entire home/apt,3.784189633918261,43.0
0,5.0,0,0,1,1.0,1.0,26,Private room,5.697093486505405,297.0
0,5.0,0,0,2,1.0,1.0,28,Private room,4.499809670330265,89.0
0,5.0,0,0,2,1.0,1.0,28,Private room,4.499809670330265,89.0
0,5.0,0,0,4,1.0,2.0,26,Entire home/apt,4.836281906951478,125.0
0,5.0,0,0,2,1.0,1.0,26,Private room,3.610917912644224,36.0
0,5.0,0,0,2,1.0,1.0,26,Entire home/apt,3.688879454113936,39.0
0,5.0,0,0,2,1.0,1.0,26,Entire home/apt,3.5263605246161616,33.0
0,5.0,0,0,2,1.0,1.0,26,Private room,4.418840607796598,82.0
0,5.0,0,0,4,1.0,1.0,26,Private room,3.258096538021482,25.0
0,5.0,0,0,3,1.0,1.0,26,Entire home/apt,4.394449154672439,80.0
0,5.0,0,0,3,1.0,1.0,26,Entire home/apt,4.836281906951478,125.0
0,5.0,0,0,4,1.0,1.0,26,Entire home/apt,4.5217885770490405,91.0
0,5.0,0,0,8,3.5,3.0,26,Entire home/apt,5.424950017481403,226.0
0,5.0,0,0,7,2.0,3.0,26,Entire home/apt,5.438079308923196,229.0
0,5.0,0,0,2,1.0,1.0,26,Entire home/apt,4.07753744390572,58.0
0,5.0,0,0,4,1.0,0.0,26,Entire home/apt,4.61512051684126,100.0
0,5.0,0,0,1,1.0,0.0,27,Entire home/apt,5.017279836814924,150.0
0,5.0,0,0,2,1.0,1.0,27,Entire home/apt,4.897839799950911,133.0
0,5.0,0,0,2,1.0,1.0,26,Entire home/apt,4.382026634673881,79.0
0,5.0,0,0,16,2.0,6.0,26,Entire home/apt,5.209486152841421,182.0
0,5.0,0,0,1,1.0,1.0,26,Private room,3.58351893845611,35.0
0,5.0,0,0,4,1.0,1.0,26,Entire home/apt,4.795790545596741,120.0
0,5.0,0,0,3,1.0,1.0,26,Entire home/apt,4.158883083359672,63.0
0,5.0,0,0,2,1.0,0.0,26,Entire home/apt,3.9318256327243257,50.0
0,5.0,0,0,7,1.0,3.0,26,Entire home/apt,3.8918202981106265,48.0
0,5.0,0,0,2,1.0,0.0,26,Entire home/apt,3.9318256327243257,50.0
0,5.0,0,0,4,1.0,1.0,26,Entire home/apt,3.713572066704308,40.0
0,5.0,0,0,6,1.0,1.0,26,Entire home/apt,3.951243718581428,51.0
0,5.0,0,0,2,1.0,1.0,26,Private room,4.330733340286331,75.0
0,5.0,0,0,5,1.0,3.0,26,Entire home/apt,5.010635294096256,149.0
0,5.0,0,0,4,1.0,0.0,26,Entire home/apt,4.499809670330265,89.0
0,5.0,0,0,6,2.5,3.0,26,Entire home/apt,4.990432586778736,146.0
0,5.0,0,0,2,1.0,1.0,26,Private room,3.737669618283368,41.0
0,5.0,0,0,2,1.0,1.0,26,Private room,4.330733340286331,75.0
0,5.0,0,0,4,1.0,2.0,27,Entire home/apt,4.454347296253507,85.0
0,5.0,0,0,4,1.0,2.0,26,Entire home/apt,4.787491742782046,119.0
0,5.0,0,0,8,2.0,4.0,27,Entire home/apt,4.836281906951478,125.0
0,5.0,0,0,10,4.5,5.0,27,Entire home/apt,5.525452939131784,250.0
0,5.0,0,0,4,1.0,0.0,26,Entire home/apt,4.499809670330265,89.0
0,5.0,0,0,2,1.0,1.0,25,Entire home/apt,4.787491742782046,119.0
0,5.0,0,0,2,1.0,1.0,26,Entire home/apt,4.795790545596741,120.0
0,5.0,0,0,10,2.5,3.0,26,Entire home/apt,5.181783550292085,177.0
0,5.0,0,0,4,2.0,2.0,27,Entire home/apt,5.010635294096256,149.0
0,5.0,0,0,2,1.0,1.0,26,Entire home/apt,4.454347296253507,85.0
0,5.0,0,0,3,2.5,2.0,26,Entire home/apt,4.430816798843313,83.0
0,5.0,0,0,2,1.5,1.0,26,Private room,4.07753744390572,58.0
0,5.0,0,0,1,1.0,1.0,26,Private room,3.58351893845611,35.0
0,5.0,0,0,6,1.0,2.0,27,Entire home/apt,4.875197323201151,130.0
0,5.0,0,0,8,2.0,3.0,26,Entire home/apt,5.170483995038151,175.0
0,5.0,0,0,6,1.0,1.0,26,Entire home/apt,4.875197323201151,130.0
0,5.0,0,0,2,1.0,1.0,26,Private room,3.6635616461296463,38.0
1,5.0,0,1,3,1.0,1.0,27,Entire home/apt,4.0943445622221,59.0
0,5.0,0,0,6,1.0,3.0,26,Entire home/apt,4.343805421853684,76.0
0,5.0,0,0,2,1.5,1.0,26,Private room,3.9318256327243257,50.0
0,5.0,0,0,6,1.0,0.0,27,Entire home/apt,5.198497031265826,180.0
0,5.0,0,0,7,1.0,3.0,28,Entire home/apt,4.394449154672439,80.0
0,5.0,0,0,6,1.0,2.0,26,Entire home/apt,5.017279836814924,150.0
0,5.0,0,0,7,1.0,2.0,26,Entire home/apt,4.454347296253507,85.0
0,5.0,0,0,5,3.5,3.0,26,Entire home/apt,4.189654742026425,65.0
0,5.0,0,0,3,1.0,1.0,26,Entire home/apt,5.517452896464707,248.0
0,5.0,0,0,6,2.5,3.0,26,Entire home/apt,4.477336814478207,87.0
0,5.0,0,0,6,2.0,2.0,26,Entire home/apt,5.170483995038151,175.0
0,5.0,0,0,4,1.0,0.0,26,Entire home/apt,4.276666119016055,71.0
0,5.0,0,0,2,1.5,1.0,26,Private room,4.454347296253507,85.0
0,5.0,0,0,1,1.5,1.0,26,Private room,4.330733340286331,75.0
0,5.0,0,0,3,1.0,1.0,27,Entire home/apt,4.934473933130692,138.0
0,5.0,0,0,4,1.0,1.0,26,Entire home/apt,4.77912349311153,118.0
0,5.0,0,0,6,2.0,3.0,26,Entire home/apt,4.61512051684126,100.0
0,5.0,0,0,2,1.0,1.0,26,Entire home/apt,4.736198448394496,113.0
0,5.0,0,0,3,1.5,2.0,26,Entire home/apt,4.51085950651685,90.0
0,5.0,0,0,4,1.0,1.0,26,Entire home/apt,4.3694478524670215,78.0
0,5.0,0,0,3,1.0,1.0,26,Private room,3.555348061489413,34.0
0,5.0,0,0,2,1.0,1.0,26,Entire home/apt,4.394449154672439,80.0
0,5.0,0,0,4,2.0,2.0,29,Entire home/apt,4.867534450455582,129.0
0,5.0,0,0,2,1.0,1.0,26,Entire home/apt,5.0238805208462765,151.0
